/*
Navicat MySQL Data Transfer

Source Server         : localhost
Source Server Version : 50528
Source Host           : localhost:3306
Source Database       : ylcim

Target Server Type    : MYSQL
Target Server Version : 50528
File Encoding         : 65001

Date: 2018-04-14 08:09:43
*/

SET FOREIGN_KEY_CHECKS=0;

-- ----------------------------
-- Table structure for apply_complaint_handle
-- ----------------------------
DROP TABLE IF EXISTS `apply_complaint_handle`;
CREATE TABLE `apply_complaint_handle` (
  `ID` varchar(32) COLLATE utf8_bin NOT NULL,
  `COMPLAINT_ID` varchar(32) COLLATE utf8_bin DEFAULT NULL,
  `HANDLE_USER_ID` varchar(32) COLLATE utf8_bin DEFAULT NULL,
  `HANDLE_USER_NAME` varchar(50) COLLATE utf8_bin DEFAULT NULL,
  `HANDLE_TYPE` varchar(10) COLLATE utf8_bin DEFAULT NULL,
  `HANDLE_SAY` longtext COLLATE utf8_bin,
  `HANDLE_DATE` datetime DEFAULT NULL,
  `CREATE_DATE` datetime DEFAULT NULL,
  `UPDATE_DATE` datetime DEFAULT NULL,
  PRIMARY KEY (`ID`) USING BTREE
) ENGINE=InnoDB DEFAULT CHARSET=utf8 COLLATE=utf8_bin ROW_FORMAT=COMPACT;

-- ----------------------------
-- Records of apply_complaint_handle
-- ----------------------------
INSERT INTO `apply_complaint_handle` VALUES ('402880e962a97c3d0162a9d6bf800002', '402880e962a331fa0162a34474d90000', '402880e96286a863016286b8f65f0000', '刘金花', 'process', 0xE7ACACE4B880E6ACA1E8B083E8A7A3EFBC8CE8A2ABE68A95E8AF89E696B9E5908CE6848FE695B4E694B9EFBC8CE99990E5AE9AE59CA835E69C88E4B98BE5898DE695B4E694B9E5AE8CE68890, '2018-04-09 17:44:24', '2018-04-09 17:57:25', '2018-04-09 17:57:25');
INSERT INTO `apply_complaint_handle` VALUES ('402880e962a97c3d0162a9d756510003', '402880e962a331fa0162a34474d90000', '402880e96286a863016286b8f65f0000', '刘金花', 'process', 0xE7ACACE4BA8CE6ACA1E8B083E8A7A3EFBC8CE6B688E8B4B9E88085E68F90E587BA787878E8A681E6B182, '2018-04-09 17:44:32', '2018-04-09 17:58:04', '2018-04-09 17:58:04');
INSERT INTO `apply_complaint_handle` VALUES ('402880e962a97c3d0162a9dd68d70005', '402880e962a331fa0162a34474d90000', '402880e96286a863016286b8f65f0000', '刘金花', 'finally', 0xE5AFB9E69DA8E5878CE789B9E6ADA5E4B893E58D96E5BA97E689B9E8AF84E69599E882B2EFBC8CE5B9B6E5A484E7BD9AE9879131303030E58583E695B4EFBC8CE5908CE697B6E4B8BAE6B688E8B4B9E88085E69BB4E68DA2E59586E59381, '2018-04-09 18:44:08', '2018-04-09 18:04:42', '2018-04-09 18:04:42');
INSERT INTO `apply_complaint_handle` VALUES ('402880e962b01c2d0162b021e2830000', '402880e962afaed40162afb4dedd0000', '402880e962335ed50162336460c20000', '张小杨', 'process', 0xE7ACACE4B880E6ACA1E78EB0E59CBAE689A7E6B395E8B083E69FA5EFBC8CE59586E688B7E69C89E68980E99A90E79E92EFBC8CE689BEE588B0E59586E59CBAE8B49FE8B4A3E4BABAEFBC8CE8B49FE8B4A3E4BABAE5908CE6848FE58D8FE58AA9E8B083E69FA5, '2018-04-10 23:44:00', '2018-04-10 23:17:13', '2018-04-10 23:17:13');
INSERT INTO `apply_complaint_handle` VALUES ('402880e962b01c2d0162b022a0700001', '402880e962afaed40162afb4dedd0000', '402880e962335ed50162336460c20000', '张小杨', 'process', 0xE697B6E99A9431E5A4A9E5868DE6ACA1E58EBBE689A7E6B395E59586E688B7E68081E5BAA6E889AFE5A5BDEFBC8CE68EA5E58F97E68891E4BBACE79A84E6848FE8A781, '2018-04-10 23:44:16', '2018-04-10 23:18:02', '2018-04-10 23:18:02');
INSERT INTO `apply_complaint_handle` VALUES ('402880e962b01c2d0162b023a62a0002', '402880e962afaed40162afb4dedd0000', '402880e962335ed50162336460c20000', '张小杨', 'finally', 0xE694B6E7BCB4E68980E69C89E58187E58692E4BCAAE58AA3E59586E59381EFBC8CE5B9B6E5A484E4BBA532303030E58583E7BD9AE6ACBEEFBC8CE5908CE697B6E98080E8B594E6B688E8B4B9E88085E68D9FE5A4B1, '2018-04-10 23:49:04', '2018-04-10 23:19:09', '2018-04-10 23:19:09');
INSERT INTO `apply_complaint_handle` VALUES ('402880e962bb12cf0162bcffd5860006', '402880e962b462f30162b5b3fab00002', '402880e96286a863016286b8f65f0000', '刘金花', 'finally', 0xE8AFA5E997AEE9A298E5BDB1E5938DE4B8A5E9878DEFBC8CE5B7B2E7A7BBE4BAA4E6B395E999A2E5A484E79086, '2018-04-13 11:44:32', '2018-04-13 11:15:05', '2018-04-13 11:15:05');
INSERT INTO `apply_complaint_handle` VALUES ('402880e962bd16ba0162bd317be50001', '402880e962b462f30162b5b3fab00002', '402880e96286a863016286b8f65f0000', '刘金花', 'process', 0xE58EBBE78EB0E59CBAE8B083E7A094EFBC8CE58F91E78EB0E7A1AEE5AE9EE8848FE4B9B1E4B88DE5A0AAEFBC8CE5B7B2E9809AE79FA5E58DABE7949FE983A8E58EBBE6A380E69FA5, '2018-04-12 15:30:00', '2018-04-13 12:09:19', '2018-04-13 12:09:19');
INSERT INTO `apply_complaint_handle` VALUES ('402880f06298f5620162994fc3ae0006', '402880f06298f56201629944eaa00000', '402880e962335ed50162336460c20000', '张小杨', 'process', 0xE7ACACE4B880E6ACA1E8B083E8A7A3EFBC8CE7BB8FE99480E59586E5908CE6848F, '2018-04-06 00:00:00', '2018-04-06 12:56:01', '2018-04-06 12:56:01');
INSERT INTO `apply_complaint_handle` VALUES ('402880f06298f5620162994ff49d0007', '402880f06298f56201629944eaa00000', '402880e962335ed50162336460c20000', '张小杨', 'finally', 0xE788B1E4B88AE68891E5A49AE69292E69292, '2018-04-06 00:00:00', '2018-04-06 12:56:14', '2018-04-06 12:56:14');

-- ----------------------------
-- Table structure for apply_complaint_photo
-- ----------------------------
DROP TABLE IF EXISTS `apply_complaint_photo`;
CREATE TABLE `apply_complaint_photo` (
  `ID` varchar(32) COLLATE utf8_bin NOT NULL,
  `COMPLAINT_ID` varchar(32) COLLATE utf8_bin DEFAULT NULL,
  `IMG_PATH` longtext COLLATE utf8_bin,
  `SORT` int(11) DEFAULT NULL,
  `CREATE_DATE` datetime DEFAULT NULL,
  `UPDATE_DATE` datetime DEFAULT NULL,
  PRIMARY KEY (`ID`) USING BTREE
) ENGINE=InnoDB DEFAULT CHARSET=utf8 COLLATE=utf8_bin ROW_FORMAT=COMPACT;

-- ----------------------------
-- Records of apply_complaint_photo
-- ----------------------------
INSERT INTO `apply_complaint_photo` VALUES ('402880e962a331fa0162a34478ac0004', '402880e962a331fa0162a34474d90000', 0x3430323838306539363261333331666130313632613334343738613730303033, '1', '2018-04-08 11:19:55', '2018-04-08 11:19:55');
INSERT INTO `apply_complaint_photo` VALUES ('402880e962a331fa0162a3447ba10006', '402880e962a331fa0162a34474d90000', 0x3430323838306539363261333331666130313632613334343762613030303035, '2', '2018-04-08 11:19:56', '2018-04-08 11:19:56');
INSERT INTO `apply_complaint_photo` VALUES ('402880e962a331fa0162a3447dd30008', '402880e962a331fa0162a34474d90000', 0x3430323838306539363261333331666130313632613334343764643330303037, '3', '2018-04-08 11:19:57', '2018-04-08 11:19:57');
INSERT INTO `apply_complaint_photo` VALUES ('402880e962a331fa0162a3447fd8000a', '402880e962a331fa0162a34474d90000', 0x3430323838306539363261333331666130313632613334343766643830303039, '4', '2018-04-08 11:19:57', '2018-04-08 11:19:57');
INSERT INTO `apply_complaint_photo` VALUES ('402880e962b462f30162b5b430710006', '402880e962b462f30162b5b3fab00002', 0x3430323838306539363262343632663330313632623562343330373130303035, '1', '2018-04-12 01:15:07', '2018-04-12 01:15:07');
INSERT INTO `apply_complaint_photo` VALUES ('402880e962b462f30162b5b431060008', '402880e962b462f30162b5b3fab00002', 0x3430323838306539363262343632663330313632623562343331303630303037, '2', '2018-04-12 01:15:07', '2018-04-12 01:15:07');
INSERT INTO `apply_complaint_photo` VALUES ('402880e962b462f30162b5b431e1000a', '402880e962b462f30162b5b3fab00002', 0x3430323838306539363262343632663330313632623562343331653030303039, '3', '2018-04-12 01:15:07', '2018-04-12 01:15:07');
INSERT INTO `apply_complaint_photo` VALUES ('402880e962bd804d0162bd8195930004', '402880e962bd804d0162bd8123f00000', 0x3430323838306539363262643830346430313632626438313935386630303033, '1', '2018-04-13 13:36:34', '2018-04-13 13:36:34');
INSERT INTO `apply_complaint_photo` VALUES ('402880e962bd94e00162bd95676f0004', '402880e962bd94e00162bd9563c60000', 0x3430323838306539363262643934653030313632626439353637366230303033, '1', '2018-04-13 13:58:27', '2018-04-13 13:58:27');
INSERT INTO `apply_complaint_photo` VALUES ('402880e962bd99270162bda270010004', '402880e962bd99270162bda26cfb0000', 0x3430323838306539363262643939323730313632626461323666666430303033, '1', '2018-04-13 14:12:41', '2018-04-13 14:12:41');
INSERT INTO `apply_complaint_photo` VALUES ('402880e962bda5190162bda601900004', '402880e962bda5190162bda5fee60000', 0x3430323838306539363262646135313930313632626461363031386330303033, '1', '2018-04-13 14:16:35', '2018-04-13 14:16:35');
INSERT INTO `apply_complaint_photo` VALUES ('402880e962bda7b40162bda873b30004', '402880e962bda7b40162bda8700f0000', 0x3430323838306539363262646137623430313632626461383733623030303033, '1', '2018-04-13 14:19:15', '2018-04-13 14:19:15');
INSERT INTO `apply_complaint_photo` VALUES ('402880e962bda7b40162bda8d8d20009', '402880e962bda7b40162bda8d6c00005', 0x3430323838306539363262646137623430313632626461386438643130303038, '1', '2018-04-13 14:19:41', '2018-04-13 14:19:41');
INSERT INTO `apply_complaint_photo` VALUES ('402880e962bda7b40162bda932f6000e', '402880e962bda7b40162bda93120000a', 0x3430323838306539363262646137623430313632626461393332663630303064, '1', '2018-04-13 14:20:04', '2018-04-13 14:20:04');
INSERT INTO `apply_complaint_photo` VALUES ('402880e962be9fa00162bea15c700004', '402880e962be9fa00162bea159120000', 0x3430323838306539363262653966613030313632626561313563366430303033, '1', '2018-04-13 18:51:08', '2018-04-13 18:51:08');
INSERT INTO `apply_complaint_photo` VALUES ('402880e962be9fa00162bea2889d0009', '402880e962be9fa00162bea285cb0005', 0x3430323838306539363262653966613030313632626561323838396430303038, '1', '2018-04-13 18:52:25', '2018-04-13 18:52:25');
INSERT INTO `apply_complaint_photo` VALUES ('402880e962be9fa00162bea3560d000e', '402880e962be9fa00162bea35336000a', 0x3430323838306539363262653966613030313632626561333536306430303064, '1', '2018-04-13 18:53:17', '2018-04-13 18:53:17');
INSERT INTO `apply_complaint_photo` VALUES ('402880e962be9fa00162bea3da2b0013', '402880e962be9fa00162bea3d6a3000f', 0x3430323838306539363262653966613030313632626561336461326230303132, '1', '2018-04-13 18:53:51', '2018-04-13 18:53:51');

-- ----------------------------
-- Table structure for apply_complaint_sheet
-- ----------------------------
DROP TABLE IF EXISTS `apply_complaint_sheet`;
CREATE TABLE `apply_complaint_sheet` (
  `ID` varchar(32) COLLATE utf8_bin NOT NULL,
  `COMPLAINT_CODE` varchar(100) COLLATE utf8_bin DEFAULT NULL,
  `INFORMER_NAME` varchar(20) COLLATE utf8_bin DEFAULT NULL,
  `INFORMER_GENDER` int(11) DEFAULT NULL,
  `INFORMER_AGE` int(11) DEFAULT NULL,
  `INFORMER_ADDRESS` varchar(150) COLLATE utf8_bin DEFAULT NULL,
  `INFORMER_IPHONE` varchar(20) COLLATE utf8_bin DEFAULT NULL,
  `COMPLAINT_TYPE` varchar(10) COLLATE utf8_bin DEFAULT NULL,
  `INFORMER_WECHAT_OPENID` varchar(50) COLLATE utf8_bin DEFAULT NULL,
  `DEALER_ID` varchar(32) COLLATE utf8_bin DEFAULT NULL,
  `DEALER_NAME` varchar(100) COLLATE utf8_bin DEFAULT NULL,
  `DEALER_LINKMAN` varchar(20) COLLATE utf8_bin DEFAULT NULL,
  `DEALER_ADDRESS` varchar(150) COLLATE utf8_bin DEFAULT NULL,
  `DEALER_IPHONE` varchar(20) COLLATE utf8_bin DEFAULT NULL,
  `COMPLAINT_REASON` longtext COLLATE utf8_bin,
  `REGISTER_UNIT` varchar(50) COLLATE utf8_bin DEFAULT NULL,
  `COMPLAINT_SOURCE` varchar(15) COLLATE utf8_bin DEFAULT NULL,
  `CREATE_DATE` datetime DEFAULT NULL,
  `UPDATE_DATE` datetime DEFAULT NULL,
  `FLOW_STATUS` varchar(30) COLLATE utf8_bin DEFAULT NULL,
  `STATUS` int(11) DEFAULT NULL,
  `REPORTER_ID` varchar(32) COLLATE utf8_bin DEFAULT NULL,
  `IS_PUBLICITY` int(11) DEFAULT NULL,
  PRIMARY KEY (`ID`) USING BTREE
) ENGINE=InnoDB DEFAULT CHARSET=utf8 COLLATE=utf8_bin ROW_FORMAT=COMPACT;

-- ----------------------------
-- Records of apply_complaint_sheet
-- ----------------------------
INSERT INTO `apply_complaint_sheet` VALUES ('402880e962a331fa0162a34474d90000', '20180408001', '', '1', null, '', '18220683046', 'realname', 'o36-E1IGlYvvG3x863X1nnQSKc4E', '402880ea61d2bc6f0161d2c9703c0001', '杨凌特步特约专卖店', '特别强', '杨凌示范区人民大道88号', '029-88590122', 0xE789B9E6ADA5E4B893E58D96E5BA97E4B9B0E79A84E698A5E5ADA3E8BF90E58AA8E5A496E5A597EFBC8CE7A9BFE4BA8632E5A4A9E8A1A3E69C8DE7BABFE5A4B4E5B0B1E5BC80E4BA86EFBC8CE7BBB4E69D83E8AEA9E69BB4E68DA2E696B0E79A84E4B99FE4B88DE7BB99E68DA2EFBC8CE8AFB4E6B395E698AFE58EBBE5A496E99DA2E7BC9DE7BC9DE5B0B1E58FAFE4BBA5E4BA86EFBC8CE587A0E799BEE59D97E992B1E79A84E8A1A3E69C8D32E5A4A9E5B0B1E8BF99E6A0B7E4B99FE5A4AAE4B88DE59088E79086E4BA86E590A7E38082E9BABBE783A6E79BB8E585B3E983A8E997A8E58FAFE4BBA5E5B8AEE58AA9E68891E7BBB4E69D83, '杨凌示范区工商局', 'weChatEntry', '2018-04-08 11:19:55', '2018-04-08 11:19:55', 'confirmed', '1', null, '1');
INSERT INTO `apply_complaint_sheet` VALUES ('402880e962afaed40162afb4dedd0000', '20180410001', '无名氏', '1', '1', '一个神秘的地方&不想让人知道', '029-88590168', 'anonymou', null, '402880ea61d2bc6f0161d2c0d7aa0000', '杨凌百信商贸有限公司', '杨百万', '杨凌示范区神农路28号', '029-88102234', 0xE799BEE4BFA1E59586E8B4B8E7839FE98592E6A1A3E993BAEFBC8CE99480E594AEE58187E58692E4BCAAE59586E59381EFBC8CE585B7E4BD93E4B8BAE8A5BFE587A4E98592E7B3BBE58897E799BDE98592, '杨凌示范区工商局', 'systemEntry', '2018-04-10 21:18:09', '2018-04-10 21:18:09', 'confirmed', '1', '402880e9628ac60e01628ac79cf40000', '1');
INSERT INTO `apply_complaint_sheet` VALUES ('402880e962b462f30162b5b3fab00002', '20180413001', '', '1', null, '', '18220683046', 'realname', 'o36-E1IGlYvvG3x863X1nnQSKc4E', '402880e962b462f30162b5a5e8750001', '杨凌一诺千金餐饮管理有限公司', '卫毅', '陕西省杨凌示范区神农路西段南侧', '029-88102234', 0xE88F9CE59381E4B88DE58DABE7949FEFBC8CE59CA8E59C9FE8B186E4B89DE9878CE59083E587BAE5A4B4E58F91E4B89DEFBC8CE4B8A5E9878DE5BDB1E5938DE88383E58FA3, '杨凌示范区工商局', 'weChatEntry', '2018-04-12 01:14:53', '2018-04-12 01:14:53', 'confirmed', '1', null, '0');
INSERT INTO `apply_complaint_sheet` VALUES ('402880e962be9fa00162bea159120000', null, null, null, null, null, '18220683046', 'realname', 'o36-E1IGlYvvG3x863X1nnQSKc4E', '', '哈哈', '', '测试下', '', 0xE6B58BE8AF95E6B58BE8AF95, null, 'weChatEntry', '2018-04-13 18:51:07', '2018-04-13 18:51:07', 'submitted', '1', null, '0');
INSERT INTO `apply_complaint_sheet` VALUES ('402880e962be9fa00162bea285cb0005', null, null, null, null, null, '18220683046', 'realname', 'o36-E1IGlYvvG3x863X1nnQSKc4E', '402880e962b462f30162b5a5e8750001', '杨凌一诺千金餐饮管理有限公司', '卫毅', '陕西省杨凌示范区神农路西段南侧', '029-88102234', 0xE5868DE6ACA1E4B8BEE68AA5, null, 'weChatEntry', '2018-04-13 18:52:24', '2018-04-13 18:52:24', 'submitted', '1', null, '0');
INSERT INTO `apply_complaint_sheet` VALUES ('402880e962be9fa00162bea35336000a', null, null, null, null, null, '18220683046', 'realname', 'o36-E1IGlYvvG3x863X1nnQSKc4E', '', '举报测试', '', '陕西省西安市雁塔区', '', 0xE6B58BE8AF95E6B58BE8AF95, null, 'weChatEntry', '2018-04-13 18:53:17', '2018-04-13 18:53:17', 'confirmed', '1', null, '0');
INSERT INTO `apply_complaint_sheet` VALUES ('402880e962be9fa00162bea3d6a3000f', '', '', '1', null, '', '18220683046', 'realname', 'o36-E1IGlYvvG3x863X1nnQSKc4E', '402880e962b462f30162b5a5e8750001', '杨凌一诺千金餐饮管理有限公司', '卫毅', '陕西省杨凌示范区神农路西段南侧', '029-88102234', 0xE5868DE6B58BE8AF95E4B88B, '杨凌示范区工商局', 'weChatEntry', '2018-04-13 18:53:51', '2018-04-13 18:53:51', 'confirmed', '1', null, '0');
INSERT INTO `apply_complaint_sheet` VALUES ('402880f06298f56201629944eaa00000', '20180406001', '张十三', '1', '26', '陕西省西安市杨凌示范区xx小区', '18109112234', 'anonymou', null, '402880ea61d2bc6f0161d2c9703c0001', '杨凌特步特约专卖店', '特别强', '杨凌示范区人民大道88号', '029-88110922', 0x33E69C883235E697A5E59CA8E69DA8E5878CE7A4BAE88C83E58CBA7878E8B7AFE789B9E6ADA5E4B893E58D96E5BA97E88AB1E8B4B9333030E58583E4B9B0E4BA86E4B880E58F8CE6BB91E69DBFE99E8BEFBC8CE7A9BFE4BA8631E5A4A9E99E8BE5BA95E69C89E884B1E883B6E68385E586B5EFBC8CE58EBBE8B4ADE4B9B0E5BA97E7BBB4E69D83EFBC8CE5BA97E59198E58F8DE5A48DE8AFB4E99D9EE99E8BE5AD90E8B4A8E9878FE997AEE9A298EFBC8CE698AFE9A1BEE5AEA2E4BABAE4B8BAE980A0E68890E79A84EFBC9BE5A682E69E9CE698AFE4BABAE4B8BAE980A0E68890E79A84E8AFB7E997AEE4BE9DE68DAEE698AFE4BB80E4B988E69C89E6B2A1E69C89E989B4E5AE9AE7BB93E69E9CE58FAFE58F82E88083EFBC9F, '杨凌示范区工商局', 'systemEntry', '2018-04-06 12:44:12', '2018-04-06 12:44:12', 'confirmed', '1', '402880e9628ac60e01628ac79cf40000', '1');

-- ----------------------------
-- Table structure for apply_consumer_tips
-- ----------------------------
DROP TABLE IF EXISTS `apply_consumer_tips`;
CREATE TABLE `apply_consumer_tips` (
  `ID` varchar(32) COLLATE utf8_bin NOT NULL,
  `MONTH_TXT` varchar(100) COLLATE utf8_bin DEFAULT NULL,
  `MONTH_NUM` varchar(10) COLLATE utf8_bin DEFAULT NULL,
  `ARTICLE_ID` varchar(100) COLLATE utf8_bin DEFAULT NULL,
  `SORT` int(11) DEFAULT NULL,
  `STATUS` int(11) DEFAULT NULL,
  `REMARK` longtext COLLATE utf8_bin,
  PRIMARY KEY (`ID`) USING BTREE
) ENGINE=InnoDB DEFAULT CHARSET=utf8 COLLATE=utf8_bin ROW_FORMAT=COMPACT;

-- ----------------------------
-- Records of apply_consumer_tips
-- ----------------------------
INSERT INTO `apply_consumer_tips` VALUES ('177d4d58e1c542daa0b5d2e4addb92ec', '九月', '09', null, '9', '1', null);
INSERT INTO `apply_consumer_tips` VALUES ('3c6c84468b4b4279ac519c8758fd9f0d', '十一月', '11', null, '11', '1', null);
INSERT INTO `apply_consumer_tips` VALUES ('409669db73dc487a9f26c02c382deaa5', '二月', '02', '402880e9625dd01501625dd5701e0000', '2', '1', null);
INSERT INTO `apply_consumer_tips` VALUES ('4b2e5a6cc7f541e5900cd537b2e6dd8c', '三月', '03', null, '3', '1', null);
INSERT INTO `apply_consumer_tips` VALUES ('5431cd0b383740f4a81befb553bee12b', '十二月', '12', null, '12', '1', null);
INSERT INTO `apply_consumer_tips` VALUES ('7e3bf4861ad949bf949607fc5d93bdd3', '七月', '07', null, '7', '1', null);
INSERT INTO `apply_consumer_tips` VALUES ('8c8f993df9de4444b919bfecea9169cc', '十月', '10', null, '10', '1', null);
INSERT INTO `apply_consumer_tips` VALUES ('b444f10cf6a240a7a2c6a528c17d1c36', '五月', '05', null, '5', '1', null);
INSERT INTO `apply_consumer_tips` VALUES ('b4cf16a0f80f45a2954f61df66e06613', '八月', '08', null, '8', '1', null);
INSERT INTO `apply_consumer_tips` VALUES ('bc6d9e1f566d4c03bd127e368c228654', '一月', '01', '402880e96258e951016258ed52500000', '1', '1', null);
INSERT INTO `apply_consumer_tips` VALUES ('c97672450def435395e623b183ebd93a', '四月', '04', null, '4', '1', null);
INSERT INTO `apply_consumer_tips` VALUES ('dea459cd85ce42b68e1044233cf59503', '六月', '06', null, '6', '1', null);

-- ----------------------------
-- Table structure for apply_consumer_warning
-- ----------------------------
DROP TABLE IF EXISTS `apply_consumer_warning`;
CREATE TABLE `apply_consumer_warning` (
  `ID` varchar(32) COLLATE utf8_bin NOT NULL,
  `EW_TITLE` varchar(100) COLLATE utf8_bin DEFAULT NULL,
  `EW_DATE` datetime DEFAULT NULL,
  `EW_CONTENT` longtext COLLATE utf8_bin,
  `INDUSTRY_ID` varchar(32) COLLATE utf8_bin DEFAULT NULL,
  `EW_AUTHOR` varchar(50) COLLATE utf8_bin DEFAULT NULL,
  `STAR_SHOW_DATE` datetime DEFAULT NULL,
  `END_SHOW_DATE` datetime DEFAULT NULL,
  `CREATE_DATE` datetime DEFAULT NULL,
  `UPDATE_DATE` datetime DEFAULT NULL,
  `STATUS` int(11) DEFAULT NULL,
  `REMARK` longtext COLLATE utf8_bin,
  PRIMARY KEY (`ID`) USING BTREE
) ENGINE=InnoDB DEFAULT CHARSET=utf8 COLLATE=utf8_bin ROW_FORMAT=COMPACT;

-- ----------------------------
-- Records of apply_consumer_warning
-- ----------------------------
INSERT INTO `apply_consumer_warning` VALUES ('402880e9627611aa0162762f8c510000', '2018年第一次预警', '2018-03-30 00:00:00', 0xE887AA32303138E5B9B433E69C88E4BBA5E69DA5EFBC8CE68891E5B180E694B6E588B0E7BEA4E4BC97E4B8BEE68AA53235E6ACA1EFBC8CE4B8BEE68AA5E58685E5AEB9E4B8BAE68980E99480E594AEE8A5BFE587A4E98592E4B8BAE58187E58692E4BCAAE58AA3E4BAA7E59381E38082E7BB8FE6A0B8E69FA5EFBC8CE79BAEE5898DE5B882E59CBAE4B88AE5AD98E59CA8E983A8E58886E58187E58692E8A5BFE9A38EE58D81E4BA94E5B9B4E4BAA7E59381E38082E8AFB7E5B9BFE5A4A7E6B688E8B4B9E88085E59CA8E6B688E8B4B9E8BF87E7A88BE4B8ADE6B3A8E6848FE8BEA8E588ABE4BAA7E59381E79C9FE4BCAAEFBC8CE5A682E58F91E78EB0E58187E58692E4BCAAE58AA3E4BAA7E59381E8AFB7E58F8AE697B6E9809AE8BF87E69CACE5BEAEE4BFA1E585ACE4BC97E58FB7E8BF9BE8A18CE4B8BEE68AA5E38082, '402880ea61d7c0a40161d7c4e8d50000', '杨凌示范区工商局', '2018-04-01 00:00:00', '2018-04-30 00:00:00', '2018-03-30 17:14:10', '2018-04-01 14:22:39', '1', null);
INSERT INTO `apply_consumer_warning` VALUES ('402880e9627faa5e01627fabb0e30000', '2018年第二次预警', '2018-04-01 00:00:00', 0xE887AA32303138E5B9B434E69C88E4BBA5E69DA5EFBC8CE68891E5B180E694B6E588B0E7BEA4E4BC97E4B8BEE68AA53135E6ACA1EFBC8CE4B8BEE68AA5E58685E5AEB9E4B8BAE79BAEE5898DE69DA8E5878CE7839FE98592E5B882E59CBAE4B8ADE5AD98E59CA8E983A8E58886E58187E58692E9A699E7839FEFBC8CE4B8BBE8A681E59381E7898CE4B8BAE88A99E89389E78E8BE38081E4B8ADE58D8EE38081E58D97E4BAACE98791E999B5E58D81E4BA8CE8A1A9E38081E58D97E4BAACE99BA8E88AB1E79FB3E7AD89E38082E8AFB7E5B9BFE5A4A7E6B688E8B4B9E88085E59CA8E6B688E8B4B9E8BF87E7A88BE4B8ADE6B3A8E6848FE8BEA8E588ABE4BAA7E59381E79C9FE4BCAAEFBC8CE5A682E58F91E78EB0E58187E58692E4BCAAE58AA3E4BAA7E59381E8AFB7E58F8AE697B6E9809AE8BF87E69CACE5BEAEE4BFA1E585ACE4BC97E58FB7E8BF9BE8A18CE4B8BEE68AA5E38082, '402880ea61d7c0a40161d7c4e8d50000', '杨凌示范区工商局', '2018-04-01 00:00:00', '2018-05-31 00:00:00', '2018-04-01 13:26:21', '2018-04-01 14:22:58', '1', null);
INSERT INTO `apply_consumer_warning` VALUES ('402880e962add2320162add592f50000', '2018年零售业第一次预警', '2018-04-10 00:00:00', 0x3C7370616E3EE887AA32303138E5B9B433E69C88E4BBA5E69DA5EFBC8CE68891E5B180E694B6E588B0E7BEA4E4BC97E4B8BEE68AA53235E6ACA1EFBC8CE4B8BEE68AA5E58685E5AEB9E4B8BAE68980E99480E594AEE8A5BFE587A4E98592E4B8BAE58187E58692E4BCAAE58AA3E4BAA7E59381E38082E7BB8FE6A0B8E69FA5EFBC8CE79BAEE5898DE5B882E59CBAE4B88AE5AD98E59CA8E983A8E58886E58187E58692E8A5BFE9A38EE58D81E4BA94E5B9B4E4BAA7E59381E38082E8AFB7E5B9BFE5A4A7E6B688E8B4B9E88085E59CA8E6B688E8B4B9E8BF87E7A88BE4B8ADE6B3A8E6848FE8BEA8E588ABE4BAA7E59381E79C9FE4BCAAEFBC8CE5A682E58F91E78EB0E58187E58692E4BCAAE58AA3E4BAA7E59381E8AFB7E58F8AE697B6E9809AE8BF87E69CACE5BEAEE4BFA1E585ACE4BC97E58FB7E8BF9BE8A18CE4B8BEE68AA5E380823C2F7370616E3E, '402880ea61d7c0a40161d7c9184b0005', '杨凌示范区工商局', '2018-04-01 00:00:00', '2018-05-31 00:00:00', '2018-04-10 12:34:37', '2018-04-10 12:34:37', '1', null);

-- ----------------------------
-- Table structure for apply_dealer
-- ----------------------------
DROP TABLE IF EXISTS `apply_dealer`;
CREATE TABLE `apply_dealer` (
  `ID` varchar(32) COLLATE utf8_bin NOT NULL,
  `NAME` varchar(100) COLLATE utf8_bin DEFAULT NULL,
  `SIMPLE_NAME` varchar(150) COLLATE utf8_bin DEFAULT NULL,
  `LEGAL_PERSON` varchar(50) COLLATE utf8_bin DEFAULT NULL COMMENT '法人姓名',
  `MAIN_PROJECT` longtext COLLATE utf8_bin COMMENT '主营项目',
  `REGISTER_ADDRESS` longtext COLLATE utf8_bin,
  `DEALER_ADDRESS` longtext COLLATE utf8_bin COMMENT '营业地址',
  `LICENSE_NO` varchar(100) COLLATE utf8_bin DEFAULT NULL COMMENT '营业执照号',
  `INDUSTRY_ID` varchar(32) COLLATE utf8_bin DEFAULT NULL COMMENT '所属行业',
  `DEALER_TYPE_ID` varchar(32) COLLATE utf8_bin DEFAULT NULL COMMENT '经营类型',
  `JURISDICTION` varchar(32) COLLATE utf8_bin DEFAULT NULL,
  `QRCODE` varchar(32) COLLATE utf8_bin DEFAULT NULL,
  `CREATE_DATE` datetime DEFAULT NULL,
  `UPDATE_DATE` datetime DEFAULT NULL,
  `SORT` int(11) DEFAULT NULL,
  `STATUS` int(11) DEFAULT NULL,
  `REMARK` longtext COLLATE utf8_bin,
  `LINK_TEL` varchar(20) COLLATE utf8_bin DEFAULT NULL,
  PRIMARY KEY (`ID`) USING BTREE
) ENGINE=InnoDB DEFAULT CHARSET=utf8 COLLATE=utf8_bin ROW_FORMAT=COMPACT;

-- ----------------------------
-- Records of apply_dealer
-- ----------------------------
INSERT INTO `apply_dealer` VALUES ('402880e962b462f30162b5a5e8750001', '杨凌一诺千金餐饮管理有限公司', '一诺千金, 一诺餐饮, 杨凌一诺, 千金餐饮', '卫毅', 0xE9A490E9A5AEE7AEA1E79086E38081E9A490E9A5AEE69C8DE58AA1E38082EFBC88E4BE9DE6B395E9A1BBE7BB8FE689B9E58786E79A84E9A1B9E79BAEEFBC8CE7BB8FE79BB8E585B3E983A8E997A8E689B9E58786E5908EE696B9E58FAFE5BC80E5B195E7BB8FE890A5E6B4BBE58AA8EFBC89, 0xE99995E8A5BFE79C81E69DA8E5878CE7A4BAE88C83E58CBAE7A59EE5869CE8B7AFE8A5BFE6AEB5E58D97E4BEA7, 0xE99995E8A5BFE79C81E69DA8E5878CE7A4BAE88C83E58CBAE7A59EE5869CE8B7AFE8A5BFE6AEB5E58D97E4BEA7, '91610403338638896K', '402880ea61d7c0a40161d7c853c20004', null, '402880e96219bb64016219ccc7730009', '402880e962bf7a950162bf7c24bf0002', '2018-04-12 00:59:31', '2018-04-12 00:59:31', '3', '1', '', '029-88102234');
INSERT INTO `apply_dealer` VALUES ('402880e962c01f300162c032d4590002', '杨凌景态园林绿化工程有限公司', null, '徐猛', 0xE59BADE69E97E7BBBFE58C96E5B7A5E7A88BE38081E59BADE69E97E699AFE8A782E5B7A5E7A88BE79A84E8AEBEE8AEA1E38081E696BDE5B7A5E38081E585BBE68AA4EFBC9BE5B882E694BFE5B7A5E7A88BE38081E88A82E6B0B4E7818CE6BA89E5B7A5E7A88BE38081E4BAAEE58C96E5B7A5E7A88BE79A84E696BDE5B7A5EFBC9BE59BADE69E97E69CBAE585B7E38081E88A82E6B0B4E599A8E69D90E79A84E99480E594AEEFBC9BE59BADE69E97E7BBBFE58C96E88B97E69CA8E38081E88AB1E58D89E38081E79B86E699AFE38081E88D89E59DAAE7A78DE5AD90E79A84E59FB9E882B2E38081E7A78DE6A48DE38081E68EA8E5B9BFE5928CE99480E594AEE38082EFBC88E4BE9DE6B395E9A1BBE7BB8FE689B9E58786E79A84E9A1B9E79BAEEFBC8CE7BB8FE79BB8E585B3E983A8E997A8E689B9E58786E5908EE696B9E58FAFE5BC80E5B195E7BB8FE890A5E6B4BBE58AA8EFBC89, 0xE99995E8A5BFE79C81E69DA8E5878CE7A4BAE88C83E58CBAE7A59EE5869CE8B7AFE982B0E58D97E5B08FE58CBA3233E58FB7E6A5BC32E58D95E58583343036E5AEA4, 0xE99995E8A5BFE79C81E69DA8E5878CE7A4BAE88C83E58CBAE7A59EE5869CE8B7AFE982B0E58D97E5B08FE58CBA3233E58FB7E6A5BC32E58D95E58583343036E5AEA4, '91610403MA6TG3W110', '402880ea61d7c0a40161d7c9605a0006', null, null, null, '2018-04-14 02:09:38', '2018-04-14 02:09:38', null, '1', null, null);
INSERT INTO `apply_dealer` VALUES ('402880e962c01f300162c032d7510003', '杨凌万园综合管理有限公司', null, '党显茹', 0xE8B7AFE7898CE38081E781AFE7AEB1E38081E7898CE58CBEE38081E5AD97E5B985E38081E5A299E4BD93E38081E58DB0E588B7E59381E5B9BFE5918AE79A84E8AEBEE8AEA1E38081E588B6E4BD9CEFBC9BE7A4BCE4BBAAE5BA86E585B8EFBC9BE4BBA3E79086E887AAE588B6E5B9BFE5918AE79A84E58F91E5B883E4B89AE58AA1EFBC9BE688BFE59CB0E4BAA7E4BFA1E681AFE79A84E592A8E8AFA2E38081E69C8DE58AA13BE8AEBEE696BDE5869CE4B89AEFBC9BE7BBBCE59088E7AEA1E79086EFBC9BE5869CE69E97E7BBBCE59088E5BC80E58F91E38082EFBC88E4BE9DE6B395E9A1BBE7BB8FE689B9E58786E79A84E9A1B9E79BAEEFBC8CE7BB8FE79BB8E585B3E983A8E997A8E689B9E58786E5908EE696B9E58FAFE5BC80E5B195E7BB8FE890A5E6B4BBE58AA8EFBC89, 0xE99995E8A5BFE79C81E69DA8E5878CE7A4BAE88C83E58CBAE7A59EE5869CE8B7AFE794B0E59BADE5B185E7BBBCE59088E58A9EE585ACE6A5BC, 0xE99995E8A5BFE79C81E69DA8E5878CE7A4BAE88C83E58CBAE7A59EE5869CE8B7AFE794B0E59BADE5B185E7BBBCE59088E58A9EE585ACE6A5BC, '91610403755203113K', '402880ea61d7c0a40161d7c9605a0006', null, null, null, '2018-04-14 02:09:39', '2018-04-14 02:09:39', null, '1', null, null);
INSERT INTO `apply_dealer` VALUES ('402880ea61d2bc6f0161d2c0d7aa0000', '杨凌百信商贸有限公司', '杨凌百信, 百信商贸, 杨凌商贸', '杨百万', 0xE9A699E7839FE38081E799BDE98592E38081E7BAA2E98592E38081E595A4E98592E38081E9A5AEE69699E589AFE9A39FE59381, 0xE69DA8E5878CE7A4BAE88C83E58CBAE7A59EE5869CE8B7AF3238E58FB7, 0xE69DA8E5878CE7A4BAE88C83E58CBAE7A59EE5869CE8B7AF3238E58FB7, '4403036208652', '402880ea61d7c0a40161d7c9184b0005', '402880e861dc862b0161dca9392c0003', '402880e96219bb64016219ccc7730009', '402880e962bf7a950162bf7c201e0000', '2018-02-26 23:35:08', '2018-04-08 00:26:19', '1', '1', 0xE585ACE58FB8E68890E7AB8BE4BA8E31393435E5B9B4EFBC8CE38082E38082E38082E38082, '029-88102234');
INSERT INTO `apply_dealer` VALUES ('402880ea61d2bc6f0161d2c9703c0001', '杨凌特步特约专卖店', '杨凌特步, 特步专卖', '特别强', 0xE8BF90E58AA8E8A385E38081E79083E99E8BE38081E6A392E79083E5B8BD, 0xE69DA8E5878CE7A4BAE88C83E58CBAE4BABAE6B091E5A4A7E981933838E58FB7, 0xE69DA8E5878CE7A4BAE88C83E58CBAE4BABAE6B091E5A4A7E981933838E58FB7, '4403036208653', '402880ea61d7c0a40161d7c9184b0005', '402880e861dc862b0161dca300b10001', '402880e96219bb64016219ccc7730009', '402880e962bf7a950162bf7c22640001', '2018-02-26 23:44:32', '2018-04-08 00:27:37', '2', '1', 0xE789B9E6ADA5E585A8E59BBDE799BEE5BCBAE4B893E58D96, '029-88590122');
INSERT INTO `apply_dealer` VALUES ('402880ea61d2eecb0161d2f60def0000', '21212', null, '1212', 0x3132313232, null, 0x313231323132, null, null, null, null, null, '2018-02-27 00:33:16', '2018-02-27 00:33:16', '211', '0', 0x31313131, null);

-- ----------------------------
-- Table structure for apply_dealer_type
-- ----------------------------
DROP TABLE IF EXISTS `apply_dealer_type`;
CREATE TABLE `apply_dealer_type` (
  `ID` varchar(32) COLLATE utf8_bin NOT NULL,
  `NAME` varchar(100) COLLATE utf8_bin DEFAULT NULL,
  `TYPE_CODE` varchar(50) COLLATE utf8_bin DEFAULT NULL,
  `CREATE_DATE` datetime DEFAULT NULL,
  `UPDATE_DATE` datetime DEFAULT NULL,
  `SORT` int(11) DEFAULT NULL,
  `STATUS` int(11) DEFAULT NULL,
  `REMARK` longtext COLLATE utf8_bin,
  PRIMARY KEY (`ID`) USING BTREE
) ENGINE=InnoDB DEFAULT CHARSET=utf8 COLLATE=utf8_bin ROW_FORMAT=COMPACT;

-- ----------------------------
-- Records of apply_dealer_type
-- ----------------------------
INSERT INTO `apply_dealer_type` VALUES ('402880e861dc862b0161dca27b5d0000', '私营企业', '', '2018-02-28 21:38:11', '2018-02-28 21:38:11', '1', '1', '');
INSERT INTO `apply_dealer_type` VALUES ('402880e861dc862b0161dca300b10001', '个体经营企业', '', '2018-02-28 21:38:45', '2018-02-28 21:39:38', '2', '1', 0xE5B7A5E59586E4B8AAE4BD93E4BC81E4B89A);
INSERT INTO `apply_dealer_type` VALUES ('402880e861dc862b0161dca339240002', '国有企业', '', '2018-02-28 21:38:59', '2018-02-28 21:38:59', '3', '1', '');
INSERT INTO `apply_dealer_type` VALUES ('402880e861dc862b0161dca9392c0003', '集体企业', '', '2018-02-28 21:45:33', '2018-02-28 21:45:33', '4', '1', '');

-- ----------------------------
-- Table structure for apply_flow_example
-- ----------------------------
DROP TABLE IF EXISTS `apply_flow_example`;
CREATE TABLE `apply_flow_example` (
  `ID` varchar(32) COLLATE utf8_bin NOT NULL,
  `VERSION` int(11) NOT NULL,
  `BUSINESS_ID` varchar(32) COLLATE utf8_bin DEFAULT NULL,
  `FLOW_NODE_ID` varchar(32) COLLATE utf8_bin DEFAULT NULL,
  `FLOW_NODE_CODE` varchar(20) COLLATE utf8_bin DEFAULT NULL,
  `HANDLE_MODE` int(11) DEFAULT NULL,
  `SUBJECT_ID` varchar(32) COLLATE utf8_bin DEFAULT NULL,
  `EXAMPLE_TYPE` varchar(20) COLLATE utf8_bin DEFAULT NULL,
  `STATUS` int(11) DEFAULT NULL,
  `CREATE_DATE` datetime DEFAULT NULL,
  `UPDATE_DATE` datetime DEFAULT NULL,
  `REMARK` longtext COLLATE utf8_bin,
  PRIMARY KEY (`ID`) USING BTREE
) ENGINE=InnoDB DEFAULT CHARSET=utf8 COLLATE=utf8_bin ROW_FORMAT=COMPACT;

-- ----------------------------
-- Records of apply_flow_example
-- ----------------------------
INSERT INTO `apply_flow_example` VALUES ('402880e962a331fa0162a34475190001', '5', '402880e962a331fa0162a34474d90000', '402880e962851e0c01628532d8fa0006', 'confirmed', '0', '', 'normalAccept', '0', '2018-04-08 11:19:55', '2018-04-09 18:10:05', null);
INSERT INTO `apply_flow_example` VALUES ('402880e962afe1ea0162afea28190000', '5', '402880e962afaed40162afb4dedd0000', '402880e962851e0c01628532d8fa0006', 'confirmed', '0', '', 'normalAccept', '0', '2018-04-10 22:16:05', '2018-04-12 00:48:14', null);
INSERT INTO `apply_flow_example` VALUES ('402880e962b462f30162b5b40e220003', '11', '402880e962b462f30162b5b3fab00002', '402880e962851e0c01628532d8fa0006', 'confirmed', '0', '', 'unusualAccept', '0', '2018-04-12 01:14:58', '2018-04-13 12:15:57', null);
INSERT INTO `apply_flow_example` VALUES ('402880e962be9fa00162bea1594b0001', '0', '402880e962be9fa00162bea159120000', '402880e962851e0c0162853157eb0001', 'submitted', '1', '402880e96286fbf501628711ac1c0000', null, '1', '2018-04-13 18:51:07', '2018-04-13 18:51:07', null);
INSERT INTO `apply_flow_example` VALUES ('402880e962be9fa00162bea285cd0006', '0', '402880e962be9fa00162bea285cb0005', '402880e962851e0c0162853157eb0001', 'submitted', '1', '402880e96286fbf501628711ac1c0000', null, '1', '2018-04-13 18:52:24', '2018-04-13 18:52:24', null);
INSERT INTO `apply_flow_example` VALUES ('402880e962be9fa00162bea35339000b', '1', '402880e962be9fa00162bea35336000a', '402880e962851e0c01628532d8fa0006', 'confirmed', '0', '', null, '0', '2018-04-13 18:53:17', '2018-04-13 19:11:00', null);
INSERT INTO `apply_flow_example` VALUES ('402880e962be9fa00162bea3d6a60010', '1', '402880e962be9fa00162bea3d6a3000f', '402880e962851e0c01628532d8fa0006', 'confirmed', '0', '', null, '0', '2018-04-13 18:53:51', '2018-04-13 19:00:11', null);
INSERT INTO `apply_flow_example` VALUES ('402880f06298f5620162994967830001', '5', '402880f06298f56201629944eaa00000', '402880e962851e0c01628532d8fa0006', 'confirmed', '0', '', 'normalAccept', '0', '2018-04-06 12:49:04', '2018-04-07 00:55:40', null);

-- ----------------------------
-- Table structure for apply_flow_log
-- ----------------------------
DROP TABLE IF EXISTS `apply_flow_log`;
CREATE TABLE `apply_flow_log` (
  `ID` varchar(32) COLLATE utf8_bin NOT NULL,
  `FLOW_EXAMPLE_ID` varchar(32) COLLATE utf8_bin DEFAULT NULL,
  `FLOW_NODE_ID` varchar(32) COLLATE utf8_bin DEFAULT NULL,
  `FLOW_NODE_TEXT` varchar(50) COLLATE utf8_bin DEFAULT NULL,
  `HANDLE_USER_ID` varchar(32) COLLATE utf8_bin DEFAULT NULL,
  `HANDLE_USER_NAME` varchar(50) COLLATE utf8_bin DEFAULT NULL,
  `HANDLE_RESULT` int(11) DEFAULT NULL,
  `HANDLE_SAY` longtext COLLATE utf8_bin,
  `HANDLE_DATE` datetime DEFAULT NULL,
  `CREATE_DATE` datetime DEFAULT NULL,
  `UPDATE_DATE` datetime DEFAULT NULL,
  PRIMARY KEY (`ID`) USING BTREE
) ENGINE=InnoDB DEFAULT CHARSET=utf8 COLLATE=utf8_bin ROW_FORMAT=COMPACT;

-- ----------------------------
-- Records of apply_flow_log
-- ----------------------------
INSERT INTO `apply_flow_log` VALUES ('402880e962a331fa0162a34475220002', '402880e962a331fa0162a34475190001', '402880e962851e0c0162853157eb0001', '提交', null, '微信用户', '1', 0xE5BEAEE4BFA1E794A8E688B7E9BB98E8AEA4E68F90E4BAA4E38082, '2018-04-08 11:19:55', '2018-04-08 11:19:55', '2018-04-08 11:19:55');
INSERT INTO `apply_flow_log` VALUES ('402880e962a331fa0162a35ceb2a000b', '402880e962a331fa0162a34475190001', '402880e962851e0c01628531a5f20002', '受理', '402880e96286fbf5016287207d540008', '王五', '1', 0xE8B584E69699E5AEA1E6A0B86F6BEFBC8CE68890E58A9F3C7370616E3EE585B3E88194E8A2ABE68A95E8AF89E4BABA3C2F7370616E3E, '2018-04-08 11:46:38', '2018-04-08 11:46:38', '2018-04-08 11:46:38');
INSERT INTO `apply_flow_log` VALUES ('402880e962a97c3d0162a9d215970000', '402880e962a331fa0162a34475190001', '402880e962851e0c01628532004d0003', '审核', '402880e96286fbf50162871f51ea0006', '市场科科长', '1', '', '2018-04-09 17:52:20', '2018-04-09 17:52:20', '2018-04-09 17:52:20');
INSERT INTO `apply_flow_log` VALUES ('402880e962a97c3d0162a9d4dc490001', '402880e962a331fa0162a34475190001', '402880e962851e0c0162853253db0004', '分流', '402880e96286fbf5016287253dbf000a', '赵大伟', '1', '', '2018-04-09 17:55:22', '2018-04-09 17:55:22', '2018-04-09 17:55:22');
INSERT INTO `apply_flow_log` VALUES ('402880e962a97c3d0162a9e00a210006', '402880e962a331fa0162a34475190001', '402880e962851e0c0162853295140005', '办理', '402880e96286a863016286b8f65f0000', '刘金花', '1', 0xE5B7B2E5A484E79086EFBC8CE8AFB7E9A286E5AFBCE5AEA1E6A0B8, '2018-04-09 18:07:34', '2018-04-09 18:07:34', '2018-04-09 18:07:34');
INSERT INTO `apply_flow_log` VALUES ('402880e962a97c3d0162a9e254a90007', '402880e962a331fa0162a34475190001', '402880e962851e0c01628532d8fa0006', '确认', '402880e96286fbf50162871f51ea0006', '市场科科长', '1', '', '2018-04-09 18:10:05', '2018-04-09 18:10:05', '2018-04-09 18:10:05');
INSERT INTO `apply_flow_log` VALUES ('402880e962afe1ea0162afeab34a0001', '402880e962afe1ea0162afea28190000', '402880e962851e0c0162853157eb0001', '提交', '402880e9628ac60e01628ac79cf40000', '马老六', '1', 0xE38090E9A9ACE88081E585ADE38091E68F90E4BAA4E4BA86E5A4B1E4BFA1E4B8BEE68AA5E58D95E38082, '2018-04-10 22:16:56', '2018-04-10 22:16:56', '2018-04-10 22:16:56');
INSERT INTO `apply_flow_log` VALUES ('402880e962afe1ea0162afed30a10002', '402880e962afe1ea0162afea28190000', '402880e962851e0c01628531a5f20002', '受理', '402880e96286fbf5016287207d540008', '王五', '1', 0xE5AEA1E6A0B86F6B, '2018-04-10 22:19:40', '2018-04-10 22:19:40', '2018-04-10 22:20:46');
INSERT INTO `apply_flow_log` VALUES ('402880e962afe1ea0162aff3f2b60003', '402880e962afe1ea0162afea28190000', '402880e962851e0c01628532004d0003', '审核', '402880e96286fbf50162871f51ea0006', '市场科科长', '1', 0xE5AEA1E6A0B86F6BEFBC8CE7BBA7E7BBADE5A484E79086, '2018-04-10 22:27:02', '2018-04-10 22:27:02', '2018-04-10 22:27:48');
INSERT INTO `apply_flow_log` VALUES ('402880e962afe1ea0162aff66e910004', '402880e962afe1ea0162afea28190000', '402880e962851e0c0162853253db0004', '分流', '402880e96286fbf5016287253dbf000a', '赵大伟', '1', 0xE8AFB7E5B08FE69DA8E58A9EE79086, '2018-04-10 22:29:45', '2018-04-10 22:29:45', '2018-04-10 22:29:53');
INSERT INTO `apply_flow_log` VALUES ('402880e962b01c2d0162b02508a80003', '402880e962afe1ea0162afea28190000', '402880e962851e0c0162853295140005', '办理', '402880e962335ed50162336460c20000', '张小杨', '1', 0xE5B7B2E5A484E79086EFBC8CE8AFB7E9A286E5AFBCE5AEA1E6A0B8, '2018-04-10 23:20:39', '2018-04-10 23:20:39', '2018-04-10 23:21:46');
INSERT INTO `apply_flow_log` VALUES ('402880e962b462f30162b59b897b0000', '402880e962afe1ea0162afea28190000', '402880e962851e0c01628532d8fa0006', '确认', '402880e96286fbf50162871f51ea0006', '市场科科长', '1', 0xE5908CE6848FEFBC8CE5A484E79086E79A84E5BE88E59088E79086, '2018-04-12 00:48:12', '2018-04-12 00:48:12', '2018-04-12 00:48:15');
INSERT INTO `apply_flow_log` VALUES ('402880e962b462f30162b5b41d1f0004', '402880e962b462f30162b5b40e220003', '402880e962851e0c0162853157eb0001', '提交', null, '微信用户', '1', 0xE5BEAEE4BFA1E794A8E688B7E9BB98E8AEA4E68F90E4BAA4E38082, '2018-04-12 01:15:02', '2018-04-12 01:15:02', '2018-04-12 01:15:02');
INSERT INTO `apply_flow_log` VALUES ('402880e962bb038f0162bb042a410000', '402880e962b462f30162b5b40e220003', '402880e962851e0c01628531a5f20002', '受理', '402880e96286fbf5016287207d540008', '王五', '1', 0x3C7370616E3EE5889DE5AEA1E9809AE8BF87EFBC8CE5B7B2E585B3E88194E7BB8FE890A5E88085E4BFA1E681AF3C2F7370616E3E, '2018-04-13 02:00:27', '2018-04-13 02:00:27', '2018-04-13 02:01:32');
INSERT INTO `apply_flow_log` VALUES ('402880e962bb12cf0162bb1391a20000', '402880e962b462f30162b5b40e220003', '402880e962851e0c0162853157eb0001', '提交', '402880e96286fbf50162871f51ea0006', '市场科科长', '0', 0xE8B584E69699E5A1ABE58699E4B88DE5AE8CE695B4, '2018-04-13 02:17:15', '2018-04-13 02:17:15', '2018-04-13 02:17:59');
INSERT INTO `apply_flow_log` VALUES ('402880e962bb12cf0162bb1b130d0001', '402880e962b462f30162b5b40e220003', '402880e962851e0c01628531a5f20002', '受理', '402880e96286fbf5016287207d540008', '王五', '1', 0xE8B584E69699E5B7B2E5AE8CE59684EFBC8CE8AFB7E9A286E5AFBCE5AEA1E6A0B8, '2018-04-13 02:25:32', '2018-04-13 02:25:32', '2018-04-13 02:25:58');
INSERT INTO `apply_flow_log` VALUES ('402880e962bb12cf0162bb1d7b940002', '402880e962b462f30162b5b40e220003', '402880e962851e0c0162853157eb0001', '提交', '402880e96286fbf50162871f51ea0006', '市场科科长', '0', 0xE8BF98E698AFE6B2A1E69C89E7BC96E58FB7E4BFA1E681AF, '2018-04-13 02:28:12', '2018-04-13 02:28:12', '2018-04-13 02:28:23');
INSERT INTO `apply_flow_log` VALUES ('402880e962bb12cf0162bb23e8950003', '402880e962b462f30162b5b40e220003', '402880e962851e0c01628531a5f20002', '受理', '402880e96286fbf5016287207d540008', '王五', '1', 0xE8AFB7E9A286E5AFBCE5AEA1E6A0B8, '2018-04-13 02:35:07', '2018-04-13 02:35:07', '2018-04-13 02:35:22');
INSERT INTO `apply_flow_log` VALUES ('402880e962bb12cf0162bb248c0f0004', '402880e962b462f30162b5b40e220003', '402880e962851e0c01628532004d0003', '审核', '402880e96286fbf50162871f51ea0006', '市场科科长', '1', 0xE5AEA1E6A0B86F6B, '2018-04-13 02:35:55', '2018-04-13 02:35:55', '2018-04-13 02:36:13');
INSERT INTO `apply_flow_log` VALUES ('402880e962bb12cf0162bb2603860005', '402880e962b462f30162b5b40e220003', '402880e962851e0c0162853253db0004', '分流', '402880e96286fbf5016287253dbf000a', '赵大伟', '1', 0xE8AFB7E98791E88AB1E5A484E79086, '2018-04-13 02:37:23', '2018-04-13 02:37:23', '2018-04-13 02:38:06');
INSERT INTO `apply_flow_log` VALUES ('402880e962bd117c0162bd1215ad0000', '402880e962b462f30162b5b40e220003', '402880e962851e0c0162853295140005', '办理', '402880e96286a863016286b8f65f0000', '刘金花', '1', 0x3C7370616E3EE4BA8BE4BBB6E789B5E689AFE6AF94E8BE83E4B8A5E9878DEFBC8CE5B7B2E7A7BBE4BAA4E6B395E999A2E5A484E790863C2F7370616E3E, '2018-04-13 11:34:56', '2018-04-13 11:34:56', '2018-04-13 11:35:39');
INSERT INTO `apply_flow_log` VALUES ('402880e962bd16ba0162bd24298f0000', '402880e962b462f30162b5b40e220003', '402880e962851e0c0162853253db0004', '分流', '402880e96286fbf50162871f51ea0006', '市场科科长', '0', 0xE8AFB7E98791E88AB1E68F8FE8BFB0E4B88BE8AFA6E7BB86E8BF87E7A88B, '2018-04-13 11:54:15', '2018-04-13 11:54:15', '2018-04-13 11:55:58');
INSERT INTO `apply_flow_log` VALUES ('402880e962bd34410162bd35e2d20000', '402880e962b462f30162b5b40e220003', '402880e962851e0c0162853295140005', '办理', '402880e96286a863016286b8f65f0000', '刘金花', '1', 0xE5B7B2E5A484E79086EFBC8CE8AFB7E9A286E5AFBCE5868DE6ACA1E5AEA1E6A0B8, '2018-04-13 12:13:37', '2018-04-13 12:13:37', '2018-04-13 12:14:25');
INSERT INTO `apply_flow_log` VALUES ('402880e962bd34410162bd377a5f0001', '402880e962b462f30162b5b40e220003', '402880e962851e0c01628532d8fa0006', '确认', '402880e96286fbf50162871f51ea0006', '市场科科长', '1', 0xE7BB88E5AEA16F6B, '2018-04-13 12:15:50', '2018-04-13 12:15:50', '2018-04-13 12:15:58');
INSERT INTO `apply_flow_log` VALUES ('402880e962be9fa00162bea15a2d0002', '402880e962be9fa00162bea1594b0001', '402880e962851e0c0162853157eb0001', '提交', null, '微信用户', '1', 0xE5BEAEE4BFA1E794A8E688B7E9BB98E8AEA4E68F90E4BAA4E38082, '2018-04-13 18:51:08', '2018-04-13 18:51:08', '2018-04-13 18:51:08');
INSERT INTO `apply_flow_log` VALUES ('402880e962be9fa00162bea286b10007', '402880e962be9fa00162bea285cd0006', '402880e962851e0c0162853157eb0001', '提交', null, '微信用户', '1', 0xE5BEAEE4BFA1E794A8E688B7E9BB98E8AEA4E68F90E4BAA4E38082, '2018-04-13 18:52:25', '2018-04-13 18:52:25', '2018-04-13 18:52:25');
INSERT INTO `apply_flow_log` VALUES ('402880e962be9fa00162bea35421000c', '402880e962be9fa00162bea35339000b', '402880e962851e0c0162853157eb0001', '提交', null, '微信用户', '1', 0xE5BEAEE4BFA1E794A8E688B7E9BB98E8AEA4E68F90E4BAA4E38082, '2018-04-13 18:53:17', '2018-04-13 18:53:17', '2018-04-13 18:53:17');
INSERT INTO `apply_flow_log` VALUES ('402880e962be9fa00162bea3d78a0011', '402880e962be9fa00162bea3d6a60010', '402880e962851e0c0162853157eb0001', '提交', null, '微信用户', '1', 0xE5BEAEE4BFA1E794A8E688B7E9BB98E8AEA4E68F90E4BAA4E38082, '2018-04-13 18:53:51', '2018-04-13 18:53:51', '2018-04-13 18:53:51');
INSERT INTO `apply_flow_log` VALUES ('402880e962be9fa00162bea92daa0014', '402880e962be9fa00162bea3d6a60010', '402880e962851e0c01628532d8fa0006', '确认', '402880e96286fbf5016287207d540008', '王五', '-1', 0xE99D9EE68A95E8AF89E4B8BEE68AA5, '2018-04-13 18:59:35', '2018-04-13 18:59:35', '2018-04-13 19:00:37');
INSERT INTO `apply_flow_log` VALUES ('402880e962be9fa00162beb34a710015', '402880e962be9fa00162bea35339000b', '402880e962851e0c01628532d8fa0006', '确认', '402880e96286fbf5016287207d540008', '王五', '-1', 0x3C7370616E3EE99D9EE68A95E8AF89E4B8BEE68AA53C2F7370616E3E, '2018-04-13 19:10:38', '2018-04-13 19:10:38', '2018-04-13 19:11:07');
INSERT INTO `apply_flow_log` VALUES ('402880f06298f56201629949b0f90002', '402880f06298f5620162994967830001', '402880e962851e0c0162853157eb0001', '提交', '402880e9628ac60e01628ac79cf40000', '马老六', '1', 0xE38090E9A9ACE88081E585ADE38091E68F90E4BAA4E4BA86E5A4B1E4BFA1E4B8BEE68AA5E58D95E38082, '2018-04-06 12:49:08', '2018-04-06 12:49:08', '2018-04-06 12:49:08');
INSERT INTO `apply_flow_log` VALUES ('402880f06298f5620162994c8bad0003', '402880f06298f5620162994967830001', '402880e962851e0c01628531a5f20002', '受理', '402880e96286fbf5016287207d540008', '王五', '1', 0xE8B584E69699E5A1ABE586996F6BEFBC8CE4B88DE794A8E585B3E88194E7BB8FE890A5E88085, '2018-04-06 12:52:24', '2018-04-06 12:52:24', '2018-04-06 12:52:50');
INSERT INTO `apply_flow_log` VALUES ('402880f06298f5620162994d6cfe0004', '402880f06298f5620162994967830001', '402880e962851e0c01628532004d0003', '审核', '402880e96286fbf50162871f51ea0006', '市场科科长', '1', '', '2018-04-06 12:53:26', '2018-04-06 12:53:26', '2018-04-06 12:53:36');
INSERT INTO `apply_flow_log` VALUES ('402880f06298f5620162994e61cf0005', '402880f06298f5620162994967830001', '402880e962851e0c0162853253db0004', '分流', '402880e96286fbf5016287253dbf000a', '赵大伟', '1', 0xE5B7B2E58886E9858D, '2018-04-06 12:54:29', '2018-04-06 12:54:29', '2018-04-06 12:54:38');
INSERT INTO `apply_flow_log` VALUES ('402880f0629b7a2501629bb46a480000', '402880f06298f5620162994967830001', '402880e962851e0c0162853295140005', '办理', '402880e962335ed50162336460c20000', '张小杨', '1', 0xE5B7B2E5A484E79086EFBC8CE8AFB7E9A286E5AFBCE5AEA1E6A0B8, '2018-04-07 00:05:04', '2018-04-07 00:05:04', '2018-04-07 00:05:23');
INSERT INTO `apply_flow_log` VALUES ('402880f0629bd89f01629be2726e0000', '402880f06298f5620162994967830001', '402880e962851e0c01628532d8fa0006', '确认', '402880e96286fbf50162871f51ea0006', '市场科科长', '1', 0xE7A1AEE8AEA4E697A0E8AFAFEFBC8CE5908CE6848F, '2018-04-07 00:55:18', '2018-04-07 00:55:18', '2018-04-07 00:55:50');

-- ----------------------------
-- Table structure for apply_industry
-- ----------------------------
DROP TABLE IF EXISTS `apply_industry`;
CREATE TABLE `apply_industry` (
  `ID` varchar(32) COLLATE utf8_bin NOT NULL,
  `NAME` varchar(100) COLLATE utf8_bin DEFAULT NULL,
  `CODE` varchar(30) COLLATE utf8_bin DEFAULT NULL,
  `WARNING_THRESHOLD` int(11) DEFAULT NULL,
  `CREATE_DATE` datetime DEFAULT NULL,
  `UPDATE_DATE` datetime DEFAULT NULL,
  `SORT` int(11) DEFAULT NULL,
  `STATUS` int(11) DEFAULT NULL,
  `REMARK` longtext COLLATE utf8_bin,
  PRIMARY KEY (`ID`) USING BTREE
) ENGINE=InnoDB DEFAULT CHARSET=utf8 COLLATE=utf8_bin ROW_FORMAT=COMPACT;

-- ----------------------------
-- Records of apply_industry
-- ----------------------------
INSERT INTO `apply_industry` VALUES ('402880ea61d7c0a40161d7c4e8d50000', '食品制造业', null, '3', '2018-02-27 22:57:41', '2018-02-27 22:57:41', '1', '1', 0xE7B395E782B9E38081E7B396E69E9CE588B6E980A0E4B89AE38081E4B9B3E588B6E59381E588B6E980A0E4B89AE38081E7BD90E5A4B4E9A39FE59381E588B6E980A0E4B89AE38081E58F91E985B5E588B6E59381E4B89AE38081E8B083E591B3E59381E588B6E980A0E4B89AE58F8AE585B6E4BB96E9A39FE59381E588B6E980A0E4B89AEFBC88E8B186E588B6E59381E38081E4BBA3E4B9B3E59381E38081E588B6E586B0E4B89AE38081E6B780E7B289E7B396E4B89AE38081E586B7E586BBE992A6E59381E7AD89EFBC89E38082);
INSERT INTO `apply_industry` VALUES ('402880ea61d7c0a40161d7c548ea0001', '烟草加工业', null, '5', '2018-02-27 22:58:06', '2018-02-27 22:58:06', '2', '1', 0xE7839FE58FB6E5A48DE783A4E4B89AE38081E58DB7E7839FE588B6E980A0E4B89AE58F8AE585B6E4BB96E7839FE88D89E58AA0E5B7A5E4B89AE38082);
INSERT INTO `apply_industry` VALUES ('402880ea61d7c0a40161d7c5de490002', '纺织业', null, null, '2018-02-27 22:58:44', '2018-02-27 22:58:44', '3', '1', 0xE7BAA4E7BBB4E58E9FE69699E5889DE6ADA5E58AA0E5B7A5E4B89AE38081E6A389E7BABAE7BB87E4B89AE38081E6AF9BE7BABAE7BB87E4B89AE38081E9BABBE7BABAE7BB87E4B89AE38081E4B89DE7BBA2E7BABAE7BB87E4B89AE38081E99288E7BB87E59381E4B89AE58F8AE585B6E4BB96E7BABAE7BB87E4B89AE38082);
INSERT INTO `apply_industry` VALUES ('402880ea61d7c0a40161d7c73d6b0003', '医药制造业', null, null, '2018-02-27 23:00:14', '2018-02-27 23:00:14', '4', '1', 0xE58C96E5ADA6E88DAFE59381E58E9FE88DAFE588B6E980A0E4B89AE38081E58C96E5ADA6E88DAFE59381E588B6E58982E588B6E980A0E4B89AE38081E4B8ADE88DAFE69D90E58F8AE4B8ADE68890E88DAFE58AA0E5B7A5E4B89AE38081E58AA8E789A9E88DAFE59381E588B6E980A0E4B89AE38082);
INSERT INTO `apply_industry` VALUES ('402880ea61d7c0a40161d7c853c20004', '餐饮业', null, null, '2018-02-27 23:01:25', '2018-02-27 23:01:25', '5', '1', 0xE58C85E68BACE4B893E997A8E4BB8EE4BA8BE9A5ADE9A686E38081E88F9CE9A686E38081E9A5ADE993BAE38081E586B7E9A5AEE9A686E38081E98592E9A686E38081E9A686E7AD89E79A84E8A18CE4B89AEFBC8CE4B99FE58C85E68BACE585B6E4BB96E983A8E997A8E68980E5B19EE79A84E5AFB9E5A496E890A5E4B89AE79A84E9A39FE5A082E38082);
INSERT INTO `apply_industry` VALUES ('402880ea61d7c0a40161d7c9184b0005', '零售业', null, null, '2018-02-27 23:02:15', '2018-02-27 23:02:15', '6', '1', 0xE9A39FE59381E38081E9A5AEE69699E5928CE7839FE88D89E99BB6E594AEE4B89AE38081E697A5E794A8E799BEE8B4A7E99BB6E594AEE4B89AE38081E7BABAE7BB87E59381E38081E69C8DE8A385E5928CE99E8BE5B8BDE99BB6E594AEE4B89AE38081E697A5E794A8E69D82E59381E99BB6E594AEE4B89AE38081E4BA94E98791E38081E4BAA4E794B5E38081E58C96E5B7A5E99BB6E594AEE4B89AE38081E88DAFE59381E58F8AE58CBBE79697E599A8E6A2B0E99BB6E594AEE4B89AE38081E59BBEE4B9A6E68AA5E5888AE99BB6E594AEE4B89AE58F8AE585B6E4BB96E99BB6E594AEE4B89AE38082);
INSERT INTO `apply_industry` VALUES ('402880ea61d7c0a40161d7c9605a0006', '其他行业', null, null, '2018-02-27 23:02:34', '2018-02-27 23:02:51', '7', '1', 0xE4BC81E4B89AE7AEA1E79086E69CBAE69E84E58F8AE585B6E4BB96E7B1BBE69CAAE58C85E68BACE79A84E8A18CE4B89AE38082);
INSERT INTO `apply_industry` VALUES ('402880ea61d7c0a40161d7ca57010007', '工程设计业', null, null, '2018-02-27 23:03:37', '2018-02-27 23:03:37', '8', '0', 0xE58C85E68BACE59084E8A18CE4B89AE79A84E5B7A5E7A88BE8AEBEE8AEA1E6B4BBE58AA8E38082);

-- ----------------------------
-- Table structure for apply_work_flow
-- ----------------------------
DROP TABLE IF EXISTS `apply_work_flow`;
CREATE TABLE `apply_work_flow` (
  `ID` varchar(32) COLLATE utf8_bin NOT NULL,
  `FLOW_NODE_CODE` varchar(20) COLLATE utf8_bin DEFAULT NULL,
  `FLOW_NODE_TEXT` varchar(50) COLLATE utf8_bin DEFAULT NULL,
  `HANDLE_MODE` int(11) DEFAULT NULL,
  `HANDLE_SUBJECT` varchar(50) COLLATE utf8_bin DEFAULT NULL,
  `SUBJECT_ID` varchar(32) COLLATE utf8_bin DEFAULT NULL,
  `CREATE_DATE` datetime DEFAULT NULL,
  `UPDATE_DATE` datetime DEFAULT NULL,
  `SORT` int(11) DEFAULT NULL,
  `STATUS` int(11) DEFAULT NULL,
  `REMARK` longtext COLLATE utf8_bin,
  PRIMARY KEY (`ID`) USING BTREE
) ENGINE=InnoDB DEFAULT CHARSET=utf8 COLLATE=utf8_bin ROW_FORMAT=COMPACT;

-- ----------------------------
-- Records of apply_work_flow
-- ----------------------------
INSERT INTO `apply_work_flow` VALUES ('402880e962851e0c0162852ce3f90000', 'draft', '起草', '0', '', '', '2018-04-02 15:05:34', '2018-04-02 15:05:34', '-1', '0', 0xE8B5B7E88D89E88A82E782B9E79A84E5B7A5E4BD9CE6B581E58FAFE4BBA5E4BFAEE694B9E4B89AE58AA1E695B0E68DAE);
INSERT INTO `apply_work_flow` VALUES ('402880e962851e0c0162853157eb0001', 'submitted', '提交', '1', '【角色】举报受理', '402880e96286fbf501628711ac1c0000', '2018-04-02 15:10:26', '2018-04-03 17:28:12', '1', '1', 0xE68F90E4BAA4E5908EE4B89AE58AA1E695B0E68DAEE4B88DE58FAFE4BFAEE694B92CE68F90E4BAA4E5908EE58DB3E99C80E8A681E58F97E79086);
INSERT INTO `apply_work_flow` VALUES ('402880e962851e0c01628531a5f20002', 'accepted', '受理', '1', '【角色】科长', '402880e96286fbf5016287156cd10001', '2018-04-02 15:10:46', '2018-04-03 17:28:20', '2', '1', '');
INSERT INTO `apply_work_flow` VALUES ('402880e962851e0c01628532004d0003', 'audited', '审核', '1', '【角色】分流专员', '402880e96286fbf501628717e5060002', '2018-04-02 15:11:09', '2018-04-03 00:06:02', '3', '1', '');
INSERT INTO `apply_work_flow` VALUES ('402880e962851e0c0162853253db0004', 'shunted', '分流', '1', '【角色】业务办理', '402880e96286fbf50162871907410003', '2018-04-02 15:11:30', '2018-04-08 01:09:11', '4', '1', 0xE58886E6B581E5AE8CE68890E5908EE794B1EFBC8CE58886E6B581E4B893E59198E68C87E6B4BEE8A792E889B2E4B8BAE4B89AE58AA1E58A9EE79086E79A84E794A8E688B7E58EBBE58A9EE79086);
INSERT INTO `apply_work_flow` VALUES ('402880e962851e0c0162853295140005', 'alreadyHandled', '办理', '1', '【角色】科长', '402880e96286fbf5016287156cd10001', '2018-04-02 15:11:47', '2018-04-03 00:06:56', '5', '1', '');
INSERT INTO `apply_work_flow` VALUES ('402880e962851e0c01628532d8fa0006', 'confirmed', '确认', '0', '', '', '2018-04-02 15:12:04', '2018-04-02 15:12:04', '6', '1', '');

-- ----------------------------
-- Table structure for cms_article
-- ----------------------------
DROP TABLE IF EXISTS `cms_article`;
CREATE TABLE `cms_article` (
  `ID` varchar(32) COLLATE utf8_bin NOT NULL,
  `NAME` varchar(100) COLLATE utf8_bin DEFAULT NULL,
  `COLUMN_ID` varchar(32) COLLATE utf8_bin DEFAULT NULL,
  `ARTICLE_FROM` varchar(50) COLLATE utf8_bin DEFAULT NULL,
  `ARTICLE_TYPE` varchar(20) COLLATE utf8_bin DEFAULT NULL,
  `AUTHOR` varchar(20) COLLATE utf8_bin DEFAULT NULL,
  `AUTHOR_ID` varchar(32) COLLATE utf8_bin DEFAULT NULL,
  `DELIVERY_DATE` datetime DEFAULT NULL,
  `SUMMARY` longtext COLLATE utf8_bin,
  `CONTENT` longtext COLLATE utf8_bin,
  `CREATE_DATE` datetime DEFAULT NULL,
  `UPDATE_DATE` datetime DEFAULT NULL,
  PRIMARY KEY (`ID`) USING BTREE
) ENGINE=InnoDB DEFAULT CHARSET=utf8 COLLATE=utf8_bin ROW_FORMAT=COMPACT;

-- ----------------------------
-- Records of cms_article
-- ----------------------------
INSERT INTO `cms_article` VALUES ('402880e9624e3bd301624e4e556a0000', '移动端自适应框架介绍', '402880e9624c96be01624ca627820006', '网络', '原创', '超级管理员', 'U01', '2018-03-22 00:00:00', 0x666C657869626C65E68F92E4BBB6E4B8BAE998BFE9878CE5B7B4E5B7B4E887AAE98082E5BA94E7A7BBE58AA8E7ABAFEFBC8CE6A0B9E68DAEE58886E8BEA8E78E87E694B9E58F9868746D6C2F626F6479E88A82E782B9E79A84666F6E742D73697A65E5B19EE680A7, 0x3C7020636C6173733D224D736F4E6F726D616C22207374796C653D226D617267696E2D6C6566743A3070743B746578742D696E64656E743A3070743B223E0D0A093C7370616E207374796C653D22666F6E742D66616D696C793AE5AE8BE4BD933B6C696E652D6865696768743A313530253B636F6C6F723A233030383038303B666F6E742D73697A653A31302E3030303070743B223E266C743B3C2F7370616E3E3C7370616E207374796C653D22666F6E742D66616D696C793AE5AE8BE4BD933B6C696E652D6865696768743A313530253B636F6C6F723A233346374637463B666F6E742D73697A653A31302E3030303070743B223E6D6574613C2F7370616E3E3C7370616E207374796C653D22666F6E742D66616D696C793AE5AE8BE4BD933B6C696E652D6865696768743A313530253B666F6E742D73697A653A31302E3030303070743B223E266E6273703B3C2F7370616E3E3C7370616E207374796C653D22666F6E742D66616D696C793AE5AE8BE4BD933B6C696E652D6865696768743A313530253B636F6C6F723A233746303037463B666F6E742D73697A653A31302E3030303070743B223E687474702D65717569763C2F7370616E3E3C7370616E207374796C653D22666F6E742D66616D696C793AE5AE8BE4BD933B6C696E652D6865696768743A313530253B666F6E742D73697A653A313070743B223E3D3C2F7370616E3E3C693E3C7370616E207374796C653D22666F6E742D66616D696C793AE5AE8BE4BD933B6C696E652D6865696768743A313530253B636F6C6F723A233241303046463B666F6E742D73697A653A313070743B223E22582D55412D436F6D70617469626C65223C2F7370616E3E3C2F693E3C7370616E207374796C653D22666F6E742D66616D696C793AE5AE8BE4BD933B6C696E652D6865696768743A313530253B666F6E742D73697A653A31302E3030303070743B223E266E6273703B3C2F7370616E3E3C7370616E207374796C653D22666F6E742D66616D696C793AE5AE8BE4BD933B6C696E652D6865696768743A313530253B636F6C6F723A233746303037463B666F6E742D73697A653A31302E3030303070743B223E636F6E74656E743C2F7370616E3E3C7370616E207374796C653D22666F6E742D66616D696C793AE5AE8BE4BD933B6C696E652D6865696768743A313530253B666F6E742D73697A653A313070743B223E3D3C2F7370616E3E3C693E3C7370616E207374796C653D22666F6E742D66616D696C793AE5AE8BE4BD933B6C696E652D6865696768743A313530253B636F6C6F723A233241303046463B666F6E742D73697A653A313070743B223E2249453D65646765223C2F7370616E3E3C2F693E3C7370616E207374796C653D22666F6E742D66616D696C793AE5AE8BE4BD933B6C696E652D6865696768743A313530253B636F6C6F723A233030383038303B666F6E742D73697A653A31302E3030303070743B223E2667743B3C2F7370616E3E3C7370616E207374796C653D22666F6E742D66616D696C793AE5AE8BE4BD933B6C696E652D6865696768743A313530253B666F6E742D73697A653A31302E3030303070743B223E3C2F7370616E3E200D0A3C2F703E0D0A3C7020636C6173733D224D736F4E6F726D616C22207374796C653D226D617267696E2D6C6566743A3070743B746578742D696E64656E743A3070743B223E0D0A093C7370616E207374796C653D22666F6E742D66616D696C793AE5AE8BE4BD933B6C696E652D6865696768743A313530253B636F6C6F723A233030383038303B666F6E742D73697A653A31302E3030303070743B223E266C743B3C2F7370616E3E3C7370616E207374796C653D22666F6E742D66616D696C793AE5AE8BE4BD933B6C696E652D6865696768743A313530253B636F6C6F723A233346374637463B666F6E742D73697A653A31302E3030303070743B223E6D6574613C2F7370616E3E3C7370616E207374796C653D22666F6E742D66616D696C793AE5AE8BE4BD933B6C696E652D6865696768743A313530253B666F6E742D73697A653A31302E3030303070743B223E266E6273703B3C2F7370616E3E3C7370616E207374796C653D22666F6E742D66616D696C793AE5AE8BE4BD933B6C696E652D6865696768743A313530253B636F6C6F723A233746303037463B666F6E742D73697A653A31302E3030303070743B223E6E616D653C2F7370616E3E3C7370616E207374796C653D22666F6E742D66616D696C793AE5AE8BE4BD933B6C696E652D6865696768743A313530253B666F6E742D73697A653A313070743B223E3D3C2F7370616E3E3C693E3C7370616E207374796C653D22666F6E742D66616D696C793AE5AE8BE4BD933B6C696E652D6865696768743A313530253B636F6C6F723A233241303046463B666F6E742D73697A653A313070743B223E2276696577706F7274223C2F7370616E3E3C2F693E3C693E3C7370616E207374796C653D22666F6E742D66616D696C793AE5AE8BE4BD933B6C696E652D6865696768743A313530253B636F6C6F723A233241303046463B666F6E742D73697A653A313070743B223E266E6273703B3C2F7370616E3E3C2F693E3C7370616E207374796C653D22666F6E742D66616D696C793AE5AE8BE4BD933B6C696E652D6865696768743A313530253B636F6C6F723A233746303037463B666F6E742D73697A653A31302E3030303070743B223E636F6E74656E743C2F7370616E3E3C7370616E207374796C653D22666F6E742D66616D696C793AE5AE8BE4BD933B6C696E652D6865696768743A313530253B666F6E742D73697A653A313070743B223E3D3C2F7370616E3E3C693E3C7370616E207374796C653D22666F6E742D66616D696C793AE5AE8BE4BD933B6C696E652D6865696768743A313530253B636F6C6F723A233241303046463B666F6E742D73697A653A313070743B223E2277696474683D6465766963652D77696474682C696E697469616C2D7363616C653D312C20757365722D7363616C61626C653D6E6F2C206D6178696D756D2D7363616C653D312C206D696E696D756D2D7363616C653D31223C2F7370616E3E3C2F693E3C7370616E207374796C653D22666F6E742D66616D696C793AE5AE8BE4BD933B6C696E652D6865696768743A313530253B636F6C6F723A233030383038303B666F6E742D73697A653A31302E3030303070743B223E2667743B3C2F7370616E3E3C7370616E207374796C653D22666F6E742D66616D696C793AE5AE8BE4BD933B6C696E652D6865696768743A313530253B666F6E742D73697A653A31302E3030303070743B223E3C2F7370616E3E200D0A3C2F703E0D0A3C7020636C6173733D224D736F4E6F726D616C22207374796C653D226D617267696E2D6C6566743A302E3030303070743B746578742D696E64656E743A302E3030303070743B223E0D0A093C7370616E207374796C653D22666F6E742D66616D696C793AE5AE8BE4BD933B666F6E742D73697A653A31302E3530303070743B223E3C2F7370616E3E200D0A3C2F703E0D0A3C7020636C6173733D224D736F4E6F726D616C22207374796C653D226D617267696E2D6C6566743A302E3030303070743B746578742D696E64656E743A302E3030303070743B223E0D0A093C7370616E207374796C653D22666F6E742D66616D696C793AE5AE8BE4BD933B666F6E742D73697A653A31302E3530303070743B223E313C7370616E3EE380813C2F7370616E3E3C2F7370616E3E3C7370616E207374796C653D22666F6E742D66616D696C793AE5AE8BE4BD933B6C696E652D6865696768743A313530253B666F6E742D73697A653A313170743B223E666C657869626C653C2F7370616E3E3C7370616E207374796C653D22666F6E742D66616D696C793AE5AE8BE4BD933B6C696E652D6865696768743A313530253B666F6E742D73697A653A313170743B223E3C7370616E3EE68F92E4BBB6E4B8BAE998BFE9878CE5B7B4E5B7B4E887AAE98082E5BA94E7A7BBE58AA8E7ABAFEFBC8CE6A0B9E68DAEE58886E8BEA8E78E87E694B9E58F983C2F7370616E3E68746D6C2F626F64793C7370616E3EE88A82E782B9E79A843C2F7370616E3E3C7370616E3E666F6E742D73697A653C2F7370616E3E3C7370616E3EE5B19EE680A7EFBC8CE58E9FE59E8BE4B8BA3C2F7370616E3E3C7370616E3E6950686F6E65363C2F7370616E3E3C2F7370616E3E3C7370616E207374796C653D22666F6E742D66616D696C793AE5AE8BE4BD933B666F6E742D73697A653A31302E3570743B223E3C2F7370616E3E200D0A3C2F703E0D0A3C7020636C6173733D224D736F4E6F726D616C22207374796C653D226D617267696E2D6C6566743A302E3030303070743B746578742D696E64656E743A302E3030303070743B223E0D0A093C7370616E207374796C653D22666F6E742D66616D696C793AE5AE8BE4BD933B6C696E652D6865696768743A313530253B636F6C6F723A234646303030303B666F6E742D73697A653A313170743B223E2A203172656D203D2033372E3570783B20266E6273703B3C7370616E3EE6ADA3E5B8B8E8AEBEE8AEA1E7A8BFE79A84E5AE9EE99985E5B0BAE5AFB8203C2F7370616E3E3C7370616E3E2F2033372E35203C2F7370616E3E3C7370616E3EE5BE97E588B0E79BB8E5AFB9E79BB8E5AFB9E79A84203C2F7370616E3E3C7370616E3E72656D3C2F7370616E3E3C7370616E3EE5A4A7E5B08F3C2F7370616E3E3C2F7370616E3E3C7370616E207374796C653D22666F6E742D66616D696C793AE5AE8BE4BD933B6C696E652D6865696768743A313530253B636F6C6F723A234646303030303B666F6E742D73697A653A313170743B223E3C2F7370616E3E200D0A3C2F703E0D0A3C7020636C6173733D224D736F4E6F726D616C22207374796C653D226D617267696E2D6C6566743A302E3030303070743B746578742D696E64656E743A32312E3030303070743B223E0D0A093C7370616E207374796C653D22666F6E742D66616D696C793AE5AE8BE4BD933B6C696E652D6865696768743A313530253B636F6C6F723A234646303030303B666F6E742D73697A653A313170743B223E45673A20313570783C7370616E3EE8AEBEE8AEA1E7A8BFEFBC8CE59CA8E4BBA3E7A081E4B8ADE5B0B1E698AF3C2F7370616E3E3C7370616E3E302E3472656D3B3C2F7370616E3E3C2F7370616E3E3C7370616E207374796C653D22666F6E742D66616D696C793AE5AE8BE4BD933B6C696E652D6865696768743A313530253B636F6C6F723A234646303030303B666F6E742D73697A653A313170743B223E3C2F7370616E3E200D0A3C2F703E0D0A3C7020636C6173733D224D736F4E6F726D616C22207374796C653D226D617267696E2D6C6566743A302E3030303070743B746578742D696E64656E743A302E3030303070743B223E0D0A093C7370616E207374796C653D22666F6E742D66616D696C793AE5AE8BE4BD933B6C696E652D6865696768743A313530253B636F6C6F723A233030383038303B666F6E742D73697A653A313170743B223E266C743B3C2F7370616E3E3C7370616E207374796C653D22666F6E742D66616D696C793AE5AE8BE4BD933B6C696E652D6865696768743A313530253B636F6C6F723A233346374637463B666F6E742D73697A653A31312E3030303070743B6261636B67726F756E643A234330433043303B223E7363726970743C2F7370616E3E3C7370616E207374796C653D22666F6E742D66616D696C793AE5AE8BE4BD933B6C696E652D6865696768743A313530253B666F6E742D73697A653A313170743B223E266E6273703B3C2F7370616E3E3C7370616E207374796C653D22666F6E742D66616D696C793AE5AE8BE4BD933B6C696E652D6865696768743A313530253B636F6C6F723A233746303037463B666F6E742D73697A653A313170743B223E7372633C2F7370616E3E3C7370616E207374796C653D22666F6E742D66616D696C793AE5AE8BE4BD933B6C696E652D6865696768743A313530253B666F6E742D73697A653A313170743B223E3D3C2F7370616E3E3C693E3C7370616E207374796C653D22666F6E742D66616D696C793AE5AE8BE4BD933B6C696E652D6865696768743A313530253B636F6C6F723A233241303046463B666F6E742D73697A653A313170743B223E223C2F7370616E3E3C2F693E3C693E3C7370616E207374796C653D22666F6E742D66616D696C793AE5AE8BE4BD933B6C696E652D6865696768743A313530253B636F6C6F723A233241303046463B666F6E742D73697A653A313170743B223E2E3C2F7370616E3E3C2F693E3C693E3C7370616E207374796C653D22666F6E742D66616D696C793AE5AE8BE4BD933B6C696E652D6865696768743A313530253B636F6C6F723A233241303046463B666F6E742D73697A653A313170743B223E2F666C657869626C652F322E302F696E6465782E6A73223C2F7370616E3E3C2F693E3C7370616E207374796C653D22666F6E742D66616D696C793AE5AE8BE4BD933B6C696E652D6865696768743A313530253B636F6C6F723A233030383038303B666F6E742D73697A653A313170743B223E2667743B266C743B2F3C2F7370616E3E3C7370616E207374796C653D22666F6E742D66616D696C793AE5AE8BE4BD933B6C696E652D6865696768743A313530253B636F6C6F723A233346374637463B666F6E742D73697A653A31312E3030303070743B6261636B67726F756E643A234330433043303B223E7363726970743C2F7370616E3E3C7370616E207374796C653D22666F6E742D66616D696C793AE5AE8BE4BD933B6C696E652D6865696768743A313530253B636F6C6F723A233030383038303B666F6E742D73697A653A313170743B223E2667743B3C2F7370616E3E3C7370616E207374796C653D22666F6E742D66616D696C793AE5AE8BE4BD933B6C696E652D6865696768743A313530253B636F6C6F723A233030383038303B666F6E742D73697A653A313170743B223E3C2F7370616E3E200D0A3C2F703E0D0A3C7020636C6173733D224D736F4E6F726D616C22207374796C653D226D617267696E2D6C6566743A302E3030303070743B746578742D696E64656E743A302E3030303070743B223E0D0A093C7370616E207374796C653D22666F6E742D66616D696C793AE5AE8BE4BD933B6C696E652D6865696768743A313530253B666F6E742D73697A653A313170743B223E3C7370616E3EE5AE98E696B9E59CB0E59D80EFBC9A3C2F7370616E3E3C2F7370616E3E3C7370616E207374796C653D22666F6E742D66616D696C793AE5AE8BE4BD933B6C696E652D6865696768743A313530253B636F6C6F723A233030383038303B666F6E742D73697A653A313170743B223E266E6273703B3C2F7370616E3E3C6120687265663D2268747470733A2F2F6769746875622E636F6D2F616D66652F6C69622D666C657869626C65223E3C753E3C7370616E20636C6173733D22313522207374796C653D22666F6E742D66616D696C793AE5AE8BE4BD933B6C696E652D6865696768743A313530253B636F6C6F723A233030303046463B666F6E742D73697A653A313170743B223E68747470733A2F2F6769746875622E636F6D2F616D66652F6C69622D666C657869626C653C2F7370616E3E3C2F753E3C2F613E3C7370616E207374796C653D22666F6E742D66616D696C793AE5AE8BE4BD933B6C696E652D6865696768743A313530253B636F6C6F723A233030383038303B666F6E742D73697A653A313170743B223E3C2F7370616E3E200D0A3C2F703E0D0A3C7020636C6173733D224D736F4E6F726D616C22207374796C653D226D617267696E2D6C6566743A302E3030303070743B746578742D696E64656E743A302E3030303070743B223E0D0A093C7370616E207374796C653D22666F6E742D66616D696C793AE5AE8BE4BD933B6C696E652D6865696768743A313530253B666F6E742D73697A653A313170743B223E323C7370616E3EE380813C2F7370616E3E3C2F7370616E3E3C7370616E207374796C653D22666F6E742D66616D696C793AE5AE8BE4BD933B6C696E652D6865696768743A313530253B666F6E742D73697A653A313170743B223E66617374636C69636B3C2F7370616E3E3C7370616E207374796C653D22666F6E742D66616D696C793AE5AE8BE4BD933B6C696E652D6865696768743A313530253B666F6E742D73697A653A313170743B223E266E6273703B3C7370616E3EE68F92E4BBB6E8A7A3E586B33C2F7370616E3E636C69636B3C7370616E3EE4BA8BE4BBB6E59CA8E7A7BBE58AA8E7ABAFE6B58FE8A788E599A8E4B8ADE79A843C2F7370616E3E3C7370616E3E3330306D733C2F7370616E3E3C7370616E3EE5BBB6E8BF9F3C2F7370616E3E3C2F7370616E3E3C7370616E207374796C653D22666F6E742D66616D696C793AE5AE8BE4BD933B6C696E652D6865696768743A313530253B666F6E742D73697A653A313170743B223E3C2F7370616E3E200D0A3C2F703E0D0A3C7020636C6173733D224D736F4E6F726D616C22207374796C653D226D617267696E2D6C6566743A302E3030303070743B746578742D696E64656E743A302E3030303070743B223E0D0A093C7370616E207374796C653D22666F6E742D66616D696C793AE5AE8BE4BD933B6C696E652D6865696768743A313530253B636F6C6F723A233030383038303B666F6E742D73697A653A313170743B223E266C743B3C2F7370616E3E3C7370616E207374796C653D22666F6E742D66616D696C793AE5AE8BE4BD933B6C696E652D6865696768743A313530253B636F6C6F723A233346374637463B666F6E742D73697A653A31312E3030303070743B6261636B67726F756E643A234330433043303B223E7363726970743C2F7370616E3E3C7370616E207374796C653D22666F6E742D66616D696C793AE5AE8BE4BD933B6C696E652D6865696768743A313530253B666F6E742D73697A653A313170743B223E266E6273703B3C2F7370616E3E3C7370616E207374796C653D22666F6E742D66616D696C793AE5AE8BE4BD933B6C696E652D6865696768743A313530253B636F6C6F723A233746303037463B666F6E742D73697A653A313170743B223E7372633C2F7370616E3E3C7370616E207374796C653D22666F6E742D66616D696C793AE5AE8BE4BD933B6C696E652D6865696768743A313530253B666F6E742D73697A653A313170743B223E3D3C2F7370616E3E3C693E3C7370616E207374796C653D22666F6E742D66616D696C793AE5AE8BE4BD933B6C696E652D6865696768743A313530253B636F6C6F723A233241303046463B666F6E742D73697A653A313170743B223E222E2F66617374636C69636B2F66617374636C69636B2E6A73223C2F7370616E3E3C2F693E3C7370616E207374796C653D22666F6E742D66616D696C793AE5AE8BE4BD933B6C696E652D6865696768743A313530253B636F6C6F723A233030383038303B666F6E742D73697A653A313170743B223E2667743B266C743B2F3C2F7370616E3E3C7370616E207374796C653D22666F6E742D66616D696C793AE5AE8BE4BD933B6C696E652D6865696768743A313530253B636F6C6F723A233346374637463B666F6E742D73697A653A31312E3030303070743B6261636B67726F756E643A234330433043303B223E7363726970743C2F7370616E3E3C7370616E207374796C653D22666F6E742D66616D696C793AE5AE8BE4BD933B6C696E652D6865696768743A313530253B636F6C6F723A233030383038303B666F6E742D73697A653A313170743B223E2667743B3C2F7370616E3E3C7370616E207374796C653D22666F6E742D66616D696C793AE5AE8BE4BD933B6C696E652D6865696768743A313530253B636F6C6F723A233030383038303B666F6E742D73697A653A313170743B223E3C2F7370616E3E200D0A3C2F703E0D0A3C7020636C6173733D224D736F4E6F726D616C22207374796C653D226D617267696E2D6C6566743A3070743B746578742D696E64656E743A3070743B223E0D0A093C7370616E207374796C653D22666F6E742D66616D696C793AE5AE8BE4BD933B6C696E652D6865696768743A313530253B666F6E742D73697A653A313170743B223E24283C2F7370616E3E3C623E3C7370616E207374796C653D22666F6E742D66616D696C793AE5AE8BE4BD933B6C696E652D6865696768743A313530253B636F6C6F723A233746303035353B666F6E742D73697A653A313170743B223E66756E6374696F6E3C2F7370616E3E3C2F623E3C7370616E207374796C653D22666F6E742D66616D696C793AE5AE8BE4BD933B6C696E652D6865696768743A313530253B666F6E742D73697A653A313170743B223E28297B3C2F7370616E3E3C7370616E207374796C653D22666F6E742D66616D696C793AE5AE8BE4BD933B6C696E652D6865696768743A313530253B666F6E742D73697A653A31312E3030303070743B223E3C2F7370616E3E200D0A3C2F703E0D0A3C7020636C6173733D224D736F4E6F726D616C22207374796C653D226D617267696E2D6C6566743A3070743B746578742D696E64656E743A3070743B223E0D0A093C7370616E207374796C653D22666F6E742D66616D696C793AE5AE8BE4BD933B6C696E652D6865696768743A313530253B636F6C6F723A233346374635463B666F6E742D73697A653A31312E3030303070743B223E2F2F203C2F7370616E3E3C753E3C7370616E207374796C653D22666F6E742D66616D696C793AE5AE8BE4BD933B6C696E652D6865696768743A313530253B636F6C6F723A233346374635463B666F6E742D73697A653A313170743B223E66617374636C69636B3C2F7370616E3E3C2F753E3C7370616E207374796C653D22666F6E742D66616D696C793AE5AE8BE4BD933B6C696E652D6865696768743A313530253B636F6C6F723A233346374635463B666F6E742D73697A653A31312E3030303070743B223E266E6273703B3C7370616E3EE8A7A3E586B3E7A7BBE58AA8E7ABAF3C2F7370616E3E636C69636B3C7370616E3EE4BA8BE4BBB63C2F7370616E3E3C7370616E3E3330306D733C2F7370616E3E3C7370616E3EE5BBB6E8BF9F3C2F7370616E3E3C2F7370616E3E3C7370616E207374796C653D22666F6E742D66616D696C793AE5AE8BE4BD933B6C696E652D6865696768743A313530253B666F6E742D73697A653A31312E3030303070743B223E3C2F7370616E3E200D0A3C2F703E0D0A3C7020636C6173733D224D736F4E6F726D616C22207374796C653D226D617267696E2D6C6566743A3070743B746578742D696E64656E743A3070743B223E0D0A093C7370616E207374796C653D22666F6E742D66616D696C793AE5AE8BE4BD933B6C696E652D6865696768743A313530253B666F6E742D73697A653A313170743B223E203C2F7370616E3E3C7370616E207374796C653D22666F6E742D66616D696C793AE5AE8BE4BD933B6C696E652D6865696768743A313530253B666F6E742D73697A653A313170743B223E46617374436C69636B2E61747461636828646F63756D656E742E626F6479293B3C2F7370616E3E3C7370616E207374796C653D22666F6E742D66616D696C793AE5AE8BE4BD933B6C696E652D6865696768743A313530253B666F6E742D73697A653A31312E3030303070743B223E3C2F7370616E3E200D0A3C2F703E0D0A3C7020636C6173733D224D736F4E6F726D616C22207374796C653D226D617267696E2D6C6566743A302E3030303070743B746578742D696E64656E743A302E3030303070743B223E0D0A093C7370616E207374796C653D22666F6E742D66616D696C793AE5AE8BE4BD933B6C696E652D6865696768743A313530253B666F6E742D73697A653A313170743B223E7D293B3C2F7370616E3E3C7370616E207374796C653D22666F6E742D66616D696C793AE5AE8BE4BD933B6C696E652D6865696768743A313530253B666F6E742D73697A653A313170743B223E3C2F7370616E3E200D0A3C2F703E0D0A3C7020636C6173733D224D736F4E6F726D616C22207374796C653D226D617267696E2D6C6566743A302E3030303070743B746578742D696E64656E743A302E3030303070743B223E0D0A093C7370616E207374796C653D22666F6E742D66616D696C793AE5AE8BE4BD933B6C696E652D6865696768743A313530253B666F6E742D73697A653A313170743B223E3C7370616E3EE5AE98E696B9E59CB0E59D80EFBC9A3C2F7370616E3E3C2F7370616E3E3C753E3C7370616E20636C6173733D22313522207374796C653D22666F6E742D66616D696C793AE5AE8BE4BD933B6C696E652D6865696768743A313530253B636F6C6F723A233030303046463B666F6E742D73697A653A313170743B223E687474703A2F2F616D617A6575692E6F72672F6A6176617363726970742F66617374636C69636B3C2F7370616E3E3C2F753E3C7370616E207374796C653D22666F6E742D66616D696C793AE5AE8BE4BD933B6C696E652D6865696768743A313530253B666F6E742D73697A653A313170743B223E3C2F7370616E3E200D0A3C2F703E0D0A3C7020636C6173733D224D736F4E6F726D616C22207374796C653D226D617267696E2D6C6566743A302E3030303070743B746578742D696E64656E743A302E3030303070743B223E0D0A093C753E3C7370616E20636C6173733D22313522207374796C653D22666F6E742D66616D696C793AE5AE8BE4BD933B6C696E652D6865696768743A313530253B636F6C6F723A233030303046463B666F6E742D73697A653A313170743B223E3C696D67207372633D2268747470733A2F2F677373302E62647374617469632E636F6D2F35625657736A5F705F74565335644B6670555F595F44332F7265732F722F696D6167652F323031372D30392D32372F32393766356564623165393834363133303833613264336363306335626233362E706E672220616C743D2222202F3E3C696D67207372633D222F796C63696D2F7765636861742F617474616368416374696F6E2173686F77496D6167653F6F626A6563743D34303238383065393632353735653663303136323537383036656361303030322220616C743D22222077696474683D2232383022206865696768743D2232383022207469746C653D222220616C69676E3D2222202F3E3C6272202F3E0D0A3C2F7370616E3E3C2F753E200D0A3C2F703E0D0A3C7020636C6173733D224D736F4E6F726D616C22207374796C653D226D617267696E2D6C6566743A302E3030303070743B746578742D696E64656E743A302E3030303070743B223E0D0A093C6272202F3E0D0A3C2F703E0D0A3C7020636C6173733D224D736F4E6F726D616C22207374796C653D226D617267696E2D6C6566743A302E3030303070743B746578742D696E64656E743A302E3030303070743B223E0D0A093C6272202F3E0D0A3C2F703E0D0A3C7020636C6173733D224D736F4E6F726D616C22207374796C653D226D617267696E2D6C6566743A302E3030303070743B746578742D696E64656E743A302E3030303070743B223E0D0A093C6272202F3E0D0A3C2F703E, '2018-03-22 23:22:15', '2018-03-25 14:10:46');
INSERT INTO `cms_article` VALUES ('402880e9624e3bd301624e7d05cc0001', '消费信息公示平台技术要求', '402880e9624c96be01624ca627820006', '杨凌公众号', '原创', '超级管理员', 'U01', '2018-03-23 00:00:00', 0xE4BE9DE68DAEE68B9BE6A087E696B9E8A681E6B182E8AEBEE8AEA1E7A094E58F91E4B880E5A597E7BB8FE890A5E5928CE4BFA1E681AFE585ACE7A4BAE5B9B3E58FB0EFBC8CE6BBA1E8B6B3E7BB8FE890A5E5A4B1E4BFA1E8A18CE4B8BAE59CA8E7BABFE4B8BEE68AA5E38081E5A4B1E4BFA1E8A18CE4B8BAE5AEA1E6A0B8E6B581E7A88BE7AEA1E79086E38081E5A4B1E4BFA1E8A18CE4B8BAE5A484E7BD9AE8BF87E7A88BE7AEA1E79086EFBC8CE5A4B1E4BFA1E8A18CE4B8BAE7BB9FE8AEA1E58886E69E90E38081E5A4B1E4BFA1E8A18CE4B8BAE7B2BEE58786E69FA5E8AFA2E38081E6B688E8B4B9E8ADA6E7A4BAE9A38EE999A9E695B0E68DAEE68C96E68DAEEFBC8CE8ADA6E7A4BAE4BFA1E681AFE7B2BEE58786E68A95E694BEE38081E4BFA1E681AFE7B2BEE58786E5BD92E99B86E38081E68A95E8AF89E783ADE782B9E695B0E68DAEE68C96E68E98E38081E5BC82E58AA8E6B688E8B4B9E7B2BEE58786E9A284E8ADA6E79A84E79BAEE6A087E38082, 0x3C68323E0D0A093C623E3C7370616E207374796C653D22666F6E742D66616D696C793AE696B9E6ADA3E4BBBFE5AE8B5F47424B3B666F6E742D73697A653A313470743B223E322E31E6B688E8B4B9E4BFA1E681AFE585ACE7A4BAE5B9B3E58FB0E68A80E69CAFE8A681E6B1823C2F7370616E3E3C2F623E3C623E3C7370616E207374796C653D22666F6E742D66616D696C793AE696B9E6ADA3E4BBBFE5AE8B5F47424B3B666F6E742D73697A653A313470743B6261636B67726F756E643A234646464630303B223E3C2F7370616E3E3C2F623E200D0A3C2F68323E0D0A3C7020636C6173733D224D736F4E6F726D616C22207374796C653D22746578742D696E64656E743A32342E3030303070743B223E0D0A093C7370616E207374796C653D22666F6E742D66616D696C793AE696B9E6ADA3E4BBBFE5AE8B5F47424B3B666F6E742D73697A653A313470743B223E3C7370616E3EEFBC883C2F7370616E3E3C7370616E3E31EFBC89E4BE9DE68DAEE68B9BE6A087E696B9E8A681E6B182E8AEBEE8AEA1E7A094E58F91E4B880E5A597E7BB8FE890A5E5928CE4BFA1E681AFE585ACE7A4BAE5B9B3E58FB0EFBC8CE6BBA1E8B6B3E7BB8FE890A5E5A4B1E4BFA1E8A18CE4B8BAE59CA8E7BABFE4B8BEE68AA5E38081E5A4B1E4BFA1E8A18CE4B8BAE5AEA1E6A0B8E6B581E7A88BE7AEA1E79086E38081E5A4B1E4BFA1E8A18CE4B8BAE5A484E7BD9AE8BF87E7A88BE7AEA1E79086EFBC8CE5A4B1E4BFA1E8A18CE4B8BAE7BB9FE8AEA1E58886E69E90E38081E5A4B1E4BFA1E8A18CE4B8BAE7B2BEE58786E69FA5E8AFA2E38081E6B688E8B4B9E8ADA6E7A4BAE9A38EE999A9E695B0E68DAEE68C96E68DAEEFBC8CE8ADA6E7A4BAE4BFA1E681AFE7B2BEE58786E68A95E694BEE38081E4BFA1E681AFE7B2BEE58786E5BD92E99B86E38081E68A95E8AF89E783ADE782B9E695B0E68DAEE68C96E68E98E38081E5BC82E58AA8E6B688E8B4B9E7B2BEE58786E9A284E8ADA6E79A84E79BAEE6A087E38082E5908CE697B6E9809AE8BF87E9A1B9E79BAEE7B3BBE7BB9FE79A84E5BBBAE7AB8BE5AE9EE78EB0E5AFB9E5BC80E5B195E5B882E59CBAE79B91E7AEA1E5B7A5E4BD9CE8BF9BE8A18CE5889BE696B0E680A7E68EA2E7B4A2EFBC8CE5A29EE58AA0E5B7A5E59586E8A18CE694BFE4B8BBE7AEA1E983A8E997A8E8BF9BE8A18CE5B882E59CBAE79B91E7AEA1E79A84E6898BE6AEB5EFBC8CE5AFB9E8A784E88C83E7BB8FE890A5E88085E8A18CE4B8BAE8B5B7E588B0E4BF83E8BF9BE4BD9CE794A8EFBC8CE5BBBAE7AB8BE69CACE59CB0E5A4B1E4BFA1E8A18CE4B8BAE695B0E68DAEE5BA93EFBC8CE4B8BAE9A286E5AFBCE586B3E7AD96E68F90E4BE9BE695B0E68DAEE694AFE69291E79A84E7AEA1E79086E79BAEE6A087E380823C2F7370616E3E3C2F7370616E3E3C7370616E207374796C653D22666F6E742D66616D696C793AE696B9E6ADA3E4BBBFE5AE8B5F47424B3B666F6E742D73697A653A313470743B223E3C2F7370616E3E200D0A3C2F703E0D0A3C7020636C6173733D224D736F4E6F726D616C22207374796C653D22746578742D696E64656E743A32342E3030303070743B223E0D0A093C7370616E207374796C653D22666F6E742D66616D696C793AE696B9E6ADA3E4BBBFE5AE8B5F47424B3B666F6E742D73697A653A313470743B223E3C7370616E3EEFBC883C2F7370616E3E3C7370616E3E32EFBC89E68A80E69CAFE680BBE4BD93E8A681E6B1823C2F7370616E3E3C2F7370616E3E3C7370616E207374796C653D22666F6E742D66616D696C793AE696B9E6ADA3E4BBBFE5AE8B5F47424B3B666F6E742D73697A653A313470743B223E3C2F7370616E3E200D0A3C2F703E0D0A3C7020636C6173733D224D736F4E6F726D616C22207374796C653D22746578742D696E64656E743A32342E3030303070743B223E0D0A093C7370616E207374796C653D22666F6E742D66616D696C793AE696B9E6ADA3E4BBBFE5AE8B5F47424B3B666F6E742D73697A653A313470743B223E3C7370616E3EE7B3BBE7BB9FE5908EE58FB03C2F7370616E3E3C2F7370616E3E3C7370616E207374796C653D22666F6E742D66616D696C793AE696B9E6ADA3E4BBBFE5AE8B5F47424B3B666F6E742D73697A653A313470743B223E3C2F7370616E3E200D0A3C2F703E0D0A3C7461626C6520636C6173733D224D736F4E6F726D616C5461626C652220616C69676E3D2263656E74657222207374796C653D22626F726465722D636F6C6C617073653A636F6C6C617073653B77696474683A3432372E3935303070743B223E0D0A093C74626F64793E0D0A09093C74723E0D0A0909093C74642077696474683D223633222076616C69676E3D22746F7022207374796C653D22626F726465723A312E30303030707420736F6C69642077696E646F77746578743B223E0D0A090909093C7020636C6173733D224D736F4E6F726D616C223E0D0A09090909093C7370616E207374796C653D22666F6E742D66616D696C793AE696B9E6ADA3E4BBBFE5AE8B5F47424B3B666F6E742D73697A653A313470743B223EE5BA8FE58FB73C2F7370616E3E3C7370616E207374796C653D22666F6E742D66616D696C793AE696B9E6ADA3E4BBBFE5AE8B5F47424B3B666F6E742D73697A653A31342E3030303070743B223E3C2F7370616E3E200D0A090909093C2F703E0D0A0909093C2F74643E0D0A0909093C74642077696474683D22313531222076616C69676E3D22746F7022207374796C653D22626F726465723A312E30303030707420736F6C69642077696E646F77746578743B223E0D0A090909093C7020636C6173733D224D736F4E6F726D616C223E0D0A09090909093C7370616E207374796C653D22666F6E742D66616D696C793AE696B9E6ADA3E4BBBFE5AE8B5F47424B3B666F6E742D73697A653A313470743B223EE9A1B9E79BAE3C2F7370616E3E3C7370616E207374796C653D22666F6E742D66616D696C793AE696B9E6ADA3E4BBBFE5AE8B5F47424B3B666F6E742D73697A653A31342E3030303070743B223E3C2F7370616E3E200D0A090909093C2F703E0D0A0909093C2F74643E0D0A0909093C74642077696474683D22313133222076616C69676E3D22746F7022207374796C653D22626F726465723A312E30303030707420736F6C69642077696E646F77746578743B223E0D0A090909093C7020636C6173733D224D736F4E6F726D616C223E0D0A09090909093C7370616E207374796C653D22666F6E742D66616D696C793AE696B9E6ADA3E4BBBFE5AE8B5F47424B3B666F6E742D73697A653A313470743B223EE58685E5AEB93C2F7370616E3E3C7370616E207374796C653D22666F6E742D66616D696C793AE696B9E6ADA3E4BBBFE5AE8B5F47424B3B666F6E742D73697A653A31342E3030303070743B223E3C2F7370616E3E200D0A090909093C2F703E0D0A0909093C2F74643E0D0A0909093C74642077696474683D22323432222076616C69676E3D22746F7022207374796C653D22626F726465723A312E30303030707420736F6C69642077696E646F77746578743B223E0D0A090909093C7020636C6173733D224D736F4E6F726D616C223E0D0A09090909093C7370616E207374796C653D22666F6E742D66616D696C793AE696B9E6ADA3E4BBBFE5AE8B5F47424B3B666F6E742D73697A653A313470743B223EE5A487E6B3A83C2F7370616E3E3C7370616E207374796C653D22666F6E742D66616D696C793AE696B9E6ADA3E4BBBFE5AE8B5F47424B3B666F6E742D73697A653A31342E3030303070743B223E3C2F7370616E3E200D0A090909093C2F703E0D0A0909093C2F74643E0D0A09093C2F74723E0D0A09093C74723E0D0A0909093C74642077696474683D223633222076616C69676E3D22746F7022207374796C653D22626F726465723A312E30303030707420736F6C69642077696E646F77746578743B223E0D0A090909093C7020636C6173733D224D736F4E6F726D616C223E0D0A09090909093C7370616E207374796C653D22666F6E742D66616D696C793AE696B9E6ADA3E4BBBFE5AE8B5F47424B3B666F6E742D73697A653A313470743B223E313C2F7370616E3E3C7370616E207374796C653D22666F6E742D66616D696C793AE696B9E6ADA3E4BBBFE5AE8B5F47424B3B666F6E742D73697A653A31342E3030303070743B223E3C2F7370616E3E200D0A090909093C2F703E0D0A0909093C2F74643E0D0A0909093C74642077696474683D22313531222076616C69676E3D22746F7022207374796C653D22626F726465723A312E30303030707420736F6C69642077696E646F77746578743B223E0D0A090909093C7020636C6173733D224D736F4E6F726D616C223E0D0A09090909093C7370616E207374796C653D22666F6E742D66616D696C793AE696B9E6ADA3E4BBBFE5AE8B5F47424B3B666F6E742D73697A653A313470743B223EE7B3BBE7BB9FE69EB6E69E843C2F7370616E3E3C7370616E207374796C653D22666F6E742D66616D696C793AE696B9E6ADA3E4BBBFE5AE8B5F47424B3B666F6E742D73697A653A31342E3030303070743B223E3C2F7370616E3E200D0A090909093C2F703E0D0A0909093C2F74643E0D0A0909093C74642077696474683D22313133222076616C69676E3D22746F7022207374796C653D22626F726465723A312E30303030707420736F6C69642077696E646F77746578743B223E0D0A090909093C7020636C6173733D224D736F4E6F726D616C223E0D0A09090909093C7370616E207374796C653D22666F6E742D66616D696C793AE696B9E6ADA3E4BBBFE5AE8B5F47424B3B666F6E742D73697A653A313470743B223E422F533C2F7370616E3E3C7370616E207374796C653D22666F6E742D66616D696C793AE696B9E6ADA3E4BBBFE5AE8B5F47424B3B666F6E742D73697A653A31342E3030303070743B223E3C2F7370616E3E200D0A090909093C2F703E0D0A0909093C2F74643E0D0A0909093C74642077696474683D22323432222076616C69676E3D22746F7022207374796C653D22626F726465723A312E30303030707420736F6C69642077696E646F77746578743B223E0D0A090909093C7020636C6173733D224D736F4E6F726D616C223E0D0A09090909093C7370616E207374796C653D22666F6E742D66616D696C793AE696B9E6ADA3E4BBBFE5AE8B5F47424B3B666F6E742D73697A653A313470743B223EE8AFA5E69EB6E69E84E585B7E69C89E7BBB4E68AA4E696B9E4BEBFE38081E8BF90E8A18CE68890E69CACE4BD8EE7AD89E4BC98E782B9EFBC8CE5908CE697B6E4B88DE99C80E8A681E5AEA2E688B7E7ABAFE5AE89E8A385E4BBBBE4BD95E7A88BE5BA8FE58DB3E58FAFE9809AE8BF87E6B58FE8A788E599A8E8BF9BE8A18CE8AEBFE997AEE380823C2F7370616E3E3C7370616E207374796C653D22666F6E742D66616D696C793AE696B9E6ADA3E4BBBFE5AE8B5F47424B3B666F6E742D73697A653A31342E3030303070743B223E3C2F7370616E3E200D0A090909093C2F703E0D0A0909093C2F74643E0D0A09093C2F74723E0D0A09093C74723E0D0A0909093C74642077696474683D223633222076616C69676E3D22746F7022207374796C653D22626F726465723A312E30303030707420736F6C69642077696E646F77746578743B223E0D0A090909093C7020636C6173733D224D736F4E6F726D616C223E0D0A09090909093C7370616E207374796C653D22666F6E742D66616D696C793AE696B9E6ADA3E4BBBFE5AE8B5F47424B3B666F6E742D73697A653A313470743B223E323C2F7370616E3E3C7370616E207374796C653D22666F6E742D66616D696C793AE696B9E6ADA3E4BBBFE5AE8B5F47424B3B666F6E742D73697A653A31342E3030303070743B223E3C2F7370616E3E200D0A090909093C2F703E0D0A0909093C2F74643E0D0A0909093C74642077696474683D22313531222076616C69676E3D22746F7022207374796C653D22626F726465723A312E30303030707420736F6C69642077696E646F77746578743B223E0D0A090909093C7020636C6173733D224D736F4E6F726D616C223E0D0A09090909093C7370616E207374796C653D22666F6E742D66616D696C793AE696B9E6ADA3E4BBBFE5AE8B5F47424B3B666F6E742D73697A653A313470743B223EE5BC80E58F91E8AFADE8A8803C2F7370616E3E3C7370616E207374796C653D22666F6E742D66616D696C793AE696B9E6ADA3E4BBBFE5AE8B5F47424B3B666F6E742D73697A653A31342E3030303070743B223E3C2F7370616E3E200D0A090909093C2F703E0D0A0909093C2F74643E0D0A0909093C74642077696474683D22313133222076616C69676E3D22746F7022207374796C653D22626F726465723A312E30303030707420736F6C69642077696E646F77746578743B223E0D0A090909093C7020636C6173733D224D736F4E6F726D616C223E0D0A09090909093C7370616E207374796C653D22666F6E742D66616D696C793AE696B9E6ADA3E4BBBFE5AE8B5F47424B3B666F6E742D73697A653A313470743B223E4A4156413C2F7370616E3E3C7370616E207374796C653D22666F6E742D66616D696C793AE696B9E6ADA3E4BBBFE5AE8B5F47424B3B666F6E742D73697A653A31342E3030303070743B223E3C2F7370616E3E200D0A090909093C2F703E0D0A0909093C2F74643E0D0A0909093C74642077696474683D22323432222076616C69676E3D22746F7022207374796C653D22626F726465723A312E30303030707420736F6C69642077696E646F77746578743B223E0D0A090909093C7020636C6173733D224D736F4E6F726D616C223E0D0A09090909093C7370616E207374796C653D22666F6E742D66616D696C793AE696B9E6ADA3E4BBBFE5AE8B5F47424B3B666F6E742D73697A653A31342E3030303070743B223E3C2F7370616E3E200D0A090909093C2F703E0D0A0909093C2F74643E0D0A09093C2F74723E0D0A09093C74723E0D0A0909093C74642077696474683D223633222076616C69676E3D22746F7022207374796C653D22626F726465723A312E30303030707420736F6C69642077696E646F77746578743B223E0D0A090909093C7020636C6173733D224D736F4E6F726D616C223E0D0A09090909093C7370616E207374796C653D22666F6E742D66616D696C793AE696B9E6ADA3E4BBBFE5AE8B5F47424B3B666F6E742D73697A653A313470743B223E333C2F7370616E3E3C7370616E207374796C653D22666F6E742D66616D696C793AE696B9E6ADA3E4BBBFE5AE8B5F47424B3B666F6E742D73697A653A31342E3030303070743B223E3C2F7370616E3E200D0A090909093C2F703E0D0A0909093C2F74643E0D0A0909093C74642077696474683D22313531222076616C69676E3D22746F7022207374796C653D22626F726465723A312E30303030707420736F6C69642077696E646F77746578743B223E0D0A090909093C7020636C6173733D224D736F4E6F726D616C223E0D0A09090909093C7370616E207374796C653D22666F6E742D66616D696C793AE696B9E6ADA3E4BBBFE5AE8B5F47424B3B666F6E742D73697A653A313470743B223EE69C8DE58AA1E599A8E7ABAFE6938DE4BD9CE7B3BBE7BB9F3C2F7370616E3E3C7370616E207374796C653D22666F6E742D66616D696C793AE696B9E6ADA3E4BBBFE5AE8B5F47424B3B666F6E742D73697A653A31342E3030303070743B223E3C2F7370616E3E200D0A090909093C2F703E0D0A0909093C2F74643E0D0A0909093C74642077696474683D22313133222076616C69676E3D22746F7022207374796C653D22626F726465723A312E30303030707420736F6C69642077696E646F77746578743B223E0D0A090909093C7020636C6173733D224D736F4E6F726D616C223E0D0A09090909093C7370616E207374796C653D22666F6E742D66616D696C793AE696B9E6ADA3E4BBBFE5AE8B5F47424B3B666F6E742D73697A653A313470743B223E57696E646F773C2F7370616E3E3C7370616E207374796C653D22666F6E742D66616D696C793AE696B9E6ADA3E4BBBFE5AE8B5F47424B3B666F6E742D73697A653A313470743B223E323030382F6C696E757820352E353C2F7370616E3E3C7370616E207374796C653D22666F6E742D66616D696C793AE696B9E6ADA3E4BBBFE5AE8B5F47424B3B666F6E742D73697A653A31342E3030303070743B223E3C2F7370616E3E200D0A090909093C2F703E0D0A0909093C2F74643E0D0A0909093C74642077696474683D22323432222076616C69676E3D22746F7022207374796C653D22626F726465723A312E30303030707420736F6C69642077696E646F77746578743B223E0D0A090909093C7020636C6173733D224D736F4E6F726D616C223E0D0A09090909093C7370616E207374796C653D22666F6E742D66616D696C793AE696B9E6ADA3E4BBBFE5AE8B5F47424B3B666F6E742D73697A653A31342E3030303070743B223E3C2F7370616E3E200D0A090909093C2F703E0D0A0909093C2F74643E0D0A09093C2F74723E0D0A09093C74723E0D0A0909093C74642077696474683D223633222076616C69676E3D22746F7022207374796C653D22626F726465723A312E30303030707420736F6C69642077696E646F77746578743B223E0D0A090909093C7020636C6173733D224D736F4E6F726D616C223E0D0A09090909093C7370616E207374796C653D22666F6E742D66616D696C793AE696B9E6ADA3E4BBBFE5AE8B5F47424B3B666F6E742D73697A653A313470743B223E343C2F7370616E3E3C7370616E207374796C653D22666F6E742D66616D696C793AE696B9E6ADA3E4BBBFE5AE8B5F47424B3B666F6E742D73697A653A31342E3030303070743B223E3C2F7370616E3E200D0A090909093C2F703E0D0A0909093C2F74643E0D0A0909093C74642077696474683D22313531222076616C69676E3D22746F7022207374796C653D22626F726465723A312E30303030707420736F6C69642077696E646F77746578743B223E0D0A090909093C7020636C6173733D224D736F4E6F726D616C223E0D0A09090909093C7370616E207374796C653D22666F6E742D66616D696C793AE696B9E6ADA3E4BBBFE5AE8B5F47424B3B666F6E742D73697A653A313470743B223EE5AEA2E688B7E7ABAFE6938DE4BD9CE7B3BBE7BB9F3C2F7370616E3E3C7370616E207374796C653D22666F6E742D66616D696C793AE696B9E6ADA3E4BBBFE5AE8B5F47424B3B666F6E742D73697A653A31342E3030303070743B223E3C2F7370616E3E200D0A090909093C2F703E0D0A0909093C2F74643E0D0A0909093C74642077696474683D22313133222076616C69676E3D22746F7022207374796C653D22626F726465723A312E30303030707420736F6C69642077696E646F77746578743B223E0D0A090909093C7020636C6173733D224D736F4E6F726D616C223E0D0A09090909093C7370616E207374796C653D22666F6E742D66616D696C793AE696B9E6ADA3E4BBBFE5AE8B5F47424B3B666F6E742D73697A653A313470743B223E57696E646F773C2F7370616E3E3C7370616E207374796C653D22666F6E742D66616D696C793AE696B9E6ADA3E4BBBFE5AE8B5F47424B3B666F6E742D73697A653A313470743B223E373C2F7370616E3E3C7370616E207374796C653D22666F6E742D66616D696C793AE696B9E6ADA3E4BBBFE5AE8B5F47424B3B666F6E742D73697A653A31342E3030303070743B223E3C2F7370616E3E200D0A090909093C2F703E0D0A0909093C2F74643E0D0A0909093C74642077696474683D22323432222076616C69676E3D22746F7022207374796C653D22626F726465723A312E30303030707420736F6C69642077696E646F77746578743B223E0D0A090909093C7020636C6173733D224D736F4E6F726D616C223E0D0A09090909093C7370616E207374796C653D22666F6E742D66616D696C793AE696B9E6ADA3E4BBBFE5AE8B5F47424B3B666F6E742D73697A653A31342E3030303070743B223E3C2F7370616E3E200D0A090909093C2F703E0D0A0909093C2F74643E0D0A09093C2F74723E0D0A093C2F74626F64793E0D0A3C2F7461626C653E0D0A3C7020636C6173733D224D736F4E6F726D616C22207374796C653D22746578742D696E64656E743A32342E3030303070743B223E0D0A093C7370616E207374796C653D22666F6E742D66616D696C793AE696B9E6ADA3E4BBBFE5AE8B5F47424B3B666F6E742D73697A653A313470743B223E3C2F7370616E3E200D0A3C2F703E0D0A3C7020636C6173733D224D736F4E6F726D616C22207374796C653D22746578742D696E64656E743A32342E3030303070743B223E0D0A093C7370616E207374796C653D22666F6E742D66616D696C793AE696B9E6ADA3E4BBBFE5AE8B5F47424B3B666F6E742D73697A653A313470743B223E3C7370616E3EE7B3BBE7BB9FE5898DE58FB03C2F7370616E3E3C2F7370616E3E3C7370616E207374796C653D22666F6E742D66616D696C793AE696B9E6ADA3E4BBBFE5AE8B5F47424B3B666F6E742D73697A653A313470743B223E3C2F7370616E3E200D0A3C2F703E0D0A3C7461626C6520636C6173733D224D736F4E6F726D616C5461626C652220616C69676E3D2263656E74657222207374796C653D22626F726465722D636F6C6C617073653A636F6C6C617073653B77696474683A3432372E3935303070743B223E0D0A093C74626F64793E0D0A09093C74723E0D0A0909093C74642077696474683D223633222076616C69676E3D22746F7022207374796C653D22626F726465723A312E30303030707420736F6C69642077696E646F77746578743B223E0D0A090909093C7020636C6173733D224D736F4E6F726D616C223E0D0A09090909093C7370616E207374796C653D22666F6E742D66616D696C793AE696B9E6ADA3E4BBBFE5AE8B5F47424B3B666F6E742D73697A653A313470743B223EE5BA8FE58FB73C2F7370616E3E3C7370616E207374796C653D22666F6E742D66616D696C793AE696B9E6ADA3E4BBBFE5AE8B5F47424B3B666F6E742D73697A653A31342E3030303070743B223E3C2F7370616E3E200D0A090909093C2F703E0D0A0909093C2F74643E0D0A0909093C74642077696474683D22313531222076616C69676E3D22746F7022207374796C653D22626F726465723A312E30303030707420736F6C69642077696E646F77746578743B223E0D0A090909093C7020636C6173733D224D736F4E6F726D616C223E0D0A09090909093C7370616E207374796C653D22666F6E742D66616D696C793AE696B9E6ADA3E4BBBFE5AE8B5F47424B3B666F6E742D73697A653A313470743B223EE9A1B9E79BAE3C2F7370616E3E3C7370616E207374796C653D22666F6E742D66616D696C793AE696B9E6ADA3E4BBBFE5AE8B5F47424B3B666F6E742D73697A653A31342E3030303070743B223E3C2F7370616E3E200D0A090909093C2F703E0D0A0909093C2F74643E0D0A0909093C74642077696474683D22313133222076616C69676E3D22746F7022207374796C653D22626F726465723A312E30303030707420736F6C69642077696E646F77746578743B223E0D0A090909093C7020636C6173733D224D736F4E6F726D616C223E0D0A09090909093C7370616E207374796C653D22666F6E742D66616D696C793AE696B9E6ADA3E4BBBFE5AE8B5F47424B3B666F6E742D73697A653A313470743B223EE58685E5AEB93C2F7370616E3E3C7370616E207374796C653D22666F6E742D66616D696C793AE696B9E6ADA3E4BBBFE5AE8B5F47424B3B666F6E742D73697A653A31342E3030303070743B223E3C2F7370616E3E200D0A090909093C2F703E0D0A0909093C2F74643E0D0A0909093C74642077696474683D22323432222076616C69676E3D22746F7022207374796C653D22626F726465723A312E30303030707420736F6C69642077696E646F77746578743B223E0D0A090909093C7020636C6173733D224D736F4E6F726D616C223E0D0A09090909093C7370616E207374796C653D22666F6E742D66616D696C793AE696B9E6ADA3E4BBBFE5AE8B5F47424B3B666F6E742D73697A653A313470743B223EE5A487E6B3A83C2F7370616E3E3C7370616E207374796C653D22666F6E742D66616D696C793AE696B9E6ADA3E4BBBFE5AE8B5F47424B3B666F6E742D73697A653A31342E3030303070743B223E3C2F7370616E3E200D0A090909093C2F703E0D0A0909093C2F74643E0D0A09093C2F74723E0D0A09093C74723E0D0A0909093C74642077696474683D223633222076616C69676E3D22746F7022207374796C653D22626F726465723A312E30303030707420736F6C69642077696E646F77746578743B223E0D0A090909093C7020636C6173733D224D736F4E6F726D616C223E0D0A09090909093C7370616E207374796C653D22666F6E742D66616D696C793AE696B9E6ADA3E4BBBFE5AE8B5F47424B3B666F6E742D73697A653A313470743B223E313C2F7370616E3E3C7370616E207374796C653D22666F6E742D66616D696C793AE696B9E6ADA3E4BBBFE5AE8B5F47424B3B666F6E742D73697A653A31342E3030303070743B223E3C2F7370616E3E200D0A090909093C2F703E0D0A0909093C2F74643E0D0A0909093C74642077696474683D22313531222076616C69676E3D22746F7022207374796C653D22626F726465723A312E30303030707420736F6C69642077696E646F77746578743B223E0D0A090909093C7020636C6173733D224D736F4E6F726D616C223E0D0A09090909093C7370616E207374796C653D22666F6E742D66616D696C793AE696B9E6ADA3E4BBBFE5AE8B5F47424B3B666F6E742D73697A653A313470743B223EE7B3BBE7BB9FE69EB6E69E843C2F7370616E3E3C7370616E207374796C653D22666F6E742D66616D696C793AE696B9E6ADA3E4BBBFE5AE8B5F47424B3B666F6E742D73697A653A31342E3030303070743B223E3C2F7370616E3E200D0A090909093C2F703E0D0A0909093C2F74643E0D0A0909093C74642077696474683D22313133222076616C69676E3D22746F7022207374796C653D22626F726465723A312E30303030707420736F6C69642077696E646F77746578743B223E0D0A090909093C7020636C6173733D224D736F4E6F726D616C223E0D0A09090909093C7370616E207374796C653D22666F6E742D66616D696C793AE696B9E6ADA3E4BBBFE5AE8B5F47424B3B666F6E742D73697A653A313470743B223EE694B6E99B864835E7ABAF3C2F7370616E3E3C7370616E207374796C653D22666F6E742D66616D696C793AE696B9E6ADA3E4BBBFE5AE8B5F47424B3B666F6E742D73697A653A31342E3030303070743B223E3C2F7370616E3E200D0A090909093C2F703E0D0A0909093C2F74643E0D0A0909093C74642077696474683D22323432222076616C69676E3D22746F7022207374796C653D22626F726465723A312E30303030707420736F6C69642077696E646F77746578743B223E0D0A090909093C7020636C6173733D224D736F4E6F726D616C223E0D0A09090909093C7370616E207374796C653D22666F6E742D66616D696C793AE696B9E6ADA3E4BBBFE5AE8B5F47424B3B666F6E742D73697A653A313470743B223EE8AFA5E7B3BBE7BB9FE99C80E8A681E4B88EE5BEAEE4BFA1E8BF9BE8A18CE99B86E688903C2F7370616E3E3C7370616E207374796C653D22666F6E742D66616D696C793AE696B9E6ADA3E4BBBFE5AE8B5F47424B3B666F6E742D73697A653A31342E3030303070743B223E3C2F7370616E3E200D0A090909093C2F703E0D0A0909093C2F74643E0D0A09093C2F74723E0D0A09093C74723E0D0A0909093C74642077696474683D223633222076616C69676E3D22746F7022207374796C653D22626F726465723A312E30303030707420736F6C69642077696E646F77746578743B223E0D0A090909093C7020636C6173733D224D736F4E6F726D616C223E0D0A09090909093C7370616E207374796C653D22666F6E742D66616D696C793AE696B9E6ADA3E4BBBFE5AE8B5F47424B3B666F6E742D73697A653A313470743B223E323C2F7370616E3E3C7370616E207374796C653D22666F6E742D66616D696C793AE696B9E6ADA3E4BBBFE5AE8B5F47424B3B666F6E742D73697A653A31342E3030303070743B223E3C2F7370616E3E200D0A090909093C2F703E0D0A0909093C2F74643E0D0A0909093C74642077696474683D22313531222076616C69676E3D22746F7022207374796C653D22626F726465723A312E30303030707420736F6C69642077696E646F77746578743B223E0D0A090909093C7020636C6173733D224D736F4E6F726D616C223E0D0A09090909093C7370616E207374796C653D22666F6E742D66616D696C793AE696B9E6ADA3E4BBBFE5AE8B5F47424B3B666F6E742D73697A653A313470743B223EE5BC80E58F91E8AFADE8A8803C2F7370616E3E3C7370616E207374796C653D22666F6E742D66616D696C793AE696B9E6ADA3E4BBBFE5AE8B5F47424B3B666F6E742D73697A653A31342E3030303070743B223E3C2F7370616E3E200D0A090909093C2F703E0D0A0909093C2F74643E0D0A0909093C74642077696474683D22313133222076616C69676E3D22746F7022207374796C653D22626F726465723A312E30303030707420736F6C69642077696E646F77746578743B223E0D0A090909093C7020636C6173733D224D736F4E6F726D616C223E0D0A09090909093C7370616E207374796C653D22666F6E742D66616D696C793AE696B9E6ADA3E4BBBFE5AE8B5F47424B3B666F6E742D73697A653A313470743B223E4A4156413C2F7370616E3E3C7370616E207374796C653D22666F6E742D66616D696C793AE696B9E6ADA3E4BBBFE5AE8B5F47424B3B666F6E742D73697A653A31342E3030303070743B223E3C2F7370616E3E200D0A090909093C2F703E0D0A0909093C2F74643E0D0A0909093C74642077696474683D22323432222076616C69676E3D22746F7022207374796C653D22626F726465723A312E30303030707420736F6C69642077696E646F77746578743B223E0D0A090909093C7020636C6173733D224D736F4E6F726D616C223E0D0A09090909093C7370616E207374796C653D22666F6E742D66616D696C793AE696B9E6ADA3E4BBBFE5AE8B5F47424B3B666F6E742D73697A653A31342E3030303070743B223E3C2F7370616E3E200D0A090909093C2F703E0D0A0909093C2F74643E0D0A09093C2F74723E0D0A09093C74723E0D0A0909093C74642077696474683D223633222076616C69676E3D22746F7022207374796C653D22626F726465723A312E30303030707420736F6C69642077696E646F77746578743B223E0D0A090909093C7020636C6173733D224D736F4E6F726D616C223E0D0A09090909093C7370616E207374796C653D22666F6E742D66616D696C793AE696B9E6ADA3E4BBBFE5AE8B5F47424B3B666F6E742D73697A653A313470743B223E333C2F7370616E3E3C7370616E207374796C653D22666F6E742D66616D696C793AE696B9E6ADA3E4BBBFE5AE8B5F47424B3B666F6E742D73697A653A31342E3030303070743B223E3C2F7370616E3E200D0A090909093C2F703E0D0A0909093C2F74643E0D0A0909093C74642077696474683D22313531222076616C69676E3D22746F7022207374796C653D22626F726465723A312E30303030707420736F6C69642077696E646F77746578743B223E0D0A090909093C7020636C6173733D224D736F4E6F726D616C223E0D0A09090909093C7370616E207374796C653D22666F6E742D66616D696C793AE696B9E6ADA3E4BBBFE5AE8B5F47424B3B666F6E742D73697A653A313470743B223EE69C8DE58AA1E599A8E7ABAFE6938DE4BD9CE7B3BBE7BB9F3C2F7370616E3E3C7370616E207374796C653D22666F6E742D66616D696C793AE696B9E6ADA3E4BBBFE5AE8B5F47424B3B666F6E742D73697A653A31342E3030303070743B223E3C2F7370616E3E200D0A090909093C2F703E0D0A0909093C2F74643E0D0A0909093C74642077696474683D22313133222076616C69676E3D22746F7022207374796C653D22626F726465723A312E30303030707420736F6C69642077696E646F77746578743B223E0D0A090909093C7020636C6173733D224D736F4E6F726D616C223E0D0A09090909093C7370616E207374796C653D22666F6E742D66616D696C793AE696B9E6ADA3E4BBBFE5AE8B5F47424B3B666F6E742D73697A653A313470743B223E57696E646F773C2F7370616E3E3C7370616E207374796C653D22666F6E742D66616D696C793AE696B9E6ADA3E4BBBFE5AE8B5F47424B3B666F6E742D73697A653A313470743B223E323030382F6C696E757820352E353C2F7370616E3E3C7370616E207374796C653D22666F6E742D66616D696C793AE696B9E6ADA3E4BBBFE5AE8B5F47424B3B666F6E742D73697A653A31342E3030303070743B223E3C2F7370616E3E200D0A090909093C2F703E0D0A0909093C2F74643E0D0A0909093C74642077696474683D22323432222076616C69676E3D22746F7022207374796C653D22626F726465723A312E30303030707420736F6C69642077696E646F77746578743B223E0D0A090909093C7020636C6173733D224D736F4E6F726D616C223E0D0A09090909093C7370616E207374796C653D22666F6E742D66616D696C793AE696B9E6ADA3E4BBBFE5AE8B5F47424B3B666F6E742D73697A653A31342E3030303070743B223E3C2F7370616E3E200D0A090909093C2F703E0D0A0909093C2F74643E0D0A09093C2F74723E0D0A09093C74723E0D0A0909093C74642077696474683D223633222076616C69676E3D22746F7022207374796C653D22626F726465723A312E30303030707420736F6C69642077696E646F77746578743B223E0D0A090909093C7020636C6173733D224D736F4E6F726D616C223E0D0A09090909093C7370616E207374796C653D22666F6E742D66616D696C793AE696B9E6ADA3E4BBBFE5AE8B5F47424B3B666F6E742D73697A653A313470743B223E343C2F7370616E3E3C7370616E207374796C653D22666F6E742D66616D696C793AE696B9E6ADA3E4BBBFE5AE8B5F47424B3B666F6E742D73697A653A31342E3030303070743B223E3C2F7370616E3E200D0A090909093C2F703E0D0A0909093C2F74643E0D0A0909093C74642077696474683D22313531222076616C69676E3D22746F7022207374796C653D22626F726465723A312E30303030707420736F6C69642077696E646F77746578743B223E0D0A090909093C7020636C6173733D224D736F4E6F726D616C223E0D0A09090909093C7370616E207374796C653D22666F6E742D66616D696C793AE696B9E6ADA3E4BBBFE5AE8B5F47424B3B666F6E742D73697A653A313470743B223EE5AEA2E688B7E7ABAFE6938DE4BD9CE7B3BBE7BB9F3C2F7370616E3E3C7370616E207374796C653D22666F6E742D66616D696C793AE696B9E6ADA3E4BBBFE5AE8B5F47424B3B666F6E742D73697A653A31342E3030303070743B223E3C2F7370616E3E200D0A090909093C2F703E0D0A0909093C2F74643E0D0A0909093C74642077696474683D22313133222076616C69676E3D22746F7022207374796C653D22626F726465723A312E30303030707420736F6C69642077696E646F77746578743B223E0D0A090909093C7020636C6173733D224D736F4E6F726D616C223E0D0A09090909093C7370616E207374796C653D22666F6E742D66616D696C793AE696B9E6ADA3E4BBBFE5AE8B5F47424B3B666F6E742D73697A653A313470743B223E493C2F7370616E3E3C7370616E207374796C653D22666F6E742D66616D696C793AE696B9E6ADA3E4BBBFE5AE8B5F47424B3B666F6E742D73697A653A313470743B223E4F532FE5AE89E58D933C2F7370616E3E3C7370616E207374796C653D22666F6E742D66616D696C793AE696B9E6ADA3E4BBBFE5AE8B5F47424B3B666F6E742D73697A653A31342E3030303070743B223E3C2F7370616E3E200D0A090909093C2F703E0D0A0909093C2F74643E0D0A0909093C74642077696474683D22323432222076616C69676E3D22746F7022207374796C653D22626F726465723A312E30303030707420736F6C69642077696E646F77746578743B223E0D0A090909093C7020636C6173733D224D736F4E6F726D616C223E0D0A09090909093C7370616E207374796C653D22666F6E742D66616D696C793AE696B9E6ADA3E4BBBFE5AE8B5F47424B3B666F6E742D73697A653A31342E3030303070743B223E3C2F7370616E3E200D0A090909093C2F703E0D0A0909093C2F74643E0D0A09093C2F74723E0D0A093C2F74626F64793E0D0A3C2F7461626C653E0D0A3C7020636C6173733D224D736F4E6F726D616C223E0D0A093C7370616E207374796C653D22666F6E742D66616D696C793AE696B9E6ADA3E4BBBFE5AE8B5F47424B3B666F6E742D73697A653A313470743B223E3C2F7370616E3E200D0A3C2F703E0D0A3C7020636C6173733D224D736F4E6F726D616C22207374796C653D22746578742D696E64656E743A32342E3030303070743B223E0D0A093C7370616E207374796C653D22666F6E742D66616D696C793AE696B9E6ADA3E4BBBFE5AE8B5F47424B3B666F6E742D73697A653A313470743B223E3C7370616E3EEFBC883C2F7370616E3E3C7370616E3E33EFBC89E4B8BBE8A681E58A9FE883BDEFBC9A3C2F7370616E3E3C2F7370616E3E3C7370616E207374796C653D22666F6E742D66616D696C793AE696B9E6ADA3E4BBBFE5AE8B5F47424B3B666F6E742D73697A653A313470743B223E3C2F7370616E3E200D0A3C2F703E0D0A3C7020636C6173733D224D736F4E6F726D616C22207374796C653D22746578742D696E64656E743A32342E3030303070743B223E0D0A093C623E3C7370616E207374796C653D22666F6E742D66616D696C793AE696B9E6ADA3E4BBBFE5AE8B5F47424B3B666F6E742D73697A653A313470743B223E3C7370616E3EE7B3BBE7BB9FE7AEA1E79086E6A8A1E59D97EFBC9A3C2F7370616E3E3C2F7370616E3E3C2F623E3C623E3C7370616E207374796C653D22666F6E742D66616D696C793AE696B9E6ADA3E4BBBFE5AE8B5F47424B3B666F6E742D73697A653A313470743B223E3C2F7370616E3E3C2F623E200D0A3C2F703E0D0A3C7020636C6173733D224D736F4E6F726D616C22207374796C653D22746578742D696E64656E743A32342E3030303070743B223E0D0A093C7370616E207374796C653D22666F6E742D66616D696C793AE696B9E6ADA3E4BBBFE5AE8B5F47424B3B666F6E742D73697A653A313470743B223E3C7370616E3EE7B3BBE7BB9FE7AEA1E79086E698AFE69CACE7B3BBE7BB9FE5908EE58FB0E79A84E59FBAE7A180E6A8A1E59D97EFBC8CE585B6E4B8ADE58C85E590ABE4BA86E7BB84E7BB87E69CBAE69E84E7AEA1E79086E38081E794A8E688B7E7AEA1E79086E38081E69D83E99990E7AEA1E79086E38081E8A792E889B2E7AEA1E79086E38081E695B0E68DAEE5BA93E5A487E4BBBDE7AEA1E79086E38081E5B7A5E4BD9CE6B581E7AEA1E79086E380823C2F7370616E3E3C2F7370616E3E3C7370616E207374796C653D22666F6E742D66616D696C793AE696B9E6ADA3E4BBBFE5AE8B5F47424B3B666F6E742D73697A653A313470743B223E3C2F7370616E3E200D0A3C2F703E0D0A3C7020636C6173733D224D736F4E6F726D616C22207374796C653D22746578742D696E64656E743A32342E3030303070743B223E0D0A093C7370616E207374796C653D22666F6E742D66616D696C793AE696B9E6ADA3E4BBBFE5AE8B5F47424B3B666F6E742D73697A653A313470743B223E31EFBC89E7BB84E7BB87E69CBAE69E84E7AEA1E79086EFBC9AE8A681E6B182E7BB84E7BB87E69CBAE69E84E7AEA1E79086E694AFE68C81E6A091E5BDA2E7BB93E69E84EFBC8CE69C80E5B091E694AFE68C81E4B889E7BAA7E69CBAE69E84E7AEA1E79086E38082E58C85E68BACE7BB84E7BB87E69CBAE69E84E79A84E6B7BBE58AA0E38081E588A0E999A4E38081E7A7BBE58AA8E38081E7BC96E8BE91E7AD89E380823C2F7370616E3E3C7370616E207374796C653D22666F6E742D66616D696C793AE696B9E6ADA3E4BBBFE5AE8B5F47424B3B666F6E742D73697A653A313470743B223E3C2F7370616E3E200D0A3C2F703E0D0A3C7020636C6173733D224D736F4E6F726D616C22207374796C653D22746578742D696E64656E743A32342E3030303070743B223E0D0A093C7370616E207374796C653D22666F6E742D66616D696C793AE696B9E6ADA3E4BBBFE5AE8B5F47424B3B666F6E742D73697A653A313470743B223E32EFBC89E794A8E688B7E7AEA1E79086EFBC9AE58C85E68BACE794A8E688B7E4BFA1E681AFE79A84E6B7BBE58AA0E38081E6BF80E6B4BBE38081E5AF86E7A081E9878DE7BDAEE38081E7BC96E8BE91E38081E7A681E794A8E38081E7A7BBE999A4E38081E8A792E889B2E58886E9858DE7AD89E380823C2F7370616E3E3C7370616E207374796C653D22666F6E742D66616D696C793AE696B9E6ADA3E4BBBFE5AE8B5F47424B3B666F6E742D73697A653A313470743B223E3C2F7370616E3E200D0A3C2F703E0D0A3C7020636C6173733D224D736F4E6F726D616C22207374796C653D22746578742D696E64656E743A32342E3030303070743B223E0D0A093C7370616E207374796C653D22666F6E742D66616D696C793AE696B9E6ADA3E4BBBFE5AE8B5F47424B3B666F6E742D73697A653A313470743B223E33EFBC89E8A792E889B2E7AEA1E79086EFBC9AE58C85E68BACE8A792E889B2E79A84E6B7BBE58AA0E38081E588A0E999A4E38081E7BC96E8BE91E7AD89E380823C2F7370616E3E3C7370616E207374796C653D22666F6E742D66616D696C793AE696B9E6ADA3E4BBBFE5AE8B5F47424B3B666F6E742D73697A653A313470743B223E3C2F7370616E3E200D0A3C2F703E0D0A3C7020636C6173733D224D736F4E6F726D616C22207374796C653D22746578742D696E64656E743A32342E3030303070743B223E0D0A093C7370616E207374796C653D22666F6E742D66616D696C793AE696B9E6ADA3E4BBBFE5AE8B5F47424B3B666F6E742D73697A653A313470743B223E34EFBC89E69D83E99990E7AEA1E79086EFBC9AE69D83E99990E7AEA1E79086E698AFE68C87E5AFB9E7B3BBE7BB9FE58685E4B88DE5908CE8A792E889B2E58886E9858DE4B88DE5908CE79A84E69D83E99990EFBC8CE68BA5E69C89E69F90E4B880E58A9FE883BDE6A8A1E59D97E6938DE4BD9CE69D83E99990E79A84E8A792E889B2E6898DE883BDE8AEBFE997AEE5B9B6E4BDBFE794A8E8AFA5E58A9FE883BDE6A8A1E59D97E38082E58C85E68BACE69D83E99990E79A84E58886E9858DE38081E68E88E69D83E38081E4BFAEE694B9E38081E588A0E999A4E380823C2F7370616E3E3C7370616E207374796C653D22666F6E742D66616D696C793AE696B9E6ADA3E4BBBFE5AE8B5F47424B3B666F6E742D73697A653A313470743B223E3C2F7370616E3E200D0A3C2F703E0D0A3C7020636C6173733D224D736F4E6F726D616C22207374796C653D22746578742D696E64656E743A32342E3030303070743B223E0D0A093C7370616E207374796C653D22666F6E742D66616D696C793AE696B9E6ADA3E4BBBFE5AE8B5F47424B3B666F6E742D73697A653A313470743B223E35EFBC89E695B0E68DAEE5BA93E5A487E4BBBDE7AEA1E79086EFBC9AE7B3BBE7BB9FE99C80E694AFE68C81E695B0E68DAEE5BA93E59CA8E7BABFE5A487E4BBBDE5B7A5E585B7EFBC8CE694AFE68C81E695B0E68DAEE5BA93E59CA8E7BABFE5A487E4BBBDE5B9B6E4B88BE8BDBDE380823C2F7370616E3E3C7370616E207374796C653D22666F6E742D66616D696C793AE696B9E6ADA3E4BBBFE5AE8B5F47424B3B666F6E742D73697A653A313470743B223E3C2F7370616E3E200D0A3C2F703E0D0A3C7020636C6173733D224D736F4E6F726D616C22207374796C653D22746578742D696E64656E743A32342E3030303070743B223E0D0A093C7370616E207374796C653D22666F6E742D66616D696C793AE696B9E6ADA3E4BBBFE5AE8B5F47424B3B666F6E742D73697A653A313470743B223E36EFBC89E5B7A5E4BD9CE6B581E7AEA1E79086EFBC9AE7B3BBE7BB9FE99C80E694AFE68C81E5B7A5E4BD9CE6B581E7AEA1E79086E6A8A1E59D97E380823C2F7370616E3E3C7370616E207374796C653D22666F6E742D66616D696C793AE696B9E6ADA3E4BBBFE5AE8B5F47424B3B666F6E742D73697A653A313470743B223E3C2F7370616E3E200D0A3C2F703E0D0A3C7020636C6173733D224D736F4E6F726D616C22207374796C653D22746578742D696E64656E743A32342E3030303070743B223E0D0A093C623E3C7370616E207374796C653D22666F6E742D66616D696C793AE696B9E6ADA3E4BBBFE5AE8B5F47424B3B666F6E742D73697A653A313470743B223E3C7370616E3EE59FBAE7A180E4BFA1E681AFE7AEA1E790863C2F7370616E3E3C2F7370616E3E3C2F623E3C623E3C7370616E207374796C653D22666F6E742D66616D696C793AE696B9E6ADA3E4BBBFE5AE8B5F47424B3B666F6E742D73697A653A313470743B223E3C2F7370616E3E3C2F623E200D0A3C2F703E0D0A3C7020636C6173733D224D736F4E6F726D616C22207374796C653D22746578742D696E64656E743A32342E3030303070743B223E0D0A093C7370616E207374796C653D22666F6E742D66616D696C793AE696B9E6ADA3E4BBBFE5AE8B5F47424B3B666F6E742D73697A653A313470743B223E3C7370616E3EE8AFA5E6A8A1E59D97E4B8BBE8A681E5AE8CE68890E7B3BBE7BB9FE8BF90E8A18CE8BF87E7A88BE4B8ADE68980E99C80E79A84E7B3BBE7BB9FE59FBAE7A180E4BFA1E681AFE79A84E7AEA1E79086EFBC8CE585B6E4B8ADE58C85E68BACE7B1BBE59E8BE7AEA1E79086EFBC8CE8A18CE4B89AE7AEA1E79086EFBC8CE7BB8FE890A5E88085E4BFA1E681AFE7AEA1E79086E7AD89E380823C2F7370616E3E3C2F7370616E3E3C7370616E207374796C653D22666F6E742D66616D696C793AE696B9E6ADA3E4BBBFE5AE8B5F47424B3B666F6E742D73697A653A313470743B223E3C2F7370616E3E200D0A3C2F703E0D0A3C7020636C6173733D22313522207374796C653D226D617267696E2D6C6566743A36302E3030303070743B746578742D696E64656E743A2D33362E3030303070743B223E0D0A093C7370616E207374796C653D22666F6E742D66616D696C793AE696B9E6ADA3E4BBBFE5AE8B5F47424B3B666F6E742D73697A653A313470743B223E31EFBC89266E6273703B3C2F7370616E3E3C7370616E207374796C653D22666F6E742D66616D696C793AE696B9E6ADA3E4BBBFE5AE8B5F47424B3B666F6E742D73697A653A313470743B223E3C7370616E3EE7B1BBE59E8BE7AEA1E79086EFBC9AE7B3BBE7BB9FE99C80E8A681E5AFB9E7BB8FE890A5E88085E698AFE696B0E7B1BBE59E8BE8BF9BE8A18CE58892E58886E38082E7B1BBE59E8BE7AEA1E79086E6A8A1E59D97E58C85E68BACE5A29EE58AA0E38081E7BC96E8BE91E38081E588A0E999A4E7AD89E58A9FE883BDE380823C2F7370616E3E3C2F7370616E3E3C7370616E207374796C653D22666F6E742D66616D696C793AE696B9E6ADA3E4BBBFE5AE8B5F47424B3B666F6E742D73697A653A31342E3030303070743B223E3C2F7370616E3E200D0A3C2F703E0D0A3C7020636C6173733D22313522207374796C653D226D617267696E2D6C6566743A36302E3030303070743B746578742D696E64656E743A2D33362E3030303070743B223E0D0A093C7370616E207374796C653D22666F6E742D66616D696C793AE696B9E6ADA3E4BBBFE5AE8B5F47424B3B666F6E742D73697A653A313470743B223E32EFBC89266E6273703B3C2F7370616E3E3C7370616E207374796C653D22666F6E742D66616D696C793AE696B9E6ADA3E4BBBFE5AE8B5F47424B3B666F6E742D73697A653A313470743B223E3C7370616E3EE8A18CE4B89AE7AEA1E79086EFBC9AE8A18CE4B89AE7AEA1E79086E698AFE7BB8FE890A5E88085E4BFA1E681AFE7AEA1E79086E79A84E5898DE7BDAEE6A8A1E59D97EFBC8CE7B3BBE7BB9FE694AFE68C81E8A18CE4B89AE696B0E5A29EE38081E7BC96E8BE91E38081E588A0E999A4E7AD89E58A9FE883BDE380823C2F7370616E3E3C2F7370616E3E3C7370616E207374796C653D22666F6E742D66616D696C793AE696B9E6ADA3E4BBBFE5AE8B5F47424B3B666F6E742D73697A653A31342E3030303070743B223E3C2F7370616E3E200D0A3C2F703E0D0A3C7020636C6173733D22313522207374796C653D226D617267696E2D6C6566743A36302E3030303070743B746578742D696E64656E743A2D33362E3030303070743B223E0D0A093C7370616E207374796C653D22666F6E742D66616D696C793AE696B9E6ADA3E4BBBFE5AE8B5F47424B3B666F6E742D73697A653A313470743B223E33EFBC89266E6273703B3C2F7370616E3E3C7370616E207374796C653D22666F6E742D66616D696C793AE696B9E6ADA3E4BBBFE5AE8B5F47424B3B666F6E742D73697A653A313470743B223E3C7370616E3EE7BB8FE890A5E88085E4BFA1E681AFE7AEA1E79086EFBC9AE5AFB9E7BB8FE890A5E88085E59FBAE7A180E4BFA1E681AFE8BF9BE8A18CE7BBB4E68AA4E6938DE4BD9CEFBC8CE585B6E4B8ADE58C85E68BACE5908DE7A7B0EFBC8CE7BB8FE890A5E59CB0E782B9EFBC8CE4B8BBE8A681E8B49FE8B4A3E4BABAEFBC8CE4B8BBE8A681E7BB8FE890A5E88C83E59BB4EFBC8CE4BA8CE7BBB4E7A081E7949FE68890E7AD89E38082E7B3BBE7BB9FE694AFE68C81E696B0E5A29EE38081E7BC96E8BE91E38081E588A0E999A4E7AD89E58A9FE883BDE380823C2F7370616E3E3C2F7370616E3E3C7370616E207374796C653D22666F6E742D66616D696C793AE696B9E6ADA3E4BBBFE5AE8B5F47424B3B666F6E742D73697A653A31342E3030303070743B223E3C2F7370616E3E200D0A3C2F703E0D0A3C7020636C6173733D22313522207374796C653D226D617267696E2D6C6566743A36302E3030303070743B746578742D696E64656E743A2D33362E3030303070743B223E0D0A093C7370616E207374796C653D22666F6E742D66616D696C793AE696B9E6ADA3E4BBBFE5AE8B5F47424B3B666F6E742D73697A653A313470743B223E34EFBC89266E6273703B3C2F7370616E3E3C7370616E207374796C653D22666F6E742D66616D696C793AE696B9E6ADA3E4BBBFE5AE8B5F47424B3B666F6E742D73697A653A313470743B223E3C7370616E3EE7BB8FE890A5E88085E4BFA1E681AFE69FA5E8AFA2EFBC9AE9809AE8BF87E5908EE58FB0E5AFB9E7BB8FE890A5E88085E4BFA1E681AFE8BF9BE8A18CE69FA5E8AFA2EFBC8CE69FA5E8AFA2E694AFE68C81E68C89E8A18CE4B89AE38081E68C89E5908DE7A7B0EFBC88E6A8A1E7B38AEFBC89E7AD89E380823C2F7370616E3E3C2F7370616E3E3C7370616E207374796C653D22666F6E742D66616D696C793AE696B9E6ADA3E4BBBFE5AE8B5F47424B3B666F6E742D73697A653A31342E3030303070743B223E3C2F7370616E3E200D0A3C2F703E0D0A3C7020636C6173733D224D736F4E6F726D616C22207374796C653D22746578742D696E64656E743A32342E3030303070743B223E0D0A093C623E3C7370616E207374796C653D22666F6E742D66616D696C793AE696B9E6ADA3E4BBBFE5AE8B5F47424B3B666F6E742D73697A653A313470743B223E3C7370616E3EE5A4B1E4BFA1E8A18CE4B8BAE7AEA1E790863C2F7370616E3E3C2F7370616E3E3C2F623E3C623E3C7370616E207374796C653D22666F6E742D66616D696C793AE696B9E6ADA3E4BBBFE5AE8B5F47424B3B666F6E742D73697A653A313470743B223E3C2F7370616E3E3C2F623E200D0A3C2F703E0D0A3C7020636C6173733D224D736F4E6F726D616C22207374796C653D226D617267696E2D6C6566743A32342E3035303070743B746578742D696E64656E743A32382E3030303070743B223E0D0A093C7370616E207374796C653D22666F6E742D66616D696C793AE696B9E6ADA3E4BBBFE5AE8B5F47424B3B666F6E742D73697A653A313470743B223E3C7370616E3EE5A4B1E4BFA1E8A18CE4B8BAE7AEA1E79086E698AFE69CACE7B3BBE7BB9FE79A84E9878DE8A681E58A9FE883BDE6A8A1E59D97E4B98BE4B880EFBC8CE4B8BBE8A681E5AE8CE68890E5A4B1E4BFA1E8A18CE4B8BAE4B89AE58AA1E5A484E79086E58A9FE883BDEFBC8CE5A4B1E4BFA1E8A18CE4B8BAE79A84E4B89AE58AA1E5A484E79086E698AFE585A8E8BF87E7A88BE7AEA1E79086EFBC8CE585B6E4B8ADE58C85E68BACE4BFA1E681AFE5BD95E585A5E38081E5AEA1E6A0B8E38081E6B581E7A88BE5AEA1E689B9E38081E6848FE8A781E5A1ABE58699E38081E7BB93E69D9FE7AD89E58A9FE883BDE380823C2F7370616E3E3C2F7370616E3E3C7370616E207374796C653D22666F6E742D66616D696C793AE696B9E6ADA3E4BBBFE5AE8B5F47424B3B666F6E742D73697A653A313470743B223E3C2F7370616E3E200D0A3C2F703E0D0A3C7020636C6173733D22313522207374796C653D226D617267696E2D6C6566743A36332E3030303070743B746578742D696E64656E743A2D33362E3030303070743B223E0D0A093C7370616E207374796C653D22666F6E742D66616D696C793AE696B9E6ADA3E4BBBFE5AE8B5F47424B3B666F6E742D73697A653A313470743B223E31EFBC89266E6273703B3C2F7370616E3E3C7370616E207374796C653D22666F6E742D66616D696C793AE696B9E6ADA3E4BBBFE5AE8B5F47424B3B666F6E742D73697A653A313470743B223E3C7370616E3EE5A4B1E4BFA1E8A18CE4B8BAE5BD95E585A5EFBC9AE5A4B1E4BFA1E8A18CE4B8BAE5BD95E585A5E4B8BBE8A681E698AFE794B1E4B8A4E4B8AAE6B8A0E98193E8BF9BE8A18CEFBC8CE585B6E4B8ADE7ACACE4B880E4B8AAE6B8A0E98193E4B8BAE5A4B1E4BFA1E8A18CE4B8BAE79A84E6898BE58AA8E5BD95E585A5EFBC8CE794A8E688B7E5A1ABE58699E5A4B1E4BFA1E8A18CE4B8BAE9A284E588B6E58D95E5AE8CE68890E5A4B1E4BFA1E8A18CE4B8BAE79A84E696B0E5A29EE38082E58FA6E4B880E4B8AAE6B8A0E98193E4B8BAE5898DE58FB0E8BDACE58F91E79A84E5A4B1E4BFA1E8A18CE4B8BAE38082E5A1ABE58699E5AE8CE68890E79A84E5A4B1E4BFA1E8A18CE4B8BAE4BFA1E681AFE8BF9BE585A5E5BE85E5AEA1E6A0B8E58897E8A1A8E380823C2F7370616E3E3C2F7370616E3E3C7370616E207374796C653D22666F6E742D66616D696C793AE696B9E6ADA3E4BBBFE5AE8B5F47424B3B666F6E742D73697A653A31342E3030303070743B223E3C2F7370616E3E200D0A3C2F703E0D0A3C7020636C6173733D22313522207374796C653D226D617267696E2D6C6566743A36332E3030303070743B746578742D696E64656E743A2D33362E3030303070743B223E0D0A093C7370616E207374796C653D22666F6E742D66616D696C793AE696B9E6ADA3E4BBBFE5AE8B5F47424B3B666F6E742D73697A653A313470743B223E32EFBC89266E6273703B3C2F7370616E3E3C7370616E207374796C653D22666F6E742D66616D696C793AE696B9E6ADA3E4BBBFE5AE8B5F47424B3B666F6E742D73697A653A313470743B223E3C7370616E3EE5A4B1E4BFA1E8A18CE4B8BAE5AEA1E6A0B8EFBC9AE5BD95E585A5E7B3BBE7BB9FE79A84E5A4B1E4BFA1E8A18CE4B8BAE99C80E8A681E7BB8FE8BF87E5AEA1E6A0B8E696B9E883BDE7949FE69588EFBC8CE7949FE69588E5908EE79A84E5A4B1E4BFA1E8A18CE4B8BAE8BF9BE585A5E5A484E79086E6B581E7A88BEFBC8CE5908CE697B6E59CA8E7B3BBE7BB9FE5898DE58FB0E8BF9BE8A18CE585ACE7A4BAE380823C2F7370616E3E3C2F7370616E3E3C7370616E207374796C653D22666F6E742D66616D696C793AE696B9E6ADA3E4BBBFE5AE8B5F47424B3B666F6E742D73697A653A31342E3030303070743B223E3C2F7370616E3E200D0A3C2F703E0D0A3C7020636C6173733D22313522207374796C653D226D617267696E2D6C6566743A36332E3030303070743B746578742D696E64656E743A2D33362E3030303070743B223E0D0A093C7370616E207374796C653D22666F6E742D66616D696C793AE696B9E6ADA3E4BBBFE5AE8B5F47424B3B666F6E742D73697A653A313470743B223E33EFBC89266E6273703B3C2F7370616E3E3C7370616E207374796C653D22666F6E742D66616D696C793AE696B9E6ADA3E4BBBFE5AE8B5F47424B3B666F6E742D73697A653A313470743B223E3C7370616E3EE5A4B1E4BFA1E8A18CE4B8BAE5A484E79086EFBC9AE5A4B1E4BFA1E8A18CE4B8BAE5AEA1E6A0B8E9809AE8BF87E5908EEFBC8CE58786E585A5E5A4B1E4BFA1E8A18CE4B8BAE5A484E79086E6B581E7A88BEFBC8CE5A4B1E4BFA1E8A18CE4B8BAE5A484E79086E6B581E7A88BE99C80E4BE9DE68DAEE68B9BE6A087E696B9E8A681E6B182E8BF9BE8A18CE8AEBEE8AEA1EFBC8CE4B894E99C80E8A681E694AFE68C81E5BFABE9809FE6B581E7A88BE69BB4E694B9E38082E5A484E79086E8BF87E7A88BE4B8ADE9A1BBE5A1ABE58699E5A484E79086E6848FE8A781E5B9B6E7BB8FE9A286E5AFBCE5AEA1E689B9E5908EE696B9E58FAFE8BF9BE8A18CE4B88BE4B880E88A82E782B9E380823C2F7370616E3E3C2F7370616E3E3C7370616E207374796C653D22666F6E742D66616D696C793AE696B9E6ADA3E4BBBFE5AE8B5F47424B3B666F6E742D73697A653A31342E3030303070743B223E3C2F7370616E3E200D0A3C2F703E0D0A3C7020636C6173733D22313522207374796C653D226D617267696E2D6C6566743A36332E3030303070743B746578742D696E64656E743A2D33362E3030303070743B223E0D0A093C7370616E207374796C653D22666F6E742D66616D696C793AE696B9E6ADA3E4BBBFE5AE8B5F47424B3B666F6E742D73697A653A313470743B223E34EFBC89266E6273703B3C2F7370616E3E3C7370616E207374796C653D22666F6E742D66616D696C793AE696B9E6ADA3E4BBBFE5AE8B5F47424B3B666F6E742D73697A653A313470743B223E3C7370616E3EE5A4B1E4BFA1E8A18CE4B8BAE5A484E79086E6848FE8A781E5A1ABE58699EFBC9AE6ADA4E6ADA5E9AAA4E4B8BAE5A4B1E4BFA1E8A18CE4B8BAE69C80E7BB88E6ADA5E9AAA4EFBC8CE6ADA4E5A484E5A1ABE58699E5A4B1E4BFA1E8A18CE4B8BAE5A484E79086E6848FE8A781EFBC8CE5B9B6E4BD9CE4B8BAE69C80E7BB88E6848FE8A781E4BF9DE5AD98E38082E4BF9DE5AD98E5AE8CE68890E79A84E5A4B1E4BFA1E8A18CE4B8BAE4BFA1E681AFE8BF9BE585A5E58E86E58FB2E4BFA1E681AFEFBC8CE4B894E4B88DE883BDE4BFAEE694B9E380823C2F7370616E3E3C2F7370616E3E3C7370616E207374796C653D22666F6E742D66616D696C793AE696B9E6ADA3E4BBBFE5AE8B5F47424B3B666F6E742D73697A653A31342E3030303070743B223E3C2F7370616E3E200D0A3C2F703E0D0A3C7020636C6173733D22313522207374796C653D226D617267696E2D6C6566743A36332E3030303070743B746578742D696E64656E743A2D33362E3030303070743B223E0D0A093C7370616E207374796C653D22666F6E742D66616D696C793AE696B9E6ADA3E4BBBFE5AE8B5F47424B3B666F6E742D73697A653A313470743B223E35EFBC89266E6273703B3C2F7370616E3E3C7370616E207374796C653D22666F6E742D66616D696C793AE696B9E6ADA3E4BBBFE5AE8B5F47424B3B666F6E742D73697A653A313470743B223E3C7370616E3EE58E86E58FB2E5A4B1E4BFA1E8A18CE4B8BAEFBC9AE6ADA4E5A484E58FAFE4BBA5E69FA5E79C8BE68980E69C89E5A484E79086E5AE8CE68890E79A84E5A4B1E4BFA1E8A18CE4B8BAEFBC8CE5B9B6E694AFE68C81E68C89E8A18CE4B89AE38081E7B1BBE588ABE38081E5908DE7A7B0E8BF9BE8A18CE69FA5E689BEE380823C2F7370616E3E3C2F7370616E3E3C7370616E207374796C653D22666F6E742D66616D696C793AE696B9E6ADA3E4BBBFE5AE8B5F47424B3B666F6E742D73697A653A31342E3030303070743B223E3C2F7370616E3E200D0A3C2F703E0D0A3C7020636C6173733D224D736F4E6F726D616C22207374796C653D226D617267696E2D6C6566743A32372E3030303070743B223E0D0A093C623E3C7370616E207374796C653D22666F6E742D66616D696C793AE696B9E6ADA3E4BBBFE5AE8B5F47424B3B666F6E742D73697A653A313470743B223E3C7370616E3EE8A18CE4B89AE6B688E8B4B9E9A284E8ADA6E7AEA1E790863C2F7370616E3E3C2F7370616E3E3C2F623E3C623E3C7370616E207374796C653D22666F6E742D66616D696C793AE696B9E6ADA3E4BBBFE5AE8B5F47424B3B666F6E742D73697A653A313470743B223E3C2F7370616E3E3C2F623E200D0A3C2F703E0D0A3C7020636C6173733D224D736F4E6F726D616C22207374796C653D226D617267696E2D6C6566743A32372E3030303070743B746578742D696E64656E743A32382E3030303070743B223E0D0A093C7370616E207374796C653D22666F6E742D66616D696C793AE696B9E6ADA3E4BBBFE5AE8B5F47424B3B666F6E742D73697A653A313470743B223E3C7370616E3EE8A18CE4B89AE6B688E8B4B9E9A284E8ADA6E7AEA1E79086E698AFE5A4B1E4BFA1E8A18CE4B8BAE7AEA1E79086E698AFE69CACE7B3BBE7BB9FE79A84E9878DE8A681E58A9FE883BDE6A8A1E59D97E4B98BE4B880EFBC8CE7B3BBE7BB9FE694AFE68C81E4B8A4E7A78DE696B9E5BC8FE8BF9BE8A18CE8A18CE4B89AE6B688E8B4B9E9A284E8ADA6EFBC8CE7ACACE4B880EFBC8CE7B3BBE7BB9FE694AFE68C81E4BABAE5B7A5E6898BE58AA8E5BD95E585A5EFBC8CE7ACACE4BA8CEFBC8CE7B3BBE7BB9FE9809AE8BF87E5A4A7E695B0E68DAEE58886E69E90EFBC8CE8BEBEE588B0E9A284E8AEBEE9A284E8ADA6E99888E580BCE697B6E68F90E7A4BAE7AEA1E79086E59198E8BF9BE8A18CE6B688E8B4B9E9A284E8ADA6E380823C2F7370616E3E3C2F7370616E3E3C7370616E207374796C653D22666F6E742D66616D696C793AE696B9E6ADA3E4BBBFE5AE8B5F47424B3B666F6E742D73697A653A313470743B223E3C2F7370616E3E200D0A3C2F703E0D0A3C7020636C6173733D22313522207374796C653D226D617267696E2D6C6566743A36332E3030303070743B746578742D696E64656E743A2D33362E3030303070743B223E0D0A093C7370616E207374796C653D22666F6E742D66616D696C793AE696B9E6ADA3E4BBBFE5AE8B5F47424B3B666F6E742D73697A653A313470743B223E31EFBC89266E6273703B3C2F7370616E3E3C7370616E207374796C653D22666F6E742D66616D696C793AE696B9E6ADA3E4BBBFE5AE8B5F47424B3B666F6E742D73697A653A313470743B223E3C7370616E3EE8A18CE4B89AE6B688E8B4B9E9A284E8ADA6EFBC9AE99288E5AFB9E69F90E4B880E8A18CE4B89AE8BF9BE8A18CE6B688E8B4B9E9A284E8ADA6E58F91E5B883EFBC8CE7AEA1E79086E59198E59CA8E58F91E5B883E6B688E8B4B9E9A284E8ADA6E5898DE98089E5AE9AE9A284E8ADA6E8A18CE4B89AE5B9B6E5A1ABE58699E9A284E8ADA6E4BFA1E681AFEFBC8CE9A284E8ADA6E4BFA1E681AFE59CA8E4B880E5AE9AE79A84E697B6E997B4E88C83E59BB4E58685E8BF9BE8A18CE5898DE58FB0E585ACE7A4BAE380823C2F7370616E3E3C2F7370616E3E3C7370616E207374796C653D22666F6E742D66616D696C793AE696B9E6ADA3E4BBBFE5AE8B5F47424B3B666F6E742D73697A653A31342E3030303070743B223E3C2F7370616E3E200D0A3C2F703E0D0A3C7020636C6173733D22313522207374796C653D226D617267696E2D6C6566743A36332E3030303070743B746578742D696E64656E743A2D33362E3030303070743B223E0D0A093C7370616E207374796C653D22666F6E742D66616D696C793AE696B9E6ADA3E4BBBFE5AE8B5F47424B3B666F6E742D73697A653A313470743B223E32EFBC89266E6273703B3C2F7370616E3E3C7370616E207374796C653D22666F6E742D66616D696C793AE696B9E6ADA3E4BBBFE5AE8B5F47424B3B666F6E742D73697A653A313470743B223E3C7370616E3EE8A18CE4B89AE6B688E8B4B9E9A284E8ADA6E99888E580BCEFBC9AE8A18CE4B89AE6B688E8B4B9E9A284E8ADA6E99888E580BCE8AEBEE7BDAEE698AFE59CA8E7B3BBE7BB9FE8BF90E8A18CE4B880E6AEB5E7A7AFE7B4AFE4BA86E4B880E5AE9AE7A88BE5BAA6E79A84E58E86E58FB2E695B0E68DAEE5908EEFBC8CE7B3BBE7BB9FE6A0B9E68DAEE8AFA5E99888E580BCE887AAE58AA8E68EA8E98081E79A84E6B688E8B4B9E9A284E8ADA6E68F90E7A4BAE4BFA1E681AFEFBC8CE68F90E7A4BAE4BFA1E681AFE5B086E4BC9AE59CA8E5908EE58FB0E5B195E78EB0E7BB99E7AEA1E79086E59198EFBC8CE794B1E7AEA1E79086E59198E7BC96E8BE91E5908EE59091E5898DE58FB0E58F91E5B883E380823C2F7370616E3E3C2F7370616E3E3C7370616E207374796C653D22666F6E742D66616D696C793AE696B9E6ADA3E4BBBFE5AE8B5F47424B3B666F6E742D73697A653A31342E3030303070743B223E3C2F7370616E3E200D0A3C2F703E0D0A3C7020636C6173733D22313522207374796C653D226D617267696E2D6C6566743A36332E3030303070743B746578742D696E64656E743A2D33362E3030303070743B223E0D0A093C7370616E207374796C653D22666F6E742D66616D696C793AE696B9E6ADA3E4BBBFE5AE8B5F47424B3B666F6E742D73697A653A313470743B223E33EFBC89266E6273703B3C2F7370616E3E3C7370616E207374796C653D22666F6E742D66616D696C793AE696B9E6ADA3E4BBBFE5AE8B5F47424B3B666F6E742D73697A653A313470743B223E3132333135E6B688E8B4B9E68F90E7A4BAE58F91E5B883EFBC9AE6A0B9E68DAEE5B7A5E59586E8A18CE694BFE5B882E59CBAE6B688E8B4B9E7AEA1E79086E79A84E8A681E6B182EFBC8CE68C89E69C88E58F91E5B883E6B688E8B4B9E68F90E7A4BAE4BFA1E681AFE38082E7B3BBE7BB9FE694AFE68C81E4BFA1E681AFE79A84E5A29EE58AA0E38081E7BC96E8BE91E38081E4BFAEE694B9E38081E588A0E999A4E380823C2F7370616E3E3C7370616E207374796C653D22666F6E742D66616D696C793AE696B9E6ADA3E4BBBFE5AE8B5F47424B3B666F6E742D73697A653A31342E3030303070743B223E3C2F7370616E3E200D0A3C2F703E0D0A3C7020636C6173733D22313522207374796C653D226D617267696E2D6C6566743A36332E3030303070743B746578742D696E64656E743A2D33362E3030303070743B223E0D0A093C7370616E207374796C653D22666F6E742D66616D696C793AE696B9E6ADA3E4BBBFE5AE8B5F47424B3B666F6E742D73697A653A313470743B223E34EFBC89266E6273703B3C2F7370616E3E3C7370616E207374796C653D22666F6E742D66616D696C793AE696B9E6ADA3E4BBBFE5AE8B5F47424B3B666F6E742D73697A653A313470743B223E3C7370616E3EE6B688E8B4B9E6B395E8A784EFBC9AE9809AE8BF87E5908EE58FB0E8BF9BE8A18CE6B688E8B4B9E6B395E8A784E4BFA1E681AFE58F91E5B883EFBC8CE5BBBAE7AB8BE6B395E8A784E6A08FE79BAEEFBC8CE694AFE68C81E696B0E5A29EE38081E7BC96E8BE91E38081E588A0E999A4E7AD89E58A9FE883BDE38082E694AFE68C81E68C89E6A08FE79BAEE69FA5E689BEEFBC8CE6B395E8A784E5908DE7A7B0E69FA5E689BEE380823C2F7370616E3E3C2F7370616E3E3C7370616E207374796C653D22666F6E742D66616D696C793AE696B9E6ADA3E4BBBFE5AE8B5F47424B3B666F6E742D73697A653A31342E3030303070743B223E3C2F7370616E3E200D0A3C2F703E0D0A3C7020636C6173733D224D736F4E6F726D616C22207374796C653D226D617267696E2D6C6566743A32372E3030303070743B223E0D0A093C623E3C7370616E207374796C653D22666F6E742D66616D696C793AE696B9E6ADA3E4BBBFE5AE8B5F47424B3B666F6E742D73697A653A313470743B223E3C7370616E3EE7BB9FE8AEA1E58886E69E903C2F7370616E3E3C2F7370616E3E3C2F623E3C623E3C7370616E207374796C653D22666F6E742D66616D696C793AE696B9E6ADA3E4BBBFE5AE8B5F47424B3B666F6E742D73697A653A313470743B223E3C2F7370616E3E3C2F623E200D0A3C2F703E0D0A3C7020636C6173733D224D736F4E6F726D616C22207374796C653D226D617267696E2D6C6566743A32372E3030303070743B746578742D696E64656E743A32382E3030303070743B223E0D0A093C7370616E207374796C653D22666F6E742D66616D696C793AE696B9E6ADA3E4BBBFE5AE8B5F47424B3B666F6E742D73697A653A313470743B223E3C7370616E3EE7BB9FE8AEA1E58886E69E90E698AFE5B086E7B3BBE7BB9FE79A84E695B0E68DAEE9809AE8BF87E69F90E4B880E8A784E58899E68896E69F90E7A78DE8A784E58899E8BF9BE8A18CE6B187E680BBEFBC8CE7BB9FE8AEA1E38081E58886E69E90E79A84E58A9FE883BDE38082E8A681E6B182E7B3BBE7BB9FE883BDE5A49FE694AFE68C81E59BBEE5BDA2E38081E8A1A8E6A0BCE38081E8A1A8E6A0BCE5AFBCE587BAE7AD89E6938DE4BD9CE380823C2F7370616E3E3C2F7370616E3E3C7370616E207374796C653D22666F6E742D66616D696C793AE696B9E6ADA3E4BBBFE5AE8B5F47424B3B666F6E742D73697A653A313470743B223E3C2F7370616E3E200D0A3C2F703E0D0A3C7020636C6173733D22313522207374796C653D226D617267696E2D6C6566743A36332E3030303070743B746578742D696E64656E743A2D33362E3030303070743B223E0D0A093C7370616E207374796C653D22666F6E742D66616D696C793AE696B9E6ADA3E4BBBFE5AE8B5F47424B3B666F6E742D73697A653A313470743B223E31EFBC89266E6273703B3C2F7370616E3E3C7370616E207374796C653D22666F6E742D66616D696C793AE696B9E6ADA3E4BBBFE5AE8B5F47424B3B666F6E742D73697A653A313470743B223E3C7370616E3EE4B8BEE68AA5E4BFA1E681AFE7BB9FE8AEA1E58886E69E90EFBC9AE4BBA5E4B8BEE68AA5E4BFA1E681AFE4B8BAE7BB9FE8AEA1E5AFB9E8B1A1EFBC8CE9809AE8BF87E98089E5AE9AE4B880E4B8AAE697B6E997B4E6AEB5EFBC8CE4B880E888ACE4BBA5E5B9B4E4B8BAE8B7A8E5BAA6EFBC8CE4BBA5E69C88E4B8BAE7BB9FE8AEA1E7B292E5BAA6EFBC8CE8BF9BE8A18CE7BB9FE8AEA1EFBC8CE8A681E6B182E7B3BBE7BB9FE694AFE68C81E7BB9FE8AEA1E68AA5E8A1A8E7949FE68890EFBC8CE5AFBCE587BAE38081E5B9B6E4BBA5E59BBEE5BDA2E58C96E7958CE99DA2E698BEE7A4BAE38082E8A681E6B182E7B3BBE7BB9FE694AFE68C81E4B8BEE68AA5E6A0B8E5AE9EE4BFA1E681AFE4B88EE69CAAE6A0B8E5AE9EE4BFA1E681AFE79A84E5AFB9E6AF94E58886E69E90E380823C2F7370616E3E3C2F7370616E3E3C7370616E207374796C653D22666F6E742D66616D696C793AE696B9E6ADA3E4BBBFE5AE8B5F47424B3B666F6E742D73697A653A31342E3030303070743B223E3C2F7370616E3E200D0A3C2F703E0D0A3C7020636C6173733D22313522207374796C653D226D617267696E2D6C6566743A36332E3030303070743B746578742D696E64656E743A2D33362E3030303070743B223E0D0A093C7370616E207374796C653D22666F6E742D66616D696C793AE696B9E6ADA3E4BBBFE5AE8B5F47424B3B666F6E742D73697A653A313470743B223E32EFBC89266E6273703B3C2F7370616E3E3C7370616E207374796C653D22666F6E742D66616D696C793AE696B9E6ADA3E4BBBFE5AE8B5F47424B3B666F6E742D73697A653A313470743B223E3C7370616E3EE5A484E7BD9AE4BFA1E681AFE7BB9FE8AEA1E58886E69E90EFBC9AE4BBA5E5A484E7BD9AE4BFA1E681AFE4B8BAE7BB9FE8AEA1E5AFB9E8B1A1EFBC8CE9809AE8BF87E98089E5AE9AE4B880E4B8AAE697B6E997B4E6AEB5EFBC8CE4B880E888ACE4BBA5E5B9B4E4B8BAE8B7A8E5BAA6EFBC8CE4BBA5E69C88E4B8BAE7BB9FE8AEA1E7B292E5BAA6EFBC8CE8BF9BE8A18CE7BB9FE8AEA1EFBC8CE8A681E6B182E7B3BBE7BB9FE694AFE68C81E7BB9FE8AEA1E68AA5E8A1A8E7949FE68890EFBC8CE5AFBCE587BAE38081E5B9B6E4BBA5E59BBEE5BDA2E58C96E7958CE99DA2E698BEE7A4BAE38082E8A681E6B182E7B3BBE7BB9FE694AFE68C81E5B7B2E6A0B8E5AE9EE4B8BEE68AA5E4BFA1E681AFE4B88EE5A484E7BD9AE4BFA1E681AFE79A84E5AFB9E6AF94E58886E69E90E380823C2F7370616E3E3C2F7370616E3E3C7370616E207374796C653D22666F6E742D66616D696C793AE696B9E6ADA3E4BBBFE5AE8B5F47424B3B666F6E742D73697A653A31342E3030303070743B223E3C2F7370616E3E200D0A3C2F703E0D0A3C7020636C6173733D22313522207374796C653D226D617267696E2D6C6566743A36332E3030303070743B746578742D696E64656E743A2D33362E3030303070743B223E0D0A093C7370616E207374796C653D22666F6E742D66616D696C793AE696B9E6ADA3E4BBBFE5AE8B5F47424B3B666F6E742D73697A653A313470743B223E33EFBC89266E6273703B3C2F7370616E3E3C7370616E207374796C653D22666F6E742D66616D696C793AE696B9E6ADA3E4BBBFE5AE8B5F47424B3B666F6E742D73697A653A313470743B223E3C7370616E3EE5A4B1E4BFA1E7B1BBE59E8BE7BB9FE8AEA1E58886E69E90EFBC9AE4BBA5E5A4B1E4BFA1E7B1BBE59E8BE4B8BAE7BB9FE8AEA1E4BE9DE68DAEEFBC8CE4BBA5E98089E5AE9AE79A84E697B6E997B4E88C83E59BB4E4B8BAE8B7A8E5BAA6EFBC8CE8BF9BE8A18CE59084E8BF9DE6B395E7B1BBE59E8BE79A84E5AFB9E6AF94E58886E69E90EFBC8CE4BBA5E9A5BCE59BBEE79A84E5BDA2E5BC8FE5B195E78EB0E380823C2F7370616E3E3C2F7370616E3E3C7370616E207374796C653D22666F6E742D66616D696C793AE696B9E6ADA3E4BBBFE5AE8B5F47424B3B666F6E742D73697A653A31342E3030303070743B223E3C2F7370616E3E200D0A3C2F703E0D0A3C7020636C6173733D22313522207374796C653D226D617267696E2D6C6566743A36332E3030303070743B746578742D696E64656E743A2D33362E3030303070743B223E0D0A093C7370616E207374796C653D22666F6E742D66616D696C793AE696B9E6ADA3E4BBBFE5AE8B5F47424B3B666F6E742D73697A653A313470743B223E34EFBC89266E6273703B3C2F7370616E3E3C7370616E207374796C653D22666F6E742D66616D696C793AE696B9E6ADA3E4BBBFE5AE8B5F47424B3B666F6E742D73697A653A313470743B223E3C7370616E3EE5A4B1E4BFA1E8A18CE4B89AE7BB9FE8AEA1E58886E69E90EFBC9AE4BBA5E5A4B1E4BFA1E8A18CE4B89AE4B8BAE7BB9FE8AEA1E4BE9DE68DAEEFBC8CE4BBA5E98089E5AE9AE79A84E697B6E997B4E88C83E59BB4E4B8BAE8B7A8E5BAA6EFBC8CE8BF9BE8A18CE59084E8A18CE4B89AE8BF9DE6B395E8A18CE4B8BAE5AFB9E6AF94E58886E69E90EFBC8CE4BBA5E69FB1E78AB6E59BBEE5BDA2E5BC8FE5B195E78EB0E380823C2F7370616E3E3C2F7370616E3E3C7370616E207374796C653D22666F6E742D66616D696C793AE696B9E6ADA3E4BBBFE5AE8B5F47424B3B666F6E742D73697A653A31342E3030303070743B223E3C2F7370616E3E200D0A3C2F703E0D0A3C7020636C6173733D224D736F4E6F726D616C22207374796C653D226D617267696E2D6C6566743A32372E3030303070743B223E0D0A093C623E3C7370616E207374796C653D22666F6E742D66616D696C793AE696B9E6ADA3E4BBBFE5AE8B5F47424B3B666F6E742D73697A653A313470743B223E3C7370616E3EE6898BE69CBA3C2F7370616E3E3C7370616E3E4835E7ABAF3C2F7370616E3E3C2F7370616E3E3C2F623E3C623E3C7370616E207374796C653D22666F6E742D66616D696C793AE696B9E6ADA3E4BBBFE5AE8B5F47424B3B666F6E742D73697A653A313470743B223E3C2F7370616E3E3C2F623E200D0A3C2F703E0D0A3C7020636C6173733D224D736F4E6F726D616C22207374796C653D226D617267696E2D6C6566743A32382E3035303070743B746578742D696E64656E743A32382E3030303070743B223E0D0A093C7370616E207374796C653D22666F6E742D66616D696C793AE696B9E6ADA3E4BBBFE5AE8B5F47424B3B666F6E742D73697A653A313470743B223E3C7370616E3EE6898BE69CBA3C2F7370616E3E3C7370616E3E4835E7ABAFE4B8BBE8A681E69C8DE58AA1E79BAEE6A087E4BD8DE5B9BFE5A4A7E6B688E8B4B9E88085EFBC8C4835E7ABAFE69C80E7BB88E99C80E8A681E4B88EE69DA8E5878CE5B7A5E59586E5B180E78EB0E69C89E5BEAEE4BFA1E585ACE4BC97E58FB7E8BF9BE8A18CE99B86E68890EFBC8CE9809AE8BF87E99B86E68890EFBC8CE699AEE9809AE794A8E688B7E58FAAE99C80E8A681E585B3E6B3A8E5BEAEE4BFA1E585ACE4BC97E58FB7E58DB3E58FAFE8AEBFE997AEE7B3BBE7BB9FE38082E4BDBFE794A8E7B3BBE7BB9FE58A9FE883BDE380823C2F7370616E3E3C2F7370616E3E3C7370616E207374796C653D22666F6E742D66616D696C793AE696B9E6ADA3E4BBBFE5AE8B5F47424B3B666F6E742D73697A653A313470743B223E3C2F7370616E3E200D0A3C2F703E0D0A3C7020636C6173733D22313522207374796C653D226D617267696E2D6C6566743A36332E3030303070743B746578742D696E64656E743A2D33362E3030303070743B223E0D0A093C7370616E207374796C653D22666F6E742D66616D696C793AE696B9E6ADA3E4BBBFE5AE8B5F47424B3B666F6E742D73697A653A313470743B223E31EFBC89266E6273703B3C2F7370616E3E3C7370616E207374796C653D22666F6E742D66616D696C793AE696B9E6ADA3E4BBBFE5AE8B5F47424B3B666F6E742D73697A653A31342E3030303070743B223E3C7370616E3EE59CA8E7BABFE4B8BEE68AA5EFBC9AE5BD93E699AEE9809AE6B688E8B4B9E88085E5868DE6B688E8B4B9E8BF87E7A88BE4B8ADE694B6E588B0E4B88DE585ACE5B9B3E5BE85E98187EFBC8CE6B688E8B4B9E88085E58DB3E58FAFE9809AE8BF87E5BEAEE4BFA1E585ACE4BC97E58FB7E99B86E68890E79A843C2F7370616E3E3C7370616E3E4835E7ABAFE8BF9BE8A18CE6B688E8B4B9E7BBB4E69D83E68A95E8AF89E5928CE4B8BEE68AA5EFBC8CE6B688E8B4B9E88085E9809AE8BF87E5A1ABE58699E4B8BEE68AA5E4BFA1E681AFE8A1A8E58D95E68F90E4BAA4E4B8BEE68AA5E58685E5AEB9EFBC8CE4B8BEE68AA5E58685E5AEB9E68F90E4BAA4E5908EE8BF9BE585A5E5908EE58FB0E5AEA1E6A0B8E6B581E7A88BE38082E7B3BBE7BB9FE99C80E8A681E694AFE68C81E68B8DE785A7E4B8BEE8AF81E380823C2F7370616E3E3C2F7370616E3E3C7370616E207374796C653D22666F6E742D66616D696C793AE696B9E6ADA3E4BBBFE5AE8B5F47424B3B666F6E742D73697A653A31342E3030303070743B223E3C2F7370616E3E200D0A3C2F703E0D0A3C7020636C6173733D22313522207374796C653D226D617267696E2D6C6566743A36332E3030303070743B746578742D696E64656E743A2D33362E3030303070743B223E0D0A093C7370616E207374796C653D22666F6E742D66616D696C793AE696B9E6ADA3E4BBBFE5AE8B5F47424B3B666F6E742D73697A653A313470743B223E32EFBC89266E6273703B3C2F7370616E3E3C7370616E207374796C653D22666F6E742D66616D696C793AE696B9E6ADA3E4BBBFE5AE8B5F47424B3B666F6E742D73697A653A313470743B223E3C7370616E3EE4B8BEE68AA5E5A484E79086E8BF9BE5BAA6E69FA5E8AFA2EFBC9AE4B8BEE68AA5E5AE8CE68890E5908EEFBC8CE7B3BBE7BB9FE5B086E887AAE58AA8E7949FE68890E4B880E69DA1E69FA5E8AFA2E7A081EFBC8CE9809AE8BF87E8AFA5E69FA5E8AFA2E7A081EFBC8CE794A8E688B7E58FAFE4BBA5E69FA5E8AFA2E588B0E4B8BEE68AA5E58685E5AEB9E79A84E5A484E79086E8BF9BE5BAA6E4B88EE5A484E79086E7BB93E69E9CE380823C2F7370616E3E3C2F7370616E3E3C7370616E207374796C653D22666F6E742D66616D696C793AE696B9E6ADA3E4BBBFE5AE8B5F47424B3B666F6E742D73697A653A31342E3030303070743B223E3C2F7370616E3E200D0A3C2F703E0D0A3C7020636C6173733D22313522207374796C653D226D617267696E2D6C6566743A36332E3030303070743B746578742D696E64656E743A2D33362E3030303070743B223E0D0A093C7370616E207374796C653D22666F6E742D66616D696C793AE696B9E6ADA3E4BBBFE5AE8B5F47424B3B666F6E742D73697A653A313470743B223E33EFBC89266E6273703B3C2F7370616E3E3C7370616E207374796C653D22666F6E742D66616D696C793AE696B9E6ADA3E4BBBFE5AE8B5F47424B3B666F6E742D73697A653A31342E3030303070743B223E3C7370616E3EE7BB8FE890A5E88085E4BFA1E794A8E69FA5E8AFA2EFBC9AE7B3BBE7BB9FE68F90E4BE9BE4B8A4E7A78DE696B9E5BC8FE8BF9BE8A18CE7BB8FE890A5E88085E4BFA1E794A8E69FA5E8AFA2EFBC8CE7ACACE4B880E7A78DE696B9E5BC8FEFBC8CE6B688E8B4B9E88085E58FAFE4BBA5E9809AE8BF87E6898BE69CBA3C2F7370616E3E3C7370616E3E4835E9A1B5E99DA2E79A84E7BB8FE890A5E88085E4BFA1E794A8E69FA5E8AFA2E9A1B5E99DA2E8BE93E585A5E7BB8FE890A5E88085E5908DE7A7B0E8BF9BE8A18CE69FA5E8AFA2EFBC88E7B3BBE7BB9FE99C80E8A681E694AFE68C81E6A8A1E7B38AE69FA5E8AFA2EFBC89EFBC8CE7ACACE4BA8CE7A78DE696B9E5BC8FE9809AE8BF87E689ABE68F8FE7BB8FE890A5E88085E585ACE7A4BAE79A84E4BA8CE7BBB4E7A081E4BFA1E681AFE8BF9BE8A18CE69FA5E8AFA2EFBC8CE69FA5E8AFA2E5908EE79A84E4BFA1E681AFE5B086E58F8DE9A688E59CA8E4BFA1E794A8E585ACE7A4BAE9A1B5E99DA2E380823C2F7370616E3E3C2F7370616E3E3C7370616E207374796C653D22666F6E742D66616D696C793AE696B9E6ADA3E4BBBFE5AE8B5F47424B3B666F6E742D73697A653A31342E3030303070743B223E3C2F7370616E3E200D0A3C2F703E0D0A3C7020636C6173733D22313522207374796C653D226D617267696E2D6C6566743A36332E3030303070743B746578742D696E64656E743A2D33362E3030303070743B223E0D0A093C7370616E207374796C653D22666F6E742D66616D696C793AE696B9E6ADA3E4BBBFE5AE8B5F47424B3B666F6E742D73697A653A313470743B223E34EFBC89266E6273703B3C2F7370616E3E3C7370616E207374796C653D22666F6E742D66616D696C793AE696B9E6ADA3E4BBBFE5AE8B5F47424B3B666F6E742D73697A653A313470743B223E3C7370616E3EE8A18CE4B89AE6B688E8B4B9E9A284E8ADA6EFBC9AE6B688E8B4B9E88085E58FAFE4BBA5E9809AE8BF87E69FA5E79C8BE8A18CE4B89AE6B688E8B4B9E9A284E8ADA6E6A08FE79BAEE69FA5E79C8BE6ADA3E59CA8E8BF9BE8A18CE6B688E8B4B9E9A284E8ADA6E79A84E8A18CE4B89AE38082E5908CE697B6E6B688E8B4B9E88085E4B99FE58FAFE4BBA5E9809AE8BF87E69FA5E79C8BE69F90E4B880E7BB8FE890A5E88085E68980E59CA8E8A18CE4B89AE79A84E696B9E5BC8FE69FA5E79C8BE69F90E4B880E789B9E5AE9AE8A18CE4B89AE79A84E6B688E8B4B9E9A284E8ADA6E4BFA1E681AFE380823C2F7370616E3E3C2F7370616E3E3C7370616E207374796C653D22666F6E742D66616D696C793AE696B9E6ADA3E4BBBFE5AE8B5F47424B3B666F6E742D73697A653A31342E3030303070743B223E3C2F7370616E3E200D0A3C2F703E0D0A3C7020636C6173733D22313522207374796C653D226D617267696E2D6C6566743A36332E3030303070743B746578742D696E64656E743A2D33362E3030303070743B223E0D0A093C7370616E207374796C653D22666F6E742D66616D696C793AE696B9E6ADA3E4BBBFE5AE8B5F47424B3B666F6E742D73697A653A313470743B223E35EFBC89266E6273703B3C2F7370616E3E3C7370616E207374796C653D22666F6E742D66616D696C793AE696B9E6ADA3E4BBBFE5AE8B5F47424B3B666F6E742D73697A653A313470743B223E3C7370616E3EE8A18CE4B89AE68A95E8AF89E6B187E680BBEFBC9AE6B688E8B4B9E880853C7370616E207374796C653D226C696E652D6865696768743A312E353B223E3C2F7370616E3EE58FAFE4BBA5E69FA5E79C8BE69F90E4B880E8A18CE4B89AE79A84E68980E69C89E58E86E58FB2E68A95E8AF89E79A84E6B187E680BBE4BFA1E681AFEFBC8CE8A18CE4B89AE68A95E8AF89E6B187E680BBE5B086E698BEE7A4BAE8AFA5E8A18CE4B89AE68980E69C893C7370616E3E3C2F7370616E3E3C2F7370616E3E3C2F7370616E3E3C7370616E207374796C653D22666F6E742D66616D696C793AE696B9E6ADA3E4BBBFE5AE8B5F47424B3B666F6E742D73697A653A313470743B223E3C7370616E3E3C7370616E3E3C2F7370616E3EE8A2ABE68A95E8AF89E7BB8FE890A5E88085E79A84E5A4B1E4BFA1E8A18C3C7370616E3E3C7370616E3E3C2F7370616E3E3C2F7370616E3EE4B8BAE380823C2F7370616E3E3C2F7370616E3E3C7370616E207374796C653D22666F6E742D66616D696C793AE696B9E6ADA3E4BBBFE5AE8B5F47424B3B666F6E742D73697A653A31342E3030303070743B223E3C2F7370616E3E200D0A3C2F703E0D0A3C7020636C6173733D22313522207374796C653D226D617267696E2D6C6566743A36332E3030303070743B746578742D696E64656E743A2D33362E3030303070743B223E0D0A093C7370616E207374796C653D22666F6E742D66616D696C793AE696B9E6ADA3E4BBBFE5AE8B5F47424B3B666F6E742D73697A653A313470743B223E36EFBC89266E6273703B3C2F7370616E3E3C7370616E207374796C653D22666F6E742D66616D696C793AE696B9E6ADA3E4BBBFE5AE8B5F47424B3B666F6E742D73697A653A313470743B223E3132333135E6B688E8B4B9E68F90E7A4BAEFBC9AE6B688E8B4B9E88085E58FAFE9809AE8BF87E6898BE69CBA4835E7ABAFE68C89E69C88E69FA5E79C8B3132333135E79A84E6B688E8B4B9E68F90E7A4BAE4BFA1E681AFE380823C2F7370616E3E3C7370616E207374796C653D22666F6E742D66616D696C793AE696B9E6ADA3E4BBBFE5AE8B5F47424B3B666F6E742D73697A653A31342E3030303070743B223E3C2F7370616E3E200D0A3C2F703E0D0A3C7020636C6173733D22313522207374796C653D226D617267696E2D6C6566743A36332E3030303070743B746578742D696E64656E743A2D33362E3030303070743B223E0D0A093C7370616E207374796C653D22666F6E742D66616D696C793AE696B9E6ADA3E4BBBFE5AE8B5F47424B3B666F6E742D73697A653A313470743B223E37EFBC89266E6273703B3C2F7370616E3E3C7370616E207374796C653D22666F6E742D66616D696C793AE696B9E6ADA3E4BBBFE5AE8B5F47424B3B666F6E742D73697A653A31342E3030303070743B223E3C7370616E3EE6B688E8B4B9E6B395E8A784E69FA5E8AFA2EFBC9AE6B688E8B4B9E88085E58FAFE9809AE8BF87E6898BE69CBA3C2F7370616E3E3C7370616E3E4835E7ABAFE69FA5E8AFA2E6B688E8B4B9E79BB8E585B3E6B395E5BE8BE6B395E8A784E4BFA1E681AFE380823C2F7370616E3E3C2F7370616E3E200D0A3C2F703E0D0A3C7020636C6173733D224D736F4E6F726D616C223E0D0A093C7370616E207374796C653D22666F6E742D66616D696C793A2754696D6573204E657720526F6D616E273B666F6E742D73697A653A31302E3530303070743B223E3C2F7370616E3E200D0A3C2F703E, '2018-03-23 00:13:51', '2018-03-23 10:49:45');
INSERT INTO `cms_article` VALUES ('402880e9624e3bd3016250bbfdb40004', '饲料行业质量安全监管持续强化', '402880e9624c96be01624ca655820007', '北京市农业局', '原创', '超级管理员', 'U01', '2018-03-23 00:00:00', 0xE68DAEE4B8ADE59BBDE5869CE4B89AE696B0E997BBE7BD91E6B688E681AFEFBC8C32303137E5B9B4EFBC8CE5B7A5E4B89AE9A5B2E69699E4BAA7E9878FE8B685E8BF8732E4BABFE590A8EFBC8CE8BF9EE7BBAD37E5B9B4E4BD8DE5B185E4B896E7958CE7ACACE4B880EFBC8CE5B9B4E4BAA7E580BCE8B685E8BF8738303030E4BABFE58583EFBC8CE9A5B2E69699E5AE89E585A8E79B91E7AEA1E68C81E7BBADE5BCBAE58C96EFBC8CE4B8BAE4BF9DE99A9CE7959CE4BAA7E59381E5AE89E585A8E5A5A0E5AE9AE59FBAE7A180E38082, 0x3C646976207374796C653D22746578742D616C69676E3A6C6566743B223E0D0A093C7020616C69676E3D226A75737469667922207374796C653D22746578742D616C69676E3A6A7573746966793B666F6E742D66616D696C793A417269616C2C2048656C7665746963612C2073616E732D73657269662C20E5AE8BE4BD933B666F6E742D73697A653A313470783B223E0D0A09093C7370616E207374796C653D22666F6E742D66616D696C793AE5AE8BE4BD933B666F6E742D73697A653A313870783B223E26656D73703B26656D73703BE8BF91E5B9B4E69DA5EFBC8CE68891E59BBDE9A5B2E69699E8B4A8E9878FE5AE89E585A8E7BBA7E7BBADE4BF9DE68C81E8BE83E9AB98E6B0B4E5B9B3E38082E68DAEE5869CE4B89AE983A8E7BB84E7BB87E5BC80E5B195E9A5B2E69699E8B4A8E9878FE5AE89E585A8E4B893E9A1B9E79B91E6B58BE698BEE7A4BAEFBC8C32303137E5B9B4E68ABDE6A380E59586E59381E9A5B2E69699E6A0B7E593813131303030E689B9E6ACA1EFBC8CE59586E59381E9A5B2E69699E8B4A8E9878FE58DABE7949FE59088E6A0BCE78E8739372E3425EFBC8CE6AF94E4B88AE5B9B4E68F90E9AB98312E31E4B8AAE799BEE58886E782B9EFBC8CE59586E59381E9A5B2E69699E4B8ADE2809CE798A6E88289E7B2BEE2809DE38081E4B889E8819AE6B0B0E883BAE7AD89E8BF9DE7A681E6B7BBE58AA0E789A9E99D9EE6B395E6B7BBE58AA0E8A18CE4B8BAE5BE97E588B0E69C89E69588E68EA7E588B6E38082E9A5B2E69699E6B7BBE58AA0E58982E4BDBFE794A8E8A784E5AE9AE69BB4E58AA0E4B8A5E6A0BCE38082E5869CE4B89AE983A8E4BFAEE8AEA2E58F91E5B883E3808AE9A5B2E69699E6B7BBE58AA0E58982E5AE89E585A8E4BDBFE794A8E8A784E88C83E3808BEFBC8CE7BB9FE7ADB9E4BF9DE7949FE68081E5928CE4BF9DE4BE9BE7BB99E5B9B3E8A1A1EFBC8CE585A8E99DA2E4B88BE8B083E9A5B2E69699E6B7BBE58AA0E58982E4BDBFE794A8E69C80E9AB98E99990E9878FEFBC8CE4B88EE4B896E7958CE4B88AE69C80E4B8A5E6A0BCE79A84E6ACA7E79B9FE6A087E58786E68EA5E8BDA8EFBC8CE9939CE9948CE7AD89E99990E9878FE68C87E6A087E8BF98E4B8A5E4BA8EE6ACA7E7BE8EE58F91E8BEBEE59BBDE5AEB6E380823C2F7370616E3E200D0A093C2F703E0D0A093C7020616C69676E3D226A75737469667922207374796C653D22746578742D616C69676E3A6A7573746966793B666F6E742D66616D696C793A417269616C2C2048656C7665746963612C2073616E732D73657269662C20E5AE8BE4BD933B666F6E742D73697A653A313470783B223E0D0A09093C7370616E207374796C653D22666F6E742D73697A653A313870783B223E3C7370616E207374796C653D22666F6E742D66616D696C793AE5AE8BE4BD933B666F6E742D73697A653A313870783B223E26656D73703B26656D73703BE4B8BAE4BA86E98082E5BA94E585BBE6AE96E4B89AE7BBBFE889B2E58F91E5B195E8A681E6B182EFBC8CE59084E7BAA7E5869CE4B89AE983A8E997A8E5A4A7E5B985E4B88BE8B083E9A5B2E69699E4B8ADE9939CE9948CE99990E9878FE580BCEFBC8CE58092E980BCE585BBE6AE96E59CBAE8BDACE59E8BE58D87E7BAA7EFBC8CE68F90E9AB98E7AEA1E79086E6B0B4E5B9B3EFBC8CE59CA8E6BBA1E8B6B3E585BBE6AE96E99C80E6B182E59FBAE7A180E4B88AE69C89E69588E9998DE4BD8EE9939CE9948CE68E92E694BEE9878FE38082E9A284E8AEA1E689A7E8A18CE696B0E79A84E99990E9878FE8A784E5AE9AE5908EEFBC8CE68891E59BBDE585BBE6AE96E4B89AE6AF8FE5B9B4E58FAFE5878FE68E92E9939CE58583E7B4A0302E38E4B887E590A8E38081E9948CE58583E7B4A0312E3635E4B887E590A8EFBC8CE58886E588ABE5878FE9878F353025E5928C333425E4BBA5E4B88AE380823C2F7370616E3E3C2F7370616E3E200D0A093C2F703E0D0A3C6272202F3E0D0A3C2F6469763E, '2018-03-23 10:42:00', '2018-03-23 10:43:45');
INSERT INTO `cms_article` VALUES ('402880e96258e951016258ed52500000', '【2018年01月】消费提示', '402880e9624c96be01624cacc8a40009', '山西日报', '原创', '超级管理员', 'U01', '2018-03-25 00:00:00', '', 0x3C70207374796C653D22636F6C6F723A233333333333333B666F6E742D66616D696C793AE5AE8BE4BD933B6261636B67726F756E642D636F6C6F723A234646464646463B666F6E742D73697A653A313270743B223E0D0A0926656D73703B26656D73703BE69CACE68AA5E8AEAFEFBC88E8AEB0E8808520E983ADE685A7EFBC89E698A5E88A82E5B086E887B3EFBC8CE5B9B4E8B4A7E6B688E8B4B9E9AB98E5B3B0E99A8FE4B98BE8808CE69DA5E3808231E69C883137E697A5EFBC8CE5A4AAE58E9FE5B882E5B7A5E59586E5B1803132333135E6B688E8B4B9E88085E794B3E8AF89E4B8BEE68AA5E68C87E68CA5E4B8ADE5BF83E58F91E5B883E6B688E8B4B9E8ADA6E7A4BAEFBC8CE68F90E98692E6B688E8B4B9E88085E8B4ADE4B9B0E5B9B4E8B4A7E697B6EFBC8CE8A681E998B2E88C83E8AF86E588ABE6B688E8B4B9E999B7E998B1EFBC8CE5819AE588B0E79086E680A7E38081E5AE89E585A8E6B688E8B4B9E380820D0A3C2F703E0D0A3C70207374796C653D22636F6C6F723A233333333333333B666F6E742D66616D696C793AE5AE8BE4BD933B6261636B67726F756E642D636F6C6F723A234646464646463B666F6E742D73697A653A313270743B223E0D0A0926656D73703B26656D73703BE59CA8E8B4ADE4B9B0E69C8DE8A385E38081E99E8BE5B8BDE7B1BBE59586E59381E697B6E8A681E5B0BDE9878FE588B0E6ADA3E8A784E79A84E59586E59CBAE68896E59586E59F8EE98089E8B4ADE38082E8B4ADE4B9B0E697B6E999A4E4BA86E8A681E6AF94E5AFB9E4BBB7E6A0BCE4B98BE5A496EFBC8CE8BF98E8A681E8AEA4E79C9FE69FA5E79C8BE59586E59381E8B4A8E9878FE38081E58685E590ABE68890E58886E38081E6B497E6B6A4E68890E58886E7AD89E79BB8E585B3E6A087E8AEB0E38082E98089E68BA9E5A5BDE98082E59088E887AAE5B7B1E79A84E6ACBEE5BC8FE38081E9A29CE889B2E5928CE5B0BAE7A081E5B9B6E7BB8FE8BF87E8AF95E7A9BFE4B98BE5908EE5868DE7BB93E8B4A6E4BB98E6ACBEE38082E99C80E8A681E789B9E6AE8AE5BCBAE8B083E79A84E698AFE59BA0E99E8BE7B1BBE59586E59381E69C89E2809CE4B889E58C85E2809DE8A784E5AE9AEFBC88E2809CE4B889E58C85E2809DE69C89E69588E69C9FE887AAE5BC80E585B7E58F91E7A5A8E68896E69C89E69588E587ADE8AF81E4B98BE697A5E8B5B7E8AEA1E7AE97EFBC8CE5A682E58F91E78EB0E8B4A8E9878FE997AEE9A298EFBC8C37E697A5E58685E58C85E98080E380813135E697A5E58C85E68DA2EFBC89EFBC8CE69585E59CA8E8B4ADE4B9B0E99E8BE7B1BBE59586E59381E697B6EFBC8CE4B880E5AE9AE8A681E8AEA4E79C9FE98089E8B4ADE38081E58F8AE697B6E8AF95E7A9BFEFBC8CE981BFE5858DE59BA0E6ACBEE5BC8FE38081E5B0BAE7A081E4B88DE59088E98082E683B3E69BB4E68DA2E4BD86E58F88E8BF87E4BA86E2809CE4B889E58C85E2809DE69C89E69588E69C9FE99990E79A84E68385E586B5E58F91E7949FE380820D0A3C2F703E0D0A3C70207374796C653D22636F6C6F723A233333333333333B666F6E742D66616D696C793AE5AE8BE4BD933B6261636B67726F756E642D636F6C6F723A234646464646463B666F6E742D73697A653A313270743B223E0D0A0926656D73703B26656D73703BE8B4ADE4B9B0E9A39FE59381E7B1BBE5B9B4E8B4A7E697B6EFBC8CE8A681E6B3A8E6848FE58C85E8A385E698AFE590A6E5AE8CE5A5BDE697A0E68D9FEFBC8CE5A496E58C85E8A385E4B88AE698AFE590A6E69C89E5AE8CE695B4E79A84E4BAA7E59CB0E38081E58E82E59D80E38081E794B5E8AF9DEFBC8CE6B3A8E6848FE69FA5E79C8BE7949FE4BAA7E697A5E69C9FE58F8AE4BF9DE8B4A8E69C9FE38082E8A681E79086E680A7E6B688E8B4B9EFBC8CE4B88DE8A681E8A2ABE59586E5AEB6E4BF83E99480E68896E68993E68A98E68980E8AFAFE5AFBCE380820D0A3C2F703E0D0A3C70207374796C653D22636F6C6F723A233333333333333B666F6E742D66616D696C793AE5AE8BE4BD933B6261636B67726F756E642D636F6C6F723A234646464646463B666F6E742D73697A653A313270743B223E0D0A0926656D73703B26656D73703BE7BD91E8B4ADE5AF84E98081E5B9B4E8B4A7E68F90E697A9E8A784E58892E38082E698A5E88A82E5898D3135E5A4A9E887B33230E5A4A9E5BFABE98092E9878FE4BC9AE78C9BE5A29EEFBC8CE4B880E4BA9BE5BFABE98092E4BC9AE587BAE78EB0E2809CE78886E4BB93E2809DE7AD89E68385E586B5EFBC8CE5AFBCE887B4E58C85E8A3B9E587BAE78EB0E5BBB6E8AFAFE38082E59BA0E6ADA4EFBC8CE68993E7AE97E7BD91E8B4ADE5AF84E98081E5B9B4E8B4A7E79A84E6B688E8B4B9E88085EFBC8CE69C80E5A5BDE68F90E5898DE4B88EE59586E5AEB6E68896E88085E5BFABE98092E585ACE58FB8E69C8DE58AA1E782B9E6B29FE9809AEFBC8CE68F90E5898DE8B4ADE4B9B0E38081E7AE97E5A5BDE697B6E997B4E5B7AEEFBC8CE4BBA5E998B2E880BDE8AFAFE694B6E8B4A7E38082E7BD91E8B4ADE5B9B4E8B4A7E697B6EFBC8CE8A681E585B3E6B3A8E58D96E5AEB6E6A087E6B3A8E79A84E58F91E8B4A7E697A5E69C9FE380820D0A3C2F703E0D0A3C70207374796C653D22636F6C6F723A233333333333333B666F6E742D66616D696C793AE5AE8BE4BD933B6261636B67726F756E642D636F6C6F723A234646464646463B666F6E742D73697A653A313270743B223E0D0A0926656D73703B26656D73703BE68F90E998B2E59586E5AEB6E2809CE4BD8EE6A087E9AB98E7BB93E2809DE38082E8A681E4BB94E7BB86E8A782E5AF9FE4BBB7E7ADBEE6A087E4BBB7E5928CE4BF83E99480E5AEA3E4BCA0EFBC8CE7BB93E8B4A6E5908EE79599E5A5BDE5B08FE7A5A8EFBC8CE79599E5BF83E6AF94E8BE83E5B9BFE5918AE4BF83E99480E4BBB7E6A0BCE38081E4BBB7E7ADBEE6A087E7A4BAE4BBB7E6A0BCE5928CE7BB93E8B4A6E4BBB7E6A0BCEFBC8CE58F91E78EB0E8999AE69E84E58E9FE4BBB7E38081E4BD8EE6A087E9AB98E7BB93E7AD89E8BF9DE6B395E8A18CE4B8BAE79A84EFBC8CE4BF9DE5AD98E5A5BDE5BD93E697B6E8B4A7E69EB6E6A087E7ADBEE4BBB7E6A0BCE38081E5B08FE7A5A8E7AD89E8AF81E68DAEEFBC8CE59091E5BD93E59CB0E69C89E585B3E983A8E997A8E68A95E8AF89EFBC8CE7BBB4E68AA4E887AAE8BAABE59088E6B395E69D83E79B8AE380820D0A3C2F703E0D0A3C70207374796C653D22636F6C6F723A233333333333333B666F6E742D66616D696C793AE5AE8BE4BD933B6261636B67726F756E642D636F6C6F723A234646464646463B666F6E742D73697A653A313270743B223E0D0A0926656D73703B26656D73703BE6B3A8E6848FE4BF9DE5AD98E5A5BDE8B4ADE789A9E587ADE8AF81EFBC8CE5A682E4B9B0E58D96E58F91E7A5A8E38081E789A9E6B581E58F96E8B4A7E58D95E68DAEE4BBA5E58F8AE7BD91E4B88AE8818AE5A4A9E8AEB0E5BD95E7AD89EFBC8CE4BBA5E4BEBFE58F91E7949FE7BAA0E7BAB7E697B6E7BBB4E69D83E4BDBFE794A8E38082E4B880E697A6E58F91E7949FE6B688E8B4B9E7BAA0E7BAB7EFBC8CE6B688E8B4B9E88085E58FAFE58588E4B88EE7BB8FE890A5E88085E58D8FE59586E8A7A3E586B3EFBC8CE58D8FE59586E4B88DE68890E79A84E58FAFE59091E5BD93E59CB0E5B7A5E59586E983A8E997A8E68A95E8AF89E380820D0A3C2F703E, '2018-03-25 00:52:46', '2018-03-25 00:52:46');
INSERT INTO `cms_article` VALUES ('402880e9625da0ac01625dc726be0000', '关于开展“黑车”专项整治的实施意见', '402880e9624c96be01624ca627820006', '法律教育网', '转载', '超级管理员', 'U01', '2018-03-25 00:00:00', 0xE2809CE9BB91E8BDA6E2809DE585B7E69C89E6B581E58AA8E680A7E38081E99A90E894BDE680A7E7AD89E789B9E782B9EFBC8CE8B083E69FA5E58F96E8AF81E69C89E4B880E5AE9AE79A84E99ABEE5BAA6EFBC8CE5BC80E5B195E2809CE9BB91E8BDA6E2809DE4B893E9A1B9E695B4E6B2BBE5BF85E9A1BBE5A49AE7AEA1E9BD90E4B88BEFBC8CE4BE9DE99DA0E59084E696B9E99DA2E79A84E58A9BE9878FE9BD90E68A93E585B1E7AEA1E38082, 0x3C70207374796C653D22636F6C6F723A233333333333333B666F6E742D66616D696C793AE5AE8BE4BD932C2048656C7665746963612C205461686F6D612C20617269616C2C2073616E732D73657269663B666F6E742D73697A653A313470783B6261636B67726F756E642D636F6C6F723A234646464646463B223E0D0A09E59084E8BE96E5B882E38081E58CBAE4BABAE6B091E694BFE5BA9CEFBC8CE5B882E59084E5A794E58A9EE5B180EFBC8CE5B882E59084E585ACE58FB8E38081E79BB4E5B19EE58D95E4BD8DEFBC9A0D0A3C2F703E0D0A3C70207374796C653D22636F6C6F723A233333333333333B666F6E742D66616D696C793AE5AE8BE4BD932C2048656C7665746963612C205461686F6D612C20617269616C2C2073616E732D73657269663B666F6E742D73697A653A313470783B6261636B67726F756E642D636F6C6F723A234646464646463B223E0D0A0926656D73703B26656D73703BE4B8BAE695B4E9A1BFE5B882E59CBAE7BB8FE6B58EE7A7A9E5BA8FEFBC8CE4B8A5E58E89E68993E587BBE69CAAE7BB8FE98193E8B7AFE8BF90E8BE93E7BB8FE890A5E8AEB8E58FAFE4BB8EE4BA8BE5AEA2E8BF90E587BAE7A79FE4B89AE58AA1EFBC88E2809CE9BB91E8BDA6E2809DEFBC89E79A84E99D9EE6B395E7BB8FE890A5E8A18CE4B8BAEFBC8CE4BF9DE99A9CE5B9BFE5A4A7E4B998E5AEA2E5928CE59088E6B395E7BB8FE890A5E88085E79A84E6ADA3E5BD93E69D83E79B8AEFBC8CE5B882E694BFE5BA9CE586B3E5AE9AE5BC80E5B195E2809CE9BB91E8BDA6E2809DE4B893E9A1B9E695B4E6B2BBEFBC8CE78EB0E68F90E587BAE5A682E4B88BE5AE9EE696BDE6848FE8A781EFBC9A0D0A3C2F703E0D0A3C70207374796C653D22636F6C6F723A233333333333333B666F6E742D66616D696C793AE5AE8BE4BD932C2048656C7665746963612C205461686F6D612C20617269616C2C2073616E732D73657269663B666F6E742D73697A653A313470783B6261636B67726F756E642D636F6C6F723A234646464646463B223E0D0A0926656D73703B26656D73703BE4B880E38081E58AA0E5BCBAE9A286E5AFBCEFBC8CE7A1AEE4BF9DE695B4E6B2BBE8A18CE58AA8E79A84E9A1BAE588A9E68EA8E8BF9B0D0A3C2F703E0D0A3C70207374796C653D22636F6C6F723A233333333333333B666F6E742D66616D696C793AE5AE8BE4BD932C2048656C7665746963612C205461686F6D612C20617269616C2C2073616E732D73657269663B666F6E742D73697A653A313470783B6261636B67726F756E642D636F6C6F723A234646464646463B223E0D0A0926656D73703B26656D73703BE2809CE9BB91E8BDA6E2809DE585B7E69C89E6B581E58AA8E680A7E38081E99A90E894BDE680A7E7AD89E789B9E782B9EFBC8CE8B083E69FA5E58F96E8AF81E69C89E4B880E5AE9AE79A84E99ABEE5BAA6EFBC8CE5BC80E5B195E2809CE9BB91E8BDA6E2809DE4B893E9A1B9E695B4E6B2BBE5BF85E9A1BBE5A49AE7AEA1E9BD90E4B88BEFBC8CE4BE9DE99DA0E59084E696B9E99DA2E79A84E58A9BE9878FE9BD90E68A93E585B1E7AEA1E38082E4B8BAE58AA0E5BCBAE5AFB9E4B893E9A1B9E695B4E6B2BBE5B7A5E4BD9CE79A84E9A286E5AFBCEFBC8CE5B882E694BFE5BA9CE5B086E68890E7AB8BE58886E7AEA1E9A286E5AFBCE4BBBBE7BB84E995BFEFBC8CE5B882E4BAA4E9809AE38081E585ACE5AE89E38081E5B7A5E59586E38081E789A9E4BBB7E38081E6B395E588B6E38081E8B4A2E694BFE38081E79B91E5AF9FE7AD89E983A8E997A8E79A84E8B49FE8B4A3E5908CE5BF97E4B8BAE68890E59198E79A84E4B893E9A1B9E695B4E6B2BBE5B7A5E4BD9CE9A286E5AFBCE5B08FE7BB84E38082E9A286E5AFBCE5B08FE7BB84E58A9EE585ACE5AEA4E8AEBEE59CA8E5B882E4BAA4E9809AE5B180EFBC8CE585B7E4BD93E8B49FE8B4A3E4B893E9A1B9E695B4E6B2BBE8A18CE58AA8E79A84E58D8FE8B083E68C87E68CA5E38082E59084E69C89E585B3E983A8E997A8E8A681E9AB98E5BAA6E9878DE8A786EFBC8CE59084E58FB8E585B6E8818CEFBC8CE5AF86E58887E9858DE59088EFBC8CE5BDA2E68890E4B893E9A1B9E695B4E6B2BBE5B7A5E4BD9CE79A84E59088E58A9BEFBC8CE68A8AE4B893E9A1B9E695B4E6B2BBE8A18CE58AA8E79A84E59084E9A1B9E68EAAE696BDE890BDE588B0E5AE9EE5A484E380820D0A3C2F703E0D0A3C70207374796C653D22636F6C6F723A233333333333333B666F6E742D66616D696C793AE5AE8BE4BD932C2048656C7665746963612C205461686F6D612C20617269616C2C2073616E732D73657269663B666F6E742D73697A653A313470783B6261636B67726F756E642D636F6C6F723A234646464646463B223E0D0A0926656D73703B26656D73703BE4BA8CE38081E5BCBAE58C96E5AEA3E4BCA0EFBC8CE890A5E980A0E695B4E6B2BBE8A18CE58AA8E79A84E889AFE5A5BDE6B09BE59BB40D0A3C2F703E0D0A3C70207374796C653D22636F6C6F723A233333333333333B666F6E742D66616D696C793AE5AE8BE4BD932C2048656C7665746963612C205461686F6D612C20617269616C2C2073616E732D73657269663B666F6E742D73697A653A313470783B6261636B67726F756E642D636F6C6F723A234646464646463B223E0D0A0926656D73703B26656D73703BE5BC80E5B195E2809CE9BB91E8BDA6E2809DE4B893E9A1B9E695B4E6B2BBE883BDE590A6E58F96E5BE97E5AE9EE69588EFBC8CE585B3E994AEE59CA8E4BA8EE5B9BFE5A4A7E7BEA4E4BC97E79A84E5B9BFE6B39BE58F82E4B88EE5928CE7A7AFE69E81E694AFE68C81E38082E8A681E58585E58886E588A9E794A8E68AA5E7BAB8E38081E794B5E58FB0E38081E794B5E8A786E58FB0E7AD89E696B0E997BBE5AA92E4BD93E4BBA5E58F8AE585B6E5AE83E59084E7A78DE5AEA3E4BCA0E696B9E5BC8FEFBC8CE5BC80E5B195E5BDA2E5BC8FE5A49AE6A0B7E79A84E5AEA3E4BCA0E69599E882B2E6B4BBE58AA8EFBC8CE4B88DE696ADE58AA0E5A4A7E4B893E9A1B9E695B4E6B2BBE8A18CE58AA8E5AEA3E4BCA0E5B7A5E4BD9CE79A84E58A9BE5BAA6EFBC8CE4BDBFE5B9BFE5A4A7E7BEA4E4BC97E58F8AE697B6E4BA86E8A7A3E79BB8E585B33C6120687265663D22687474703A2F2F7777772E6368696E616C61776564752E636F6D2F22207461726765743D225F626C616E6B2220636C6173733D2262756C65223EE6B395E5BE8B3C2F613EE380813C6120687265663D22687474703A2F2F7777772E6368696E616C61776564752E636F6D2F66616C7666616775692F22207461726765743D225F626C616E6B2220636C6173733D2262756C65223EE6B395E8A7843C2F613EE38081E8A784E7ABA0E4BBA5E58F8AE4B893E9A1B9E695B4E6B2BBE8A18CE58AA8E79A84E79BAEE79A84E38081E6848FE4B989EFBC8CE4BA89E58F96E5B9BFE5A4A7E7BEA4E4BC97E79A84E79086E8A7A3E38081E694AFE68C81E5928CE9858DE59088EFBC8CE4BDBFE5B9BFE5A4A7E7BEA4E4BC97E887AAE8A789E68AB5E588B6E2809CE9BB91E8BDA6E2809DEFBC8CE7A7AFE69E81E9858DE59088E68993E587BBE2809CE9BB91E8BDA6E2809DE38082E8A681E5BC80E5B195E4B893E9A1B9E695B4E6B2BBE8A18CE58AA8E585A8E8BF87E7A88BE79A84E8B79FE8B8AAE68AA5E98193EFBC8CE58F8AE697B6E68AA5E98193E4B893E9A1B9E695B4E6B2BBE8A18CE58AA8E4B8ADE6ADA3E38081E58F8DE4B8A4E696B9E99DA2E79A84E585B8E59E8B3C6120687265663D22687474703A2F2F7777772E6368696E616C61776564752E636F6D2F7765622F313930302F22207461726765743D225F626C616E6B2220636C6173733D2262756C65223EE6A188E4BE8B3C2F613EEFBC8CE69BB4E5A5BDE59CB0E58F91E68CA5E696B0E997BBE88886E8AEBAE79A84E5AEA3E4BCA0E38081E69599E882B2E5928CE99C87E68591E4BD9CE794A8E380820D0A3C2F703E0D0A3C70207374796C653D22636F6C6F723A233333333333333B666F6E742D66616D696C793AE5AE8BE4BD932C2048656C7665746963612C205461686F6D612C20617269616C2C2073616E732D73657269663B666F6E742D73697A653A313470783B6261636B67726F756E642D636F6C6F723A234646464646463B223E0D0A0926656D73703B26656D73703BE4B889E38081E7B2BEE5BF83E7BB84E7BB87EFBC8CE7A1AEE4BF9DE695B4E6B2BBE8A18CE58AA8E58F96E5BE97E5AE9EE695880D0A3C2F703E0D0A3C70207374796C653D22636F6C6F723A233333333333333B666F6E742D66616D696C793AE5AE8BE4BD932C2048656C7665746963612C205461686F6D612C20617269616C2C2073616E732D73657269663B666F6E742D73697A653A313470783B6261636B67726F756E642D636F6C6F723A234646464646463B223E0D0A0926656D73703B26656D73703BE4B893E9A1B9E695B4E6B2BBE5BF85E9A1BBE59D9AE68C81E7AA81E587BBE695B4E6B2BBE5928CE890BDE5AE9EE995BFE69588E7AEA1E79086E38081E68993E587BBE2809CE9BB91E8BDA6E2809DE4B88EE8A784E88C83E5AEA2E8BF90E587BAE7A79FE8A18CE4B89AE69C8DE58AA1E8A18CE4B8BAE79BB8E7BB93E59088E79A84E58E9FE58899EFBC8CE59CA8E5BC80E5B195E7AA81E587BBE695B4E6B2BBE79A84E5908CE697B6EFBC8CE98090E6ADA5E890BDE5AE9EE8BF9BE4B880E6ADA5E58AA0E5BCBAE5AEA2E8BF90E587BAE7A79FE8A18CE4B89AE995BFE69588E7AEA1E79086E79A84E59084E9A1B9E68EAAE696BDE38082E7AA81E587BBE695B4E6B2BBE79A84E697B6E997B4E4B8BA32E4B8AAE69C88EFBC88E4BB8EE78EB0E59CA8E8B5B7E887B33132E69C88E5BA95EFBC89EFBC8CE794B1E5B882E4BAA4E9809AE38081E585ACE5AE89E38081E5B7A5E59586E38081E789A9E4BBB7E7AD89E983A8E997A8E68ABDE8B083E58A9BE9878FE7BB84E68890E7AA81E587BBE695B4E6B2BBE9989FE4BC8DEFBC8CE68C89E785A7E78EB0E59CBAE5B7A1E69FA5E38081E8B083E69FA5E58F96E8AF81E38081E8BF9DE7ABA0E5A484E79086E38081E5908EE58BA4E4BF9DE99A9CE7AD89E58886E5B7A5E58886E7BB84E5AE9EE696BDE695B4E6B2BBE8A18CE58AA8E38082E7AA81E587BBE695B4E6B2BBE69C9FE997B4EFBC8CE4BB8EE59084E983A8E997A8E4B893E997A8E68ABDE8B083E4BABAE59198E79A84E5B7A5E4BD9CE794B1E9A286E5AFBCE5B08FE7BB84E58A9EE585ACE5AEA4E7BB9FE4B880E5AE89E68E92EFBC8CE585B7E4BD93E5908DE9A29DE794B1E9A286E5AFBCE5B08FE7BB84E58A9EE585ACE5AEA4E6A0B9E68DAEE5AE9EE99985E99C80E8A681E7A1AEE5AE9AE380820D0A3C2F703E0D0A3C70207374796C653D22636F6C6F723A233333333333333B666F6E742D66616D696C793AE5AE8BE4BD932C2048656C7665746963612C205461686F6D612C20617269616C2C2073616E732D73657269663B666F6E742D73697A653A313470783B6261636B67726F756E642D636F6C6F723A234646464646463B223E0D0A0926656D73703B26656D73703BE5BC80E5B195E2809CE9BB91E8BDA6E2809DE4B893E9A1B9E695B4E6B2BBEFBC8CE8A681E8B083E58AA8E585A8E7A4BEE4BC9AE79A84E58A9BE9878FE5B9BFE6B39BE58F82E4B88EEFBC8CE5AFB9E4BA8EE7A7AFE69E81E9858DE59088E4B893E9A1B9E8A18CE58AA8E5928CE4B8BBE58AA8E4B8BEE68AA5E38081E58D8FE58AA9E69FA5E5AE9EE2809CE9BB91E8BDA6E2809DE99D9EE6B395E7BB8FE890A5E8A18CE4B8BAE79A84E4BABAE59198E8A681E4BA88E4BBA5E7B2BEE7A59EE5928CE789A9E8B4A8E5A596E58AB1E38082E5AFB9E4BA8EE99D9EE6B395E4BB8EE4BA8BE5AEA2E8BF90E587BAE7A79FE7BB8FE890A5E79A84E2809CE9BB91E8BDA6E2809DEFBC8CE4B880E7BB8FE69FA5E5AE9EEFBC8CE8A681E4BE9DE68DAEE3808AE6B19FE88B8FE79C81E98193E8B7AFE8BF90E8BE93E5B882E59CBAE7AEA1E79086E69DA1E4BE8BE3808BE4BB8EE9878DE5A484E7BD9AEFBC8CE5AFB9E8A2ABE5A484E7BD9AE79A84E2809CE9BB91E8BDA6E2809DE8A681E5BBBAE7AB8BE8BF9DE7ABA0E8AEB0E5BD95E6A1A3E6A188E5B9B6E59CA8E59084E7A78DE5AA92E4BD93E4B88AE4BA88E4BBA5E69B9DE58589E38082E5AFB9E4BA8EE69AB4E58A9BE998BBE68CA0E689A7E6B395E7AD89E8A18CE4B8BAEFBC8CE585ACE5AE89E983A8E997A8E8A681E59D9AE586B3E4BB8EE9878DE38081E4BB8EE5BFABE5A484E79086E380820D0A3C2F703E0D0A3C70207374796C653D22636F6C6F723A233333333333333B666F6E742D66616D696C793AE5AE8BE4BD932C2048656C7665746963612C205461686F6D612C20617269616C2C2073616E732D73657269663B666F6E742D73697A653A313470783B6261636B67726F756E642D636F6C6F723A234646464646463B223E0D0A0926656D73703B26656D73703BE5BC80E5B195E2809CE9BB91E8BDA6E2809DE4B893E9A1B9E695B4E6B2BBEFBC8CE5BF85E9A1BBE59D9AE68C81E4B8A5E6A0BCE4BE9DE6B395E58A9EE4BA8BE38081E5AE9EE8A18CE69687E6988EE689A7E6B395E38081E4B8A5E88283E5B7A5E4BD9CE7BAAAE5BE8BEFBC8CE59D9AE586B3E68AB5E588B6E68998E585B3E7B3BBE38081E8AEB2E4BABAE68385EFBC8CE59D9AE586B3E69D9CE7BB9DE99A8FE6848FE694BEE5AEBDE5A484E7BD9AE5B0BAE5BAA6E7949AE887B3E69585E6848FE6B384E99CB2E695B4E6B2BBE8A18CE58AA8E7A798E5AF86E38081E59091E2809CE9BB91E8BDA6E2809DE9809AE9A38EE68AA5E4BFA1E7AD89E4B88DE6ADA3E5B8B8E78EB0E8B1A1E79A84E58F91E7949FE380820D0A3C2F703E, '2018-03-25 23:29:15', '2018-03-25 23:29:15');
INSERT INTO `cms_article` VALUES ('402880e9625da0ac01625dc8fbcb0001', '关于在网络经济活动中保护消费者合法权益的通告', '402880e9624c96be01624ca627820006', '法律教育网', '转载', '超级管理员', 'U01', '2018-03-25 00:00:00', 0xE7BB8FE890A5E88085E38081E6B688E8B4B9E88085E588A9E794A8E59BA0E789B9E7BD91E7AB99E8BF9BE8A18CE59586E59381E68896E69C8DE58AA1E4BAA4E69893EFBC8CE5BA94E5BD93E981B5E5BEAAE887AAE684BFE38081E5B9B3E7AD89E38081E585ACE5B9B3E38081E8AF9AE5AE9EE4BFA1E794A8E79A84E58E9FE58899EFBC8CE4B8BBE58AA8E38081E887AAE8A789E59CB0E58591E78EB0E689BFE8AFBAEFBC8CE981B5E5AE88E585ACE8AEA4E79A84E59586E4B89AE98193E5BEB7E38082, 0x3C70207374796C653D22636F6C6F723A233333333333333B666F6E742D66616D696C793AE5AE8BE4BD932C2048656C7665746963612C205461686F6D612C20617269616C2C2073616E732D73657269663B666F6E742D73697A653A313470783B6261636B67726F756E642D636F6C6F723A234646464646463B223E0D0A0926656D73703B26656D73703BE4B8BAE4BA86E4BF83E8BF9BE7BD91E7BB9CE7BB8FE6B58EE79A84E581A5E5BAB7E58F91E5B195EFBC8CE58887E5AE9EE4BF9DE68AA4E6B688E8B4B9E88085E79A84E59088E6B395E69D83E79B8AEFBC8CE58C97E4BAACE5B882E5B7A5E59586E8A18CE694BFE7AEA1E79086E5B180E4BE9DE68DAEE3808AE4B8ADE58D8EE4BABAE6B091E585B1E5928CE59BBDE6B688E8B4B9E88085E69D83E79B8AE4BF9DE68AA4E6B395E3808BE38081E3808AE4B8ADE58D8EE4BABAE6B091E585B1E5928CE59BBDE58F8DE4B88DE6ADA3E5BD93E7AB9EE4BA89E6B395E3808BE38081E3808AE4B8ADE58D8EE4BABAE6B091E585B1E5928CE59BBDE5B9BFE5918AE6B395E3808BE38081E3808AE4B8ADE58D8EE4BABAE6B091E585B1E5928CE59BBD3C6120687265663D22687474703A2F2F7777772E6368696E616C61776564752E636F6D2F736966616B616F7368692F7A696C69616F2F6D696E66612F6865746F6E6766612F22207461726765743D225F626C616E6B2220636C6173733D2262756C65223EE59088E5908CE6B3953C2F613EE3808BE58F8AE585B6E5AE833C6120687265663D22687474703A2F2F7777772E6368696E616C61776564752E636F6D2F22207461726765743D225F626C616E6B2220636C6173733D2262756C65223EE6B395E5BE8B3C2F613EE380813C6120687265663D22687474703A2F2F7777772E6368696E616C61776564752E636F6D2F66616C7666616775692F22207461726765743D225F626C616E6B2220636C6173733D2262756C65223EE6B395E8A7843C2F613EE79A84E69C89E585B3E8A784E5AE9AEFBC8CE78EB0E5B0B1E7BD91E7BB9CE7BB8FE6B58EE6B4BBE58AA8E4B8ADE69C89E585B3E6B688E8B4B9E88085E69D83E79B8AE4BF9DE68AA4E79A84E585B7E4BD93E4BA8BE9A1B9E9809AE5918AE5A682E4B88BEFBC9A0D0A3C2F703E0D0A3C70207374796C653D22636F6C6F723A233333333333333B666F6E742D66616D696C793AE5AE8BE4BD932C2048656C7665746963612C205461686F6D612C20617269616C2C2073616E732D73657269663B666F6E742D73697A653A313470783B6261636B67726F756E642D636F6C6F723A234646464646463B223E0D0A0926656D73703B26656D73703BE69CACE9809AE5918AE79A84E8B083E695B4E88C83E59BB4E4B8BAE69CACE5B882E8BE96E58CBAE58685E79A84E59BA0E789B9E7BD91E7AB99E4BB8EE4BA8BE4BBA5E890A5E588A9E4B8BAE79BAEE79A84E79A84E99480E594AEE59586E59381E68896E68F90E4BE9BE69C8DE58AA1E79A84E6B4BBE58AA8E38082E7BB8FE890A5E88085E4BB8EE4BA8BE7BD91E4B88AE7AB9EE4BBB7E99480E594AEE6B4BBE58AA8E79A84E4B88DE59CA8E69CACE9809AE5918AE79A84E8B083E695B4E88C83E59BB4E58685EFBC8CE585B6E8A784E88C83E6848FE8A781E5B086E58FA6E8A18CE588B6E5AE9AE380820D0A3C2F703E0D0A3C70207374796C653D22636F6C6F723A233333333333333B666F6E742D66616D696C793AE5AE8BE4BD932C2048656C7665746963612C205461686F6D612C20617269616C2C2073616E732D73657269663B666F6E742D73697A653A313470783B6261636B67726F756E642D636F6C6F723A234646464646463B223E0D0A0926656D73703B26656D73703BE7BB8FE890A5E88085E38081E6B688E8B4B9E88085E588A9E794A8E59BA0E789B9E7BD91E7AB99E8BF9BE8A18CE59586E59381E68896E69C8DE58AA1E4BAA4E69893EFBC8CE5BA94E5BD93E981B5E5BEAAE887AAE684BFE38081E5B9B3E7AD89E38081E585ACE5B9B3E38081E8AF9AE5AE9EE4BFA1E794A8E79A84E58E9FE58899EFBC8CE4B8BBE58AA8E38081E887AAE8A789E59CB0E58591E78EB0E689BFE8AFBAEFBC8CE981B5E5AE88E585ACE8AEA4E79A84E59586E4B89AE98193E5BEB7E3808220E6B688E8B4B9E88085E59CA8E588A9E794A8E59BA0E789B9E7BD91E7AB99E59CA8E8B4ADE4B9B0E59586E59381E38081E68EA5E58F97E69C8DE58AA1E79A84E8BF87E7A88BE4B8ADEFBC8CE4BAABE69C89E3808AE4B8ADE58D8EE4BABAE6B091E585B1E5928CE59BBDE6B688E8B4B9E88085E69D83E79B8AE4BF9DE68AA4E6B395E3808BE5928CE3808AE58C97E4BAACE5B882E5AE9EE696BDEFBC9CE4B8ADE58D8EE4BABAE6B091E585B1E5928CE59BBDE6B688E8B4B9E88085E69D83E79B8AE4BF9DE68AA4E6B395EFBC9EE58A9EE6B395E3808BE58F8AE585B6E5AE83E79BB8E585B33C6120687265663D22687474703A2F2F7777772E6368696E616C61776564752E636F6D2F66616C7666616775692F22207461726765743D225F626C616E6B2220636C6173733D2262756C65223EE6B395E5BE8BE6B395E8A7843C2F613EE4B8ADE8A784E5AE9AE79A84E59084E9A1B9E69D83E588A9E380820D0A3C2F703E0D0A3C70207374796C653D22636F6C6F723A233333333333333B666F6E742D66616D696C793AE5AE8BE4BD932C2048656C7665746963612C205461686F6D612C20617269616C2C2073616E732D73657269663B666F6E742D73697A653A313470783B6261636B67726F756E642D636F6C6F723A234646464646463B223E0D0A0926656D73703B26656D73703BE7BD91E7AB99E68980E69C89E88085E58F8AE585B6E5AE83E588A9E794A8E59BA0E789B9E7BD91E7AB99E4BB8EE4BA8BE7BB8FE890A5E6B4BBE58AA8E79A84E7BB8FE890A5E88085E5BA94E5BD93E4BE9DE785A7E3808AE4B8ADE58D8EE4BABAE6B091E585B1E5928CE59BBDE6B688E8B4B9E88085E69D83E79B8AE4BF9DE68AA4E6B395E3808BE38081E3808AE58C97E4BAACE5B882E5AE9EE696BDEFBC9CE4B8ADE58D8EE4BABAE6B091E585B1E5928CE59BBDE6B688E8B4B9E88085E69D83E79B8AE4BF9DE68AA4E6B395EFBC9EE58A9EE6B395E3808BE5928CE585B6E5AE83E79BB8E585B3E6B395E5BE8BE6B395E8A784E4B8ADE79A84E8A784E5AE9AE5B1A5E8A18CE7BB8FE890A5E88085E5BA94E5B0BDE79A84E4B989E58AA1E380820D0A3C2F703E0D0A3C70207374796C653D22636F6C6F723A233333333333333B666F6E742D66616D696C793AE5AE8BE4BD932C2048656C7665746963612C205461686F6D612C20617269616C2C2073616E732D73657269663B666F6E742D73697A653A313470783B6261636B67726F756E642D636F6C6F723A234646464646463B223E0D0A0926656D73703B26656D73703BE7BD91E7AB99E68980E69C89E88085E58F8AE585B6E5AE83E588A9E794A8E59BA0E789B9E7BD91E7AB99E4BB8EE4BA8BE7BB8FE890A5E6B4BBE58AA8E79A84E7BB8FE890A5E88085EFBC8CE585B6E99480E594AEE79A84E59586E59381E68896E68F90E4BE9BE79A84E69C8DE58AA1E4B88DE5BE97E8BF9DE58F8DE3808AE4B8ADE58D8EE4BABAE6B091E585B1E5928CE59BBDE6B688E8B4B9E88085E69D83E79B8AE4BF9DE68AA4E6B395E3808BE5928CE3808AE58C97E4BAACE5B882E5AE9EE696BDEFBC9CE4B8ADE58D8EE4BABAE6B091E585B1E5928CE59BBDE6B688E8B4B9E88085E69D83E79B8AE4BF9DE68AA4E6B395EFBC9EE58A9EE6B395E3808BE58F8AE585B6E5AE83E79BB8E585B3E6B395E5BE8BE6B395E8A784E4B8ADE69C89E585B3E4BF9DE68AA4E6B688E8B4B9E88085E69D83E79B8AE79A84E8A784E5AE9AE380820D0A3C2F703E0D0A3C70207374796C653D22636F6C6F723A233333333333333B666F6E742D66616D696C793AE5AE8BE4BD932C2048656C7665746963612C205461686F6D612C20617269616C2C2073616E732D73657269663B666F6E742D73697A653A313470783B6261636B67726F756E642D636F6C6F723A234646464646463B223E0D0A0926656D73703B26656D73703BE7BD91E7AB99E68980E69C89E88085E5908CE585B6E5AE83E588A9E794A8E59BA0E789B9E7BD91E7AB99E4BB8EE4BA8BE7BB8FE890A5E6B4BBE58AA8E79A84E7BB8FE890A5E88085E59CA8E79BB8E4BA92E68F90E4BE9BE68896E588A9E794A8E59BA0E789B9E7BD91E7AB99E4BB8EE4BA8BE7BB8FE890A5E6B4BBE58AA8E5898DEFBC8CE5BA94E7ADBEE8AEA2E4B9A6E99DA2E59088E5908CEFBC8CE6988EE7A1AEE58F8CE696B9E79A84E69D83E588A9E5928CE4B989E58AA1E38082E59088E5908CE5BA94E887B3E5B091E4BF9DE79599E4B8A4E5B9B4E380820D0A3C2F703E0D0A3C70207374796C653D22636F6C6F723A233333333333333B666F6E742D66616D696C793AE5AE8BE4BD932C2048656C7665746963612C205461686F6D612C20617269616C2C2073616E732D73657269663B666F6E742D73697A653A313470783B6261636B67726F756E642D636F6C6F723A234646464646463B223E0D0A0926656D73703B26656D73703BE7BB8FE890A5E88085E59CA8E588A9E794A8E59BA0E789B9E7BD91E7AB99E99480E594AEE59586E59381E68896E68F90E4BE9BE69C8DE58AA1E79A84E8BF87E7A88BE4B8ADEFBC8CE587A1E59CA8E7BD91E4B88AE7ADBEE8AEA2E99480E594AEE59088E5908CE79A84EFBC8CE59088E5908CE5BA94E887B3E5B091E4BF9DE79599E4B8A4E5B9B4E380820D0A3C2F703E0D0A3C70207374796C653D22636F6C6F723A233333333333333B666F6E742D66616D696C793AE5AE8BE4BD932C2048656C7665746963612C205461686F6D612C20617269616C2C2073616E732D73657269663B666F6E742D73697A653A313470783B6261636B67726F756E642D636F6C6F723A234646464646463B223E0D0A0926656D73703B26656D73703BE7BB8FE890A5E88085E4B88DE5BE97E59CA8E59BA0E789B9E7BD91E7AB99E4B88AE98787E794A8E58187E58692E4BB96E4BABAE79A84E6B3A8E5868CE59586E6A087E38081E69385E887AAE4BDBFE794A8E4BB96E4BABAE79A84E59586E59381E5908DE7A7B0E38081E4BC81E4B89AE5908DE7A7B0E38081E4BC81E4B89AE59CB0E59D80E38081E4BCAAE980A0E68896E58692E794A8E8AEA4E8AF81E6A087E5BF97E38081E5908DE4BC98E6A087E5BF97E7AD89E4B88DE6ADA3E5BD93E7AB9EE4BA89E6898BE6AEB5EFBC8CE8AFAFE5AFBCE6B688E8B4B9E88085E380820D0A3C2F703E0D0A3C70207374796C653D22636F6C6F723A233333333333333B666F6E742D66616D696C793AE5AE8BE4BD932C2048656C7665746963612C205461686F6D612C20617269616C2C2073616E732D73657269663B666F6E742D73697A653A313470783B6261636B67726F756E642D636F6C6F723A234646464646463B223E0D0A0926656D73703B26656D73703BE59CA8E59BA0E789B9E7BD91E7AB99E4B88AE99480E594AEE4BAA7E59381E68896E68F90E4BE9BE69C8DE58AA1E79A84E7BB8FE890A5E88085E5BA94E5BD93E5B086E585B6E79C9FE5AE9EE6B3A8E5868CE59CB0E782B9E38081E88194E7B3BBE696B9E5BC8FE68896E4BAA4E69893E59CB0E782B9E5918AE79FA5E6B688E8B4B9E88085EFBC8CE4B88DE5BE97E68F90E4BE9BE8999AE58187E59CB0E59D80E380820D0A3C2F703E0D0A3C70207374796C653D22636F6C6F723A233333333333333B666F6E742D66616D696C793AE5AE8BE4BD932C2048656C7665746963612C205461686F6D612C20617269616C2C2073616E732D73657269663B666F6E742D73697A653A313470783B6261636B67726F756E642D636F6C6F723A234646464646463B223E0D0A0926656D73703B26656D73703BE59CA8E59BA0E789B9E7BD91E7AB99E4B88AE99480E594AEE59586E59381E68896E68F90E4BE9BE69C8DE58AA1E79A84E7BB8FE890A5E88085E5BF85E9A1BBE6988EE7A4BAE68980E594AEE59586E59381E68896E68F90E4BE9BE69C8DE58AA1E79A84E4BBB7E6A0BCEFBC8CE4B88DE5BE97E5AFB9E59586E59381E68896E69C8DE58AA1E79A84E4BBB7E6A0BCE5819AE587BAE8999AE58187E8A1A8E7A4BAE380820D0A3C2F703E0D0A3C70207374796C653D22636F6C6F723A233333333333333B666F6E742D66616D696C793AE5AE8BE4BD932C2048656C7665746963612C205461686F6D612C20617269616C2C2073616E732D73657269663B666F6E742D73697A653A313470783B6261636B67726F756E642D636F6C6F723A234646464646463B223E0D0A0926656D73703B26656D73703BE59CA8E59BA0E789B9E7BD91E7AB99E4B88AE99480E594AEE59586E59381E79A84E7BB8FE890A5E88085E5BF85E9A1BBE6988EE7A4BAE68980E594AEE59586E59381E79A84E4BAA7E59CB0E38081E7949FE4BAA7E88085E38081E8A784E6A0BCE38081E7AD89E7BAA7E38081E8B4A8E9878FE78AB6E586B5E38082E5BD93E6B688E8B4B9E88085E68F90E587BAE5AFB9E69C89E585B3E59586E59381E79A84E8B4A8E9878FE38081E680A7E883BDE38081E4B8BBE8A681E68890E4BBBDE38081E7949FE4BAA7E697A5E69C9FE38081E69C89E69588E69C9FE99990E38081E6A380E9AA8CE59088E6A0BCE8AF81E6988EE38081E4BDBFE794A8E696B9E6B395E8AFB4E6988EE4B9A6E38081E594AEE5908EE69C8DE58AA1E7AD89E9A1B9E58685E5AEB9E79A84E79691E997AEE697B6EFBC8CE7BB8FE890A5E88085E5BA94E5BD93E5A682E5AE9EE7AD94E5A48DEFBC9BE5AFB9E4B880E697B6E697A0E6B395E7AD94E5A48DE79A84E8A681E8AFB4E6988EE79086E794B1E38082E7BB8FE890A5E88085E59CA8E58F91E5B883E4B88AE8BFB0E59084E9A1B9E4BFA1E681AFE697B6EFBC8CE4B88DE5BE97E5819AE587BAE8999AE58187E8A1A8E7A4BAEFBC8CE8AFAFE5AFBCE6B688E8B4B9E88085E380820D0A3C2F703E0D0A3C70207374796C653D22636F6C6F723A233333333333333B666F6E742D66616D696C793AE5AE8BE4BD932C2048656C7665746963612C205461686F6D612C20617269616C2C2073616E732D73657269663B666F6E742D73697A653A313470783B6261636B67726F756E642D636F6C6F723A234646464646463B223E0D0A0926656D73703B26656D73703BE7BB8FE890A5E88085E4B88DE5BE97E59CA8E59BA0E789B9E7BD91E7AB99E4B88AE588A9E794A8E5B9BFE5918AE68896E88085E585B6E4BB96E696B9E6B395E5AFB9E59586E59381E79A84E59381E7A78DE38081E8A784E6A0BCE38081E8B4A8E9878FE38081E588B6E4BD9CE68890E58886E38081E4BBB7E6A0BCE38081E680A7E883BDE38081E794A8E98094E38081E7949FE4BAA7E88085E38081E69C89E69588E69C9FE38081E4BAA7E59CB0E7AD89E5819AE5BC95E4BABAE8AFAFE8A7A3E79A84E8999AE58187E5AEA3E4BCA0E38082E7BD91E7BB9CE5B9BFE5918AE7BB8FE890A5E88085E4B88DE5BE97E4BBA3E79086E38081E8AEBEE8AEA1E38081E588B6E4BD9CE38081E58F91E5B883E8999AE58187E5B9BFE5918AE380820D0A3C2F703E0D0A3C70207374796C653D22636F6C6F723A233333333333333B666F6E742D66616D696C793AE5AE8BE4BD932C2048656C7665746963612C205461686F6D612C20617269616C2C2073616E732D73657269663B666F6E742D73697A653A313470783B6261636B67726F756E642D636F6C6F723A234646464646463B223E0D0A0926656D73703B26656D73703BE59CA8E59BA0E789B9E7BD91E7AB99E4B88AE99480E594AEE59586E59381E68896E68F90E4BE9BE69C8DE58AA1E79A84E7BB8FE890A5E88085EFBC8CE5BA94E5BD93E4BF9DE8AF81E585B6E68F90E4BE9BE79A84E59586E59381E68896E69C8DE58AA1E7ACA6E59088E4BABAE8BAABE38081E8B4A2E4BAA7E5AE89E585A8E79A84E8A681E6B182EFBC9BE5AFB9E58FAFE883BDE58DB1E58F8AE4BABAE8BAABE8B4A2E4BAA7E5AE89E585A8E79A84E4BAA7E59381E68896E69C8DE58AA1E5BA94E5BD93E59091E6B688E8B4B9E88085E5819AE587BAE79C9FE5AE9EE79A84E8AFB4E6988EE68896E6988EE7A1AEE79A84E8ADA6E7A4BAEFBC8CE5B9B6E8AFB4E6988EE68896E6A087E6988EE6ADA3E7A1AEE4BDBFE794A8E59586E59381E68896E68EA5E58F97E69C8DE58AA1E79A84E696B9E6B395E4BBA5E58F8AE998B2E6ADA2E58DB1E5AEB3E58F91E7949FE79A84E696B9E6B395E38082E883BDE5A49FE59CA8E7BD91E4B88AE6988EE7A4BAE79A84EFBC8CE5BA94E4BA88E4BBA5E6988EE7A4BAE38082E4B88DE883BDE59CA8E7BD91E4B88AE6988EE7A4BAE79A84EFBC8CE5BA94E5BD93E59CA8E5AE9EE789A9E4BAA4E69893E8BF87E7A88BE4B8ADE59091E6B688E8B4B9E88085E6988EE7A4BAE380820D0A3C2F703E0D0A3C70207374796C653D22636F6C6F723A233333333333333B666F6E742D66616D696C793AE5AE8BE4BD932C2048656C7665746963612C205461686F6D612C20617269616C2C2073616E732D73657269663B666F6E742D73697A653A313470783B6261636B67726F756E642D636F6C6F723A234646464646463B223E0D0A0926656D73703B26656D73703BE588A9E794A8E59BA0E789B9E7BD91E7AB99E4BB8EE4BA8BE7BB8FE890A5E6B4BBE58AA8E79A84E7BB8FE890A5E88085E68F90E4BE9BE59586E59381E68896E69C8DE58AA1E5BA94E5BD93E68C89E785A7E59BBDE5AEB6E69C89E585B3E8A784E5AE9AE68896E59586E4B89AE683AFE4BE8BE59091E6B688E8B4B9E88085E587BAE585B7E8B4ADE8B4A7E587ADE8AF81E68896E69C8DE58AA1E58D95E68DAEEFBC9BE6B688E8B4B9E88085E7B4A2E8A681E8B4ADE8B4A7E587ADE8AF81E68896E88085E69C8DE58AA1E58D95E68DAEE79A84EFBC8CE7BD91E4B88AE7BB8FE890A5E88085E5BF85E9A1BBE68F90E4BE9BE380820D0A3C2F703E0D0A3C70207374796C653D22636F6C6F723A233333333333333B666F6E742D66616D696C793AE5AE8BE4BD932C2048656C7665746963612C205461686F6D612C20617269616C2C2073616E732D73657269663B666F6E742D73697A653A313470783B6261636B67726F756E642D636F6C6F723A234646464646463B223E0D0A0926656D73703B26656D73703BE7BD91E7AB99E68980E69C89E88085E5BA94E68C89E785A7E58C97E4BAACE5B882E5B7A5E59586E5B180E3808AE585B3E4BA8EE5AFB9E7BD91E4B88AE7BB8FE890A5E8A18CE4B8BAE8BF9BE8A18CE799BBE8AEB0E5A487E6A188E79A84E9809AE5918AE3808BE79A84E8A784E5AE9AE8BF9BE8A18CE7BD91E4B88AE7BB8FE890A5E8A18CE4B8BAE799BBE8AEB0E5A487E6A188EFBC8CE5B9B6E59CA8E4B8BBE9A1B5E99DA2E4B88AE8AEBEE7BDAEE5B7A5E59586E5A487E6A188E6A087E8AF86E380820D0A3C2F703E0D0A3C70207374796C653D22636F6C6F723A233333333333333B666F6E742D66616D696C793AE5AE8BE4BD932C2048656C7665746963612C205461686F6D612C20617269616C2C2073616E732D73657269663B666F6E742D73697A653A313470783B6261636B67726F756E642D636F6C6F723A234646464646463B223E0D0A0926656D73703B26656D73703BE6B688E8B4B9E88085E59CA8E588A9E794A8E59BA0E789B9E7BD91E7AB99E8B4ADE4B9B0E59586E59381E68896E68EA5E58F97E69C8DE58AA1E697B6EFBC8CE5BA94E5BD93E6B3A8E6848FE8AF86E588ABE7BD91E7AB99E59088E6B395E5A487E6A188E6A087E8AF86EFBC8CE5B9B6E6B3A8E6848FE8AF86E588ABE7BD91E4B88AE7BB8FE890A5E88085E79A84E79C9FE5AE9EE8BAABE4BBBDEFBC8CE58AA0E5BCBAE887AAE68891E4BF9DE68AA4E6848FE8AF86E38082E6B688E8B4B9E88085E58F91E78EB0E69CAAE7BB8FE5A487E6A188E79A84E7BD91E7AB99E58FAFE9809AE8BF87E58C97E4BAACE5B882E5B7A5E59586E8A18CE694BFE7AEA1E79086E5B180E5B7A5E4BD9CE7BD91E7AB9948443331352E676F762E636EE8BF9BE8A18CE59CA8E7BABFE592A8E8AFA2E380820D0A3C2F703E0D0A3C70207374796C653D22636F6C6F723A233333333333333B666F6E742D66616D696C793AE5AE8BE4BD932C2048656C7665746963612C205461686F6D612C20617269616C2C2073616E732D73657269663B666F6E742D73697A653A313470783B6261636B67726F756E642D636F6C6F723A234646464646463B223E0D0A0926656D73703B26656D73703BE588A9E794A8E59BA0E789B9E7BD91E7AB99E4BB8EE4BA8BE59586E59381E99480E594AEE68896E68F90E4BE9BE69C8DE58AA1E79A84E7BB8FE890A5E88085E5BA94E6B3A8E9878DE887AAE8BAABE4BFA1E8AA89EFBC8CE58AA0E5BCBAE887AAE68891E7BAA6E69D9FEFBC8CE68F90E9AB98E69C8DE58AA1E8B4A8E9878FEFBC8CE887AAE8A789E7BBB4E68AA4E6B688E8B4B9E88085E69D83E79B8AE5928CE5B882E59CBAE4BAA4E69893E7A7A9E5BA8FE380820D0A3C2F703E0D0A3C70207374796C653D22636F6C6F723A233333333333333B666F6E742D66616D696C793AE5AE8BE4BD932C2048656C7665746963612C205461686F6D612C20617269616C2C2073616E732D73657269663B666F6E742D73697A653A313470783B6261636B67726F756E642D636F6C6F723A234646464646463B223E0D0A0926656D73703B26656D73703BE7BD91E7AB99E68980E69C89E88085E5BA94E58AA0E5BCBAE7AEA1E79086EFBC8CE79DA3E4BF83E588A9E794A8E585B6E794B5E5AD90E5B9B3E58FB0E4BB8EE4BA8BE7BB8FE890A5E6B4BBE58AA8E79A84E7BB8FE890A5E88085E5AE88E6B395E7BB8FE890A5E38081E8AF9AE5AE9EE5AE88E4BFA1E380820D0A3C2F703E0D0A3C70207374796C653D22636F6C6F723A233333333333333B666F6E742D66616D696C793AE5AE8BE4BD932C2048656C7665746963612C205461686F6D612C20617269616C2C2073616E732D73657269663B666F6E742D73697A653A313470783B6261636B67726F756E642D636F6C6F723A234646464646463B223E0D0A0926656D73703B26656D73703BE6B688E8B4B9E88085E588A9E794A8E59BA0E789B9E7BD91E7AB99E8B4ADE4B9B0E59586E59381E68896E68EA5E58F97E69C8DE58AA1EFBC8CE585B6E59088E6B395E69D83E79B8AE58F97E588B0E4BEB5E5AEB3E697B6EFBC8CE58FAFE4BBA5E9809AE8BF87E58C97E4BAACE5B882E5B7A5E59586E5B180E7BD91E4B88AE5B7A5E4BD9CE5B9B3E58FB048443331352E676F762E636EE8BF9BE8A18CE59CA8E7BABFE68A95E8AF89EFBC8CE4B99FE58FAFE4BBA5E68BA8E689933132333135E68A95E8AF89E794B5E8AF9DE8BF9BE8A18CE68A95E8AF89E38082E5B7A5E59586E8A18CE694BFE7AEA1E79086E983A8E997A8E5B086E4BE9DE6B395E5AFB9E4BEB5E5AEB3E585B6E59088E6B395E69D83E79B8AE79A84E8A18CE4B8BAE8BF9BE8A18CE7BAA0E6ADA3E68896E69FA5E5A484E380820D0A3C2F703E, '2018-03-25 23:31:15', '2018-03-26 11:43:28');
INSERT INTO `cms_article` VALUES ('402880e9625dd01501625dd5701e0000', '【2018年02月】消费提示', '402880e9624c96be01624cacc8a40009', '北京市工商局', '转载', '超级管理员', 'U01', '2018-03-25 00:00:00', 0xE59BBDE5A496E4BBA3E8B4ADE5B08FE5AEB6E794B520E594AEE5908EE7BBB4E4BFAEE5AD98E99A90E682A3, 0x3C7020616C69676E3D226A7573746966792220636C6173733D227022207374796C653D22636F6C6F723A233333333333333B666F6E742D66616D696C793AE5AE8BE4BD933B6261636B67726F756E642D636F6C6F723A234646464646463B666F6E742D73697A653A313270743B223E0D0A0926656D73703B26656D73703BE8BF91E697A5EFBC8CE6B688E8B4B9E88085E58898E5A5B3E5A3ABE9809AE8BF87E69C8BE58F8BE59CA8E99FA9E59BBDE8B4ADE4B9B0E4BA86E4B880E4B8AAE794B5E9A5ADE785B2EFBC8CE4BDBFE794A8E4B8ADE587BAE78EB0E4BA86E8B4A8E9878FE997AEE9A298EFBC8CE4BA8EE698AFE4B88AE7BD91E69FA5E689BEE4BA86E4B880E4B8AAE7BBB4E4BFAEE69C8DE58AA1E7AB99EFBC8CE7BB8FE88194E7B3BBE5908EE5B086E794B5E9A5ADE785B2E982AEE5AF84E7BB99E7BBB4E4BFAEE7AB99EFBC8CE9809AE8BF87E5BEAEE4BFA1E694AFE4BB98E4BA86393430E58583E7BBB4E4BFAEE8B4B9EFBC8CE5BD93E694B6E588B0E5AF84E59B9EE79A84E794B5E9A5ADE785B2E697B6EFBC8CE58F91E78EB0E5B091E4BA86E4B8A4E4B8AAE99BB6E4BBB6EFBC8CE4BD86E69C8DE58AA1E7AB99E4B88DE8AEA4E58FAFE38082E4BA8EE698AFE58898E5A5B3E5A3ABE59091E5B7A5E59586E983A8E997A8E8BF9BE8A18CE4BA86E68A95E8AF89E38082266E6273703B0D0A3C2F703E0D0A3C7020616C69676E3D226A7573746966792220636C6173733D227022207374796C653D22636F6C6F723A233333333333333B666F6E742D66616D696C793AE5AE8BE4BD933B6261636B67726F756E642D636F6C6F723A234646464646463B666F6E742D73697A653A313270743B223E0D0A0926656D73703B26656D73703BE7BB8FE5B7A5E59586E983A8E997A8E8B083E69FA5E4BA86E8A7A3EFBC8CE6B688E8B4B9E88085E68F90E4BE9BE79A84E7BBB4E4BFAEE69C8DE58AA1E7AB99E7BB8FE890A5E59CB0E59D80E698AFE69F90E5B08FE58CBA36E6A08BEFBC8CE697A0E585B7E4BD93E997A8E7898CE58FB7E38082E588B0E78EB0E59CBAE6A0B8E69FA5E697B6EFBC8CE58F91E78EB0E8AFA5E6A08BE6A5BCE585B1E69C8934E4B8AAE58D95E58583EFBC8CE6AF8FE4B8AAE58D95E5858334E5B182EFBC8CE78EB0E59CBAE69CAAE58F91E78EB0E4BBBBE4BD95E7BB8FE890A5E4B8BBE4BD93EFBC8CE697A0E6B395E689BEE588B0E58898E5A5B3E5A3ABE68980E68A95E8AF89E79A84E7BBB4E4BFAEE7AB99EFBC8CE69C80E5908EE58FAAE883BDE7BB88E6ADA2E8B083E8A7A3E38082266E6273703B0D0A3C2F703E0D0A3C7020616C69676E3D226A7573746966792220636C6173733D227022207374796C653D22636F6C6F723A233333333333333B666F6E742D66616D696C793AE5AE8BE4BD933B6261636B67726F756E642D636F6C6F723A234646464646463B666F6E742D73697A653A313270743B223E0D0A0926656D73703B26656D73703BE8BF91E587A0E5B9B4EFBC8CE5BE88E5A49AE6B688E8B4B9E88085E5969CE788B1E9809AE8BF87E5A49AE7A78DE98094E5BE84E59CA8E59BBDE5A496E8B4ADE4B9B0E58EA8E688BFE5B08FE5AEB6E794B5EFBC8CE8AEA4E4B8BAE585B6E8B4A8E9878FE5A5BDEFBC8CE4BBB7E6A0BCE4BC98E683A0EFBC8CE6AE8AE4B88DE79FA5E58DB4E5AD98E59CA8E5BE88E5A4A7E79A84E6B688E8B4B9E9A38EE999A9E38082E4B880E697A6E587BAE78EB0E8B4A8E9878FE997AEE9A298EFBC8CE585B6E594AEE5908EE7BBB4E4BFAEE5B0B1E58F97E588B0E4BA86E99990E588B6EFBC8CE6B688E8B4B9E88085E9809AE8BF87E7BD91E4B88AE69FA5E689BEE79A84E7BBB4E4BFAEE7AB99E5A49AE695B0E4B88DE883BDE4BA88E4BBA5E4BF9DE99A9CEFBC8CE4B880E697A6E98089E68BA9E58FAFE883BDE4BC9AE5AD98E59CA8E4B88AE8BFB0E6A188E4BE8BE79A84E6B688E8B4B9E9A38EE999A9EFBC8CE887B4E4BDBFE6B688E8B4B9E88085E69D83E79B8AE58F97E588B0E4BEB5E5AEB3E38082266E6273703B0D0A3C2F703E0D0A3C7020616C69676E3D226A7573746966792220636C6173733D227022207374796C653D22636F6C6F723A233333333333333B666F6E742D66616D696C793AE5AE8BE4BD933B6261636B67726F756E642D636F6C6F723A234646464646463B666F6E742D73697A653A313270743B223E0D0A0926656D73703B26656D73703BE59CA8E6ADA4EFBC8CE5B7A5E59586E983A8E997A8E68F90E7A4BAE6B688E8B4B9E88085EFBC9AE4B880E698AFE5B0BDE58FAFE883BDE59CA8E59BBDE58685E6ADA3E8A784E59586E5AEB6E8B4ADE4B9B0E5AEB6E794B5EFBC8CE5B9B6E4BF9DE79599E5A5BDE8B4ADE789A9E587ADE8AF81E38082E88BA5E98089E68BA9E59BBDE5A496E8B4ADE789A9EFBC8CE5BA94E8B4ADE5898DE592A8E8AFA2E5A5BDE594AEE5908EE69C8DE58AA1E997AEE9A298EFBC8CE69BB4E8A681E5819AE5A5BDE689BFE68B85E9A38EE999A9E79A84E58786E5A487E38082E4BA8CE698AFE794B5E599A8E4B880E697A6E587BAE78EB0E997AEE9A298E8A681E98089E68BA9E5AE9EE4BD93E5BA97E8BF9BE8A18CE7BBB4E4BFAEEFBC8CE5B9B6E69FA5E79C8BE585B6E8AF81E785A7E698AFE590A6E9BD90E585A8EFBC8CE5B0BDE9878FE4B88DE8A681E4BB8EE7BD91E4B88AE69FA5E689BEE59586E5AEB6EFBC8CE5AFB9E4BA8EE59CB0E59D80E4B88DE8AFA6E7BB86E79A84E7BBB4E4BFAEE7AB99EFBC8CE69BB4E8A681E6858EE4B98BE58F88E6858EE38082E4B889E698AFE98081E4BFAEE697B6E58897E6988EE7BBB4E4BFAEE69585E99A9CE4BBA5E58F8AE99BB6E9858DE4BBB6EFBC8CE4BA8BE58588E997AEE6B885E7BBB4E4BFAEE8B4B9E794A8E6988EE7BB86EFBC8CE7BBB4E4BFAEE5908EE4BF9DE79599E59BA0E7BBB4E4BFAEE69BB4E68DA2E4B88BE79A84E697A7E983A8E4BBB6EFBC8CE5B9B6E7B4A2E8A681E587ADE8AF81E380820D0A3C2F703E, '2018-03-25 23:44:51', '2018-03-25 23:44:51');

-- ----------------------------
-- Table structure for cms_column
-- ----------------------------
DROP TABLE IF EXISTS `cms_column`;
CREATE TABLE `cms_column` (
  `ID` varchar(32) COLLATE utf8_bin NOT NULL,
  `NAME` varchar(100) COLLATE utf8_bin DEFAULT NULL,
  `IS_INIT` int(11) DEFAULT NULL,
  `CREATE_DATE` datetime DEFAULT NULL,
  `UPDATE_DATE` datetime DEFAULT NULL,
  `SORT` int(11) DEFAULT NULL,
  `REMARK` longtext COLLATE utf8_bin,
  PRIMARY KEY (`ID`) USING BTREE
) ENGINE=InnoDB DEFAULT CHARSET=utf8 COLLATE=utf8_bin ROW_FORMAT=COMPACT;

-- ----------------------------
-- Records of cms_column
-- ----------------------------
INSERT INTO `cms_column` VALUES ('402880e9624c96be01624ca627820006', '消费法规', '1', '2018-03-22 15:39:40', '2018-03-22 15:45:14', '1', 0xE6B395E5BE8BE6B395E8A784);
INSERT INTO `cms_column` VALUES ('402880e9624c96be01624ca655820007', '消费知识', '1', '2018-03-22 15:39:52', '2018-03-22 15:46:01', '2', 0xE5A682E4BD95E98089E8B4ADE696B0E9B29CE6B0B4E69E9C20E5A48FE5ADA3E5A682E4BD95E8B4ADE4B9B0E696B0E9B29CE78CAAE8828920E6808EE6A0B7E98089E8B4ADE78398E78292E9A39FE59381E38082E38082E38082);
INSERT INTO `cms_column` VALUES ('402880e9624c96be01624cacc8a40009', '消费提示', '1', '2018-03-22 15:46:54', '2018-03-22 15:46:54', '3', 0x3132333135E6B688E8B4B9E68F90E7A4BA);

-- ----------------------------
-- Table structure for sys_attach
-- ----------------------------
DROP TABLE IF EXISTS `sys_attach`;
CREATE TABLE `sys_attach` (
  `ID` varchar(32) COLLATE utf8_bin NOT NULL,
  `ATTACH_TYPE` varchar(20) COLLATE utf8_bin DEFAULT NULL,
  `ATTACH_NAME` varchar(100) COLLATE utf8_bin DEFAULT NULL,
  `ATTACH_SIZE` float DEFAULT NULL,
  `FILE_TYPE` varchar(50) COLLATE utf8_bin DEFAULT NULL,
  `ATTACH_PATH` varchar(255) COLLATE utf8_bin DEFAULT NULL,
  `CREATOR_ID` varchar(32) COLLATE utf8_bin DEFAULT NULL,
  `CREATE_DATE` datetime DEFAULT NULL,
  `UPDATE_DATE` datetime DEFAULT NULL,
  `STATUS` int(11) DEFAULT NULL,
  `REMARK` varchar(255) COLLATE utf8_bin DEFAULT NULL,
  PRIMARY KEY (`ID`) USING BTREE
) ENGINE=InnoDB DEFAULT CHARSET=utf8 COLLATE=utf8_bin ROW_FORMAT=COMPACT;

-- ----------------------------
-- Records of sys_attach
-- ----------------------------
INSERT INTO `sys_attach` VALUES ('402880e962575e6c0162576090010000', 'image', '476671147815789613.jpg', '70988', 'image/jpeg', 'D:\\DawnWing SoftWare\\upload_file\\attached\\image\\2018\\3\\179ab450f62e4a0db080e8dda0b34ee8.jpg', 'U01', '2018-03-24 17:39:28', '2018-03-24 17:39:28', '1', null);
INSERT INTO `sys_attach` VALUES ('402880e962575e6c0162577aa1ab0001', 'file', 'jQuery EasyUI 1.5.1文档.zip', '6332450', 'application/octet-stream', 'D:\\DawnWing SoftWare\\upload_file\\attached\\file\\2018\\3\\871796656ace4b589b6dd553d5d2233f.zip', 'U01', '2018-03-24 18:07:57', '2018-03-24 18:07:57', '1', null);
INSERT INTO `sys_attach` VALUES ('402880e962575e6c016257806eca0002', 'image', '1520094298.png', '5934', 'application/octet-stream', 'D:\\DawnWing SoftWare\\upload_file\\attached\\image\\2018\\3\\b1b1d845a657436d923573d99d46dd11.png', 'U01', '2018-03-24 18:14:17', '2018-03-24 18:14:17', '1', null);
INSERT INTO `sys_attach` VALUES ('402880e962575e6c016257806f0e0003', 'image', '测试公众号二维码.jpg', '23135', 'application/octet-stream', 'D:\\DawnWing SoftWare\\upload_file\\attached\\image\\2018\\3\\142a2c89ca7342dabaa4ada2e056b7ee.jpg', 'U01', '2018-03-24 18:14:17', '2018-03-24 18:14:17', '1', null);
INSERT INTO `sys_attach` VALUES ('402880e962575e6c01625796052e0004', 'media', '[李玉刚]刚好遇见你_bd.mp4', '30884400', 'video/mp4', 'D:\\DawnWing SoftWare\\upload_file\\attached\\media\\2018\\3\\71303d148149491d9eb611aae37175cf.mp4', 'U01', '2018-03-24 18:37:52', '2018-03-24 18:37:52', '1', null);
INSERT INTO `sys_attach` VALUES ('402880e962575e6c016257a214bb0005', 'flash', 'uploadify.swf', '12675', 'application/x-shockwave-flash', 'D:\\DawnWing SoftWare\\upload_file\\attached\\flash\\2018\\3\\9e747862d54f4ea4a2e4c8ac64d11ad4.swf', 'U01', '2018-03-24 18:51:02', '2018-03-24 18:51:02', '1', null);
INSERT INTO `sys_attach` VALUES ('402880e9625dd01501626066486d0001', 'image', '123.jpg', '107161', 'image/jpeg', 'D:\\DawnWing SoftWare\\upload_file\\attached\\image\\2018\\3\\3849225f73fb4939be532f6d179c99b2.jpg', 'U01', '2018-03-26 11:42:18', '2018-03-26 11:42:18', '1', null);
INSERT INTO `sys_attach` VALUES ('402880e9627d047301627d071f750000', 'image', '0b2cba7aa24309d0cf23122aadb7d126.jpg', '72987', 'image/jpeg', 'D:\\DawnWing SoftWare\\upload_file\\attached\\image\\2018\\4\\5067d569699b4ea8885db89e1b418ae1.jpg', 'U01', '2018-04-01 01:07:20', '2018-04-01 01:07:20', '1', null);
INSERT INTO `sys_attach` VALUES ('402880e9627f5d0601627f7716200002', 'image', '745c61632d63423dbd4ebb2728158115.jpg', '219201', 'image/jpeg', 'D:\\DawnWing SoftWare\\upload_file\\wechat_official_account\\402880e9627f5d0601627f76ee5f0001\\745c61632d63423dbd4ebb2728158115.jpg', null, '2018-04-01 12:28:52', '2018-04-01 12:28:52', '1', null);
INSERT INTO `sys_attach` VALUES ('402880e9627f5d0601627f7749980004', 'image', 'd06b16ff518c421fb038c5e28575c82a.jpg', '164047', 'image/jpeg', 'D:\\DawnWing SoftWare\\upload_file\\wechat_official_account\\402880e9627f5d0601627f76ee5f0001\\d06b16ff518c421fb038c5e28575c82a.jpg', null, '2018-04-01 12:29:05', '2018-04-01 12:29:05', '1', null);
INSERT INTO `sys_attach` VALUES ('402880e9627f5d0601627f7764090006', 'image', 'fbca534bfaa84a919a354ce93d145ea5.jpg', '341694', 'image/jpeg', 'D:\\DawnWing SoftWare\\upload_file\\wechat_official_account\\402880e9627f5d0601627f76ee5f0001\\fbca534bfaa84a919a354ce93d145ea5.jpg', null, '2018-04-01 12:29:12', '2018-04-01 12:29:12', '1', null);
INSERT INTO `sys_attach` VALUES ('402880e9627f5d0601627f777c300008', 'image', '32abb01baed24da08ce0be299b0f3174.jpg', '138360', 'image/jpeg', 'D:\\DawnWing SoftWare\\upload_file\\wechat_official_account\\402880e9627f5d0601627f76ee5f0001\\32abb01baed24da08ce0be299b0f3174.jpg', null, '2018-04-01 12:29:18', '2018-04-01 12:29:18', '1', null);
INSERT INTO `sys_attach` VALUES ('402880e962a331fa0162a34478a70003', 'image', 'a3336f59f01b49c9a6de8ac75b6241fe.jpg', '119994', 'image/jpeg', 'D:\\DawnWing SoftWare\\upload_file\\wechat_official_account\\402880e962a331fa0162a34474d90000\\a3336f59f01b49c9a6de8ac75b6241fe.jpg', null, '2018-04-08 11:19:56', '2018-04-08 11:19:56', '1', null);
INSERT INTO `sys_attach` VALUES ('402880e962a331fa0162a3447ba00005', 'image', 'c05c1e7694ad45f7b5da287bc5fea41f.jpg', '207111', 'image/jpeg', 'D:\\DawnWing SoftWare\\upload_file\\wechat_official_account\\402880e962a331fa0162a34474d90000\\c05c1e7694ad45f7b5da287bc5fea41f.jpg', null, '2018-04-08 11:19:57', '2018-04-08 11:19:57', '1', null);
INSERT INTO `sys_attach` VALUES ('402880e962a331fa0162a3447dd30007', 'image', '6bbc31b541764123b255e49a19e6b8cb.jpg', '176935', 'image/jpeg', 'D:\\DawnWing SoftWare\\upload_file\\wechat_official_account\\402880e962a331fa0162a34474d90000\\6bbc31b541764123b255e49a19e6b8cb.jpg', null, '2018-04-08 11:19:57', '2018-04-08 11:19:57', '1', null);
INSERT INTO `sys_attach` VALUES ('402880e962a331fa0162a3447fd80009', 'image', '1e3cfa8580a54170b77506929c4cacd7.jpg', '140151', 'image/jpeg', 'D:\\DawnWing SoftWare\\upload_file\\wechat_official_account\\402880e962a331fa0162a34474d90000\\1e3cfa8580a54170b77506929c4cacd7.jpg', null, '2018-04-08 11:19:58', '2018-04-08 11:19:58', '1', null);
INSERT INTO `sys_attach` VALUES ('402880e962b462f30162b5b430710005', 'image', 'ab46dda070e148f492699bd0967b5079.jpg', '140708', 'image/jpeg', 'D:\\DawnWing SoftWare\\upload_file\\wechat_official_account\\402880e962b462f30162b5b3fab00002\\ab46dda070e148f492699bd0967b5079.jpg', null, '2018-04-12 01:15:07', '2018-04-12 01:15:07', '1', null);
INSERT INTO `sys_attach` VALUES ('402880e962b462f30162b5b431060007', 'image', '6bc700db1bed487aa768f12da995ed4c.jpg', '99179', 'image/jpeg', 'D:\\DawnWing SoftWare\\upload_file\\wechat_official_account\\402880e962b462f30162b5b3fab00002\\6bc700db1bed487aa768f12da995ed4c.jpg', null, '2018-04-12 01:15:07', '2018-04-12 01:15:07', '1', null);
INSERT INTO `sys_attach` VALUES ('402880e962b462f30162b5b431e00009', 'image', '0638b8f6494c4c15a8f8f6caf0636c86.jpg', '304761', 'image/jpeg', 'D:\\DawnWing SoftWare\\upload_file\\wechat_official_account\\402880e962b462f30162b5b3fab00002\\0638b8f6494c4c15a8f8f6caf0636c86.jpg', null, '2018-04-12 01:15:08', '2018-04-12 01:15:08', '1', null);
INSERT INTO `sys_attach` VALUES ('402880e962bd804d0162bd81958f0003', 'image', 'd1e724b338974d7b8bfff694f8f23c3d.jpg', '180606', 'image/jpeg', 'D:\\DawnWing SoftWare\\upload_file\\wechat_official_account\\402880e962bd804d0162bd8123f00000\\d1e724b338974d7b8bfff694f8f23c3d.jpg', null, '2018-04-13 13:36:49', '2018-04-13 13:36:49', '1', null);
INSERT INTO `sys_attach` VALUES ('402880e962bd94e00162bd95676b0003', 'image', '0a51f49417ca473a9bd12b8053024372.jpg', '180606', 'image/jpeg', 'D:\\DawnWing SoftWare\\upload_file\\wechat_official_account\\402880e962bd94e00162bd9563c60000\\0a51f49417ca473a9bd12b8053024372.jpg', null, '2018-04-13 13:58:27', '2018-04-13 13:58:27', '1', null);
INSERT INTO `sys_attach` VALUES ('402880e962bd99270162bda26ffd0003', 'image', 'b925d51560294f6ca89380d49edf4ac1.jpg', '45539', 'image/jpeg', 'D:\\DawnWing SoftWare\\upload_file\\wechat_official_account\\402880e962bd99270162bda26cfb0000\\b925d51560294f6ca89380d49edf4ac1.jpg', null, '2018-04-13 14:12:42', '2018-04-13 14:12:42', '1', null);
INSERT INTO `sys_attach` VALUES ('402880e962bda5190162bda6018c0003', 'image', '159107ad26f6482d87cc714fae212252.jpg', '180606', 'image/jpeg', 'D:\\DawnWing SoftWare\\upload_file\\wechat_official_account\\402880e962bda5190162bda5fee60000\\159107ad26f6482d87cc714fae212252.jpg', null, '2018-04-13 14:16:35', '2018-04-13 14:16:35', '1', null);
INSERT INTO `sys_attach` VALUES ('402880e962bda7b40162bda873b00003', 'image', '8eca00e2cd9a4973824097141e41fae7.jpg', '180606', 'image/jpeg', 'D:\\DawnWing SoftWare\\upload_file\\wechat_official_account\\402880e962bda7b40162bda8700f0000\\8eca00e2cd9a4973824097141e41fae7.jpg', null, '2018-04-13 14:19:16', '2018-04-13 14:19:16', '1', null);
INSERT INTO `sys_attach` VALUES ('402880e962bda7b40162bda8d8d10008', 'image', 'b5c490342d0144289b31c70ffa650a8e.jpg', '180606', 'image/jpeg', 'D:\\DawnWing SoftWare\\upload_file\\wechat_official_account\\402880e962bda7b40162bda8d6c00005\\b5c490342d0144289b31c70ffa650a8e.jpg', null, '2018-04-13 14:19:42', '2018-04-13 14:19:42', '1', null);
INSERT INTO `sys_attach` VALUES ('402880e962bda7b40162bda932f6000d', 'image', 'cbe576cc49bb4656adad8abaae9efe36.jpg', '180606', 'image/jpeg', 'D:\\DawnWing SoftWare\\upload_file\\wechat_official_account\\402880e962bda7b40162bda93120000a\\cbe576cc49bb4656adad8abaae9efe36.jpg', null, '2018-04-13 14:20:05', '2018-04-13 14:20:05', '1', null);
INSERT INTO `sys_attach` VALUES ('402880e962be9fa00162bea15c6d0003', 'image', '998e7f743a784678bf09514037289821.jpg', '180606', 'image/jpeg', 'D:\\DawnWing SoftWare\\upload_file\\wechat_official_account\\402880e962be9fa00162bea159120000\\998e7f743a784678bf09514037289821.jpg', null, '2018-04-13 18:51:08', '2018-04-13 18:51:08', '1', null);
INSERT INTO `sys_attach` VALUES ('402880e962be9fa00162bea2889d0008', 'image', '4620a7346edc456ea4d863c26ed0537e.jpg', '180606', 'image/jpeg', 'D:\\DawnWing SoftWare\\upload_file\\wechat_official_account\\402880e962be9fa00162bea285cb0005\\4620a7346edc456ea4d863c26ed0537e.jpg', null, '2018-04-13 18:52:25', '2018-04-13 18:52:25', '1', null);
INSERT INTO `sys_attach` VALUES ('402880e962be9fa00162bea3560d000d', 'image', '5ed230ab51974a158ca3cec6f55ed5e8.jpg', '82601', 'image/jpeg', 'D:\\DawnWing SoftWare\\upload_file\\wechat_official_account\\402880e962be9fa00162bea35336000a\\5ed230ab51974a158ca3cec6f55ed5e8.jpg', null, '2018-04-13 18:53:18', '2018-04-13 18:53:18', '1', null);
INSERT INTO `sys_attach` VALUES ('402880e962be9fa00162bea3da2b0012', 'image', '5c3991d5f56a4510b6522638b360dd88.jpg', '180606', 'image/jpeg', 'D:\\DawnWing SoftWare\\upload_file\\wechat_official_account\\402880e962be9fa00162bea3d6a3000f\\5c3991d5f56a4510b6522638b360dd88.jpg', null, '2018-04-13 18:53:52', '2018-04-13 18:53:52', '1', null);
INSERT INTO `sys_attach` VALUES ('402880e962bf7a950162bf7c201e0000', 'image', '402880ea61d2bc6f0161d2c0d7aa0000.jpg', '79397', 'image/jpeg', 'D:\\DawnWing SoftWare\\upload_file\\dealer_QrCode\\402880ea61d2bc6f0161d2c0d7aa0000.jpg', 'U01', '2018-04-13 22:50:05', '2018-04-13 22:50:05', '1', null);
INSERT INTO `sys_attach` VALUES ('402880e962bf7a950162bf7c22640001', 'image', '402880ea61d2bc6f0161d2c9703c0001.jpg', '79763', 'image/jpeg', 'D:\\DawnWing SoftWare\\upload_file\\dealer_QrCode\\402880ea61d2bc6f0161d2c9703c0001.jpg', 'U01', '2018-04-13 22:50:06', '2018-04-13 22:50:06', '1', null);
INSERT INTO `sys_attach` VALUES ('402880e962bf7a950162bf7c24bf0002', 'image', '402880e962b462f30162b5a5e8750001.jpg', '79834', 'image/jpeg', 'D:\\DawnWing SoftWare\\upload_file\\dealer_QrCode\\402880e962b462f30162b5a5e8750001.jpg', 'U01', '2018-04-13 22:50:06', '2018-04-13 22:50:06', '1', null);
INSERT INTO `sys_attach` VALUES ('402880e962bfdb2a0162bfdc8e9a0000', 'other', 'b09cf16e-734d-4d69-9eab-cc50b954c47d.zip', '182853', 'application/zip', 'D:\\DawnWing SoftWare\\temp\\b09cf16e-734d-4d69-9eab-cc50b954c47d.zip', 'U01', '2018-04-14 00:35:25', '2018-04-14 00:35:25', '1', null);
INSERT INTO `sys_attach` VALUES ('402880e962bfdb2a0162bfe04ca00001', 'other', '5728ef7a-81bb-4fe3-87a9-87c963b2fc3f.zip', '182853', 'application/zip', 'D:\\DawnWing SoftWare\\temp\\5728ef7a-81bb-4fe3-87a9-87c963b2fc3f.zip', 'U01', '2018-04-14 00:39:30', '2018-04-14 00:39:30', '1', null);
INSERT INTO `sys_attach` VALUES ('402880e962bfe7bd0162bfe86d0e0000', 'other', 'fd90e988-4ec8-4c65-94da-612db03c0f47.zip', '182853', 'application/zip', 'D:\\DawnWing SoftWare\\temp\\fd90e988-4ec8-4c65-94da-612db03c0f47.zip', 'U01', '2018-04-14 00:48:15', '2018-04-14 00:48:15', '1', null);

-- ----------------------------
-- Table structure for sys_backup
-- ----------------------------
DROP TABLE IF EXISTS `sys_backup`;
CREATE TABLE `sys_backup` (
  `ID` varchar(32) COLLATE utf8_bin NOT NULL,
  `NAME` varchar(100) COLLATE utf8_bin DEFAULT NULL,
  `BACKUP_PATH` longtext COLLATE utf8_bin,
  `CREATE_DATE` datetime DEFAULT NULL,
  `UPDATE_DATE` datetime DEFAULT NULL,
  `REMARK` longtext COLLATE utf8_bin,
  PRIMARY KEY (`ID`) USING BTREE
) ENGINE=InnoDB DEFAULT CHARSET=utf8 COLLATE=utf8_bin ROW_FORMAT=COMPACT;

-- ----------------------------
-- Records of sys_backup
-- ----------------------------
INSERT INTO `sys_backup` VALUES ('402880e9624921b4016249413b5e0007', '【数据备份】2018-03-21', 0x443A5C4461776E57696E6720536F6674576172655C6261636B75705F66696C655C6D7973716C5C313532313634373433343539302E73716C, '2018-03-21 23:50:34', '2018-03-21 23:50:34', 0xE38090E6898BE58AA8E5A487E4BBBDE38091);
INSERT INTO `sys_backup` VALUES ('402880e96251cb8b016251d08dc30000', '【数据备份】2018-03-23', 0x443A5C4461776E57696E6720536F6674576172655C6261636B75705F66696C655C6D7973716C5C313532313739313034333636352E73716C, '2018-03-23 15:44:05', '2018-03-23 15:44:05', 0xE38090E6898BE58AA8E5A487E4BBBDE38091);

-- ----------------------------
-- Table structure for sys_constant
-- ----------------------------
DROP TABLE IF EXISTS `sys_constant`;
CREATE TABLE `sys_constant` (
  `ID` varchar(32) COLLATE utf8_bin NOT NULL,
  `SC_KEY` varchar(100) COLLATE utf8_bin DEFAULT NULL,
  `SC_VAL` longtext COLLATE utf8_bin,
  `IS_INIT` int(11) DEFAULT NULL,
  `SORT` int(11) DEFAULT NULL,
  `STATUS` int(11) DEFAULT NULL,
  `CREATE_DATE` datetime DEFAULT NULL,
  `UPDATE_DATE` datetime DEFAULT NULL,
  `REMARK` longtext COLLATE utf8_bin,
  `SC_GROUP` varchar(50) COLLATE utf8_bin DEFAULT NULL,
  PRIMARY KEY (`ID`) USING BTREE
) ENGINE=InnoDB DEFAULT CHARSET=utf8 COLLATE=utf8_bin ROW_FORMAT=COMPACT;

-- ----------------------------
-- Records of sys_constant
-- ----------------------------
INSERT INTO `sys_constant` VALUES ('CST-01', 'Copyright', 0x436F7079726967687420C2A920323031382D3230313920792E73787765622E746F702E20416C6C205269676874732052657365727665642E, '1', '1', '1', '2018-02-20 19:40:41', '2018-02-20 19:40:43', 0xE78988E69D83E4BFA1E681AF, null);
INSERT INTO `sys_constant` VALUES ('CST-02', 'SuperAdminDefaultRoleId', 0x522D3031, '1', '2', '1', '2018-03-16 12:33:24', '2018-03-16 12:33:26', 0xE8B685E7BAA7E7AEA1E79086E59198E8A792E889B24964, null);
INSERT INTO `sys_constant` VALUES ('CST-03', 'UserDefaultPassword', 0x313131313131, '1', '3', '1', '2018-03-16 12:37:12', '2018-03-16 12:37:14', 0xE794A8E688B7E9BB98E8AEA4E5AF86E7A081, null);
INSERT INTO `sys_constant` VALUES ('CST-04', 'AbsoluteWebContext', 0x687474703A2F2F753871366D792E6E6174617070667265652E63632F796C63696D2F, '1', '4', '1', '2018-03-28 01:52:08', '2018-03-28 01:52:10', 0x574542E4B88AE4B88BE69687E7BB9DE5AFB9E59CB0E59D80, null);
INSERT INTO `sys_constant` VALUES ('CST-05', 'ConsumerWarningDefaultAuthor', 0xE69DA8E5878CE7A4BAE88C83E58CBAE5B7A5E59586E5B180, '1', '5', '1', '2018-03-30 16:28:35', '2018-03-30 16:28:37', 0xE6B688E8B4B9E9A284E8ADA6E9BB98E8AEA4E58F91E5B883E58D95E4BD8D, null);
INSERT INTO `sys_constant` VALUES ('CST-06', 'SystemName', 0xE7BB8FE890A5E88085E4BFA1E794A8E585ACE7A4BAE5B9B3E58FB0, '1', '6', '1', '2018-04-10 13:26:53', '2018-04-10 13:26:55', 0xE5BEAEE4BFA1E7ABAFE5B9B3E58FB0E5908DE7A7B0E5928CE78988E69D83E4BFA1E681AFE4B880E59D97E5B195E7A4BA, null);

-- ----------------------------
-- Table structure for sys_icon_library
-- ----------------------------
DROP TABLE IF EXISTS `sys_icon_library`;
CREATE TABLE `sys_icon_library` (
  `ID` varchar(32) COLLATE utf8_bin NOT NULL,
  `NAME` varchar(100) COLLATE utf8_bin DEFAULT NULL,
  `ICON_CLS` varchar(100) COLLATE utf8_bin DEFAULT NULL,
  `ICON_FROM` varchar(20) COLLATE utf8_bin DEFAULT NULL,
  `CREATE_DATE` datetime DEFAULT NULL,
  `UPDATE_DATE` datetime DEFAULT NULL,
  `SORT` int(11) DEFAULT NULL,
  PRIMARY KEY (`ID`) USING BTREE
) ENGINE=InnoDB DEFAULT CHARSET=utf8 COLLATE=utf8_bin ROW_FORMAT=COMPACT;

-- ----------------------------
-- Records of sys_icon_library
-- ----------------------------
INSERT INTO `sys_icon_library` VALUES ('402880e96242faf4016242fd5fa10163', '.czs-server', 'czs-server', 'caomei', '2018-03-20 18:38:44', '2018-03-20 18:38:44', '0');
INSERT INTO `sys_icon_library` VALUES ('402880e96242faf4016242fd5fb40164', '.czs-server-l', 'czs-server-l', 'caomei', '2018-03-20 18:38:44', '2018-03-20 18:38:44', '1');
INSERT INTO `sys_icon_library` VALUES ('402880e96242faf4016242fd5fc70165', '.czs-servers', 'czs-servers', 'caomei', '2018-03-20 18:38:44', '2018-03-20 18:38:44', '2');
INSERT INTO `sys_icon_library` VALUES ('402880e96242faf4016242fd5fd90166', '.czs-hacker', 'czs-hacker', 'caomei', '2018-03-20 18:38:44', '2018-03-20 18:38:44', '3');
INSERT INTO `sys_icon_library` VALUES ('402880e96242faf4016242fd5fea0167', '.czs-keyboard', 'czs-keyboard', 'caomei', '2018-03-20 18:38:44', '2018-03-20 18:38:44', '4');
INSERT INTO `sys_icon_library` VALUES ('402880e96242faf4016242fd5ffc0168', '.czs-keyboard-l', 'czs-keyboard-l', 'caomei', '2018-03-20 18:38:44', '2018-03-20 18:38:44', '5');
INSERT INTO `sys_icon_library` VALUES ('402880e96242faf4016242fd600e0169', '.czs-command', 'czs-command', 'caomei', '2018-03-20 18:38:44', '2018-03-20 18:38:44', '6');
INSERT INTO `sys_icon_library` VALUES ('402880e96242faf4016242fd6022016a', '.czs-command-l', 'czs-command-l', 'caomei', '2018-03-20 18:38:44', '2018-03-20 18:38:44', '7');
INSERT INTO `sys_icon_library` VALUES ('402880e96242faf4016242fd6038016b', '.czs-usb', 'czs-usb', 'caomei', '2018-03-20 18:38:44', '2018-03-20 18:38:44', '8');
INSERT INTO `sys_icon_library` VALUES ('402880e96242faf4016242fd604a016c', '.czs-usb-l', 'czs-usb-l', 'caomei', '2018-03-20 18:38:44', '2018-03-20 18:38:44', '9');
INSERT INTO `sys_icon_library` VALUES ('402880e96242faf4016242fd605e016d', '.czs-bug', 'czs-bug', 'caomei', '2018-03-20 18:38:44', '2018-03-20 18:38:44', '10');
INSERT INTO `sys_icon_library` VALUES ('402880e96242faf4016242fd6073016e', '.czs-bug-l', 'czs-bug-l', 'caomei', '2018-03-20 18:38:44', '2018-03-20 18:38:44', '11');
INSERT INTO `sys_icon_library` VALUES ('402880e96242faf4016242fd6081016f', '.czs-save', 'czs-save', 'caomei', '2018-03-20 18:38:44', '2018-03-20 18:38:44', '12');
INSERT INTO `sys_icon_library` VALUES ('402880e96242faf4016242fd608e0170', '.czs-save-l', 'czs-save-l', 'caomei', '2018-03-20 18:38:44', '2018-03-20 18:38:44', '13');
INSERT INTO `sys_icon_library` VALUES ('402880e96242faf4016242fd609b0171', '.czs-code-file', 'czs-code-file', 'caomei', '2018-03-20 18:38:44', '2018-03-20 18:38:44', '14');
INSERT INTO `sys_icon_library` VALUES ('402880e96242faf4016242fd60a80172', '.czs-code-file-l', 'czs-code-file-l', 'caomei', '2018-03-20 18:38:44', '2018-03-20 18:38:44', '15');
INSERT INTO `sys_icon_library` VALUES ('402880e96242faf4016242fd60b50173', '.czs-firewall', 'czs-firewall', 'caomei', '2018-03-20 18:38:44', '2018-03-20 18:38:44', '16');
INSERT INTO `sys_icon_library` VALUES ('402880e96242faf4016242fd60c30174', '.czs-firewall-l', 'czs-firewall-l', 'caomei', '2018-03-20 18:38:44', '2018-03-20 18:38:44', '17');
INSERT INTO `sys_icon_library` VALUES ('402880e96242faf4016242fd60d30175', '.czs-microchip', 'czs-microchip', 'caomei', '2018-03-20 18:38:44', '2018-03-20 18:38:44', '18');
INSERT INTO `sys_icon_library` VALUES ('402880e96242faf4016242fd60d40176', '.czs-microchip-l', 'czs-microchip-l', 'caomei', '2018-03-20 18:38:44', '2018-03-20 18:38:44', '19');
INSERT INTO `sys_icon_library` VALUES ('402880e96242faf4016242fd60dc0177', '.czs-platform', 'czs-platform', 'caomei', '2018-03-20 18:38:44', '2018-03-20 18:38:44', '23');
INSERT INTO `sys_icon_library` VALUES ('402880e96242faf4016242fd60dc0178', '.czs-configuration', 'czs-configuration', 'caomei', '2018-03-20 18:38:44', '2018-03-20 18:38:44', '21');
INSERT INTO `sys_icon_library` VALUES ('402880e96242faf4016242fd60df0179', '.czs-program', 'czs-program', 'caomei', '2018-03-20 18:38:44', '2018-03-20 18:38:44', '20');
INSERT INTO `sys_icon_library` VALUES ('402880e96242faf4016242fd60e2017a', '.czs-tab-select', 'czs-tab-select', 'caomei', '2018-03-20 18:38:44', '2018-03-20 18:38:44', '22');
INSERT INTO `sys_icon_library` VALUES ('402880e96242faf4016242fd60e7017b', '.czs-tab', 'czs-tab', 'caomei', '2018-03-20 18:38:44', '2018-03-20 18:38:44', '24');
INSERT INTO `sys_icon_library` VALUES ('402880e96242faf4016242fd60f8017c', '.czs-control', 'czs-control', 'caomei', '2018-03-20 18:38:44', '2018-03-20 18:38:44', '25');
INSERT INTO `sys_icon_library` VALUES ('402880e96242faf4016242fd60f8017d', '.czs-operation', 'czs-operation', 'caomei', '2018-03-20 18:38:44', '2018-03-20 18:38:44', '29');
INSERT INTO `sys_icon_library` VALUES ('402880e96242faf4016242fd60fb017e', '.czs-code-l', 'czs-code-l', 'caomei', '2018-03-20 18:38:44', '2018-03-20 18:38:44', '28');
INSERT INTO `sys_icon_library` VALUES ('402880e96242faf4016242fd6103017f', '.czs-code-edit-l', 'czs-code-edit-l', 'caomei', '2018-03-20 18:38:44', '2018-03-20 18:38:44', '30');
INSERT INTO `sys_icon_library` VALUES ('402880e96242faf4016242fd61070180', '.czs-control-rank', 'czs-control-rank', 'caomei', '2018-03-20 18:38:44', '2018-03-20 18:38:44', '26');
INSERT INTO `sys_icon_library` VALUES ('402880e96242faf4016242fd61090181', '.czs-code-plugin-l', 'czs-code-plugin-l', 'caomei', '2018-03-20 18:38:44', '2018-03-20 18:38:44', '27');
INSERT INTO `sys_icon_library` VALUES ('402880e96242faf4016242fd61140182', '.czs-storage-l', 'czs-storage-l', 'caomei', '2018-03-20 18:38:44', '2018-03-20 18:38:44', '31');
INSERT INTO `sys_icon_library` VALUES ('402880e96242faf4016242fd61170183', '.czs-code-branch', 'czs-code-branch', 'caomei', '2018-03-20 18:38:44', '2018-03-20 18:38:44', '32');
INSERT INTO `sys_icon_library` VALUES ('402880e96242faf4016242fd611a0184', '.czs-code-fork', 'czs-code-fork', 'caomei', '2018-03-20 18:38:44', '2018-03-20 18:38:44', '33');
INSERT INTO `sys_icon_library` VALUES ('402880e96242faf4016242fd611f0185', '.czs-greatwall', 'czs-greatwall', 'caomei', '2018-03-20 18:38:44', '2018-03-20 18:38:44', '34');
INSERT INTO `sys_icon_library` VALUES ('402880e96242faf4016242fd61220186', '.czs-taiji', 'czs-taiji', 'caomei', '2018-03-20 18:38:44', '2018-03-20 18:38:44', '35');
INSERT INTO `sys_icon_library` VALUES ('402880e96242faf4016242fd61250187', '.czs-circle-o', 'czs-circle-o', 'caomei', '2018-03-20 18:38:44', '2018-03-20 18:38:44', '36');
INSERT INTO `sys_icon_library` VALUES ('402880e96242faf4016242fd61300188', '.czs-circle-l', 'czs-circle-l', 'caomei', '2018-03-20 18:38:44', '2018-03-20 18:38:44', '37');
INSERT INTO `sys_icon_library` VALUES ('402880e96242faf4016242fd61320189', '.czs-square-l', 'czs-square-l', 'caomei', '2018-03-20 18:38:44', '2018-03-20 18:38:44', '39');
INSERT INTO `sys_icon_library` VALUES ('402880e96242faf4016242fd6133018a', '.czs-square-o', 'czs-square-o', 'caomei', '2018-03-20 18:38:44', '2018-03-20 18:38:44', '38');
INSERT INTO `sys_icon_library` VALUES ('402880e96242faf4016242fd6135018b', '.czs-triangle-o', 'czs-triangle-o', 'caomei', '2018-03-20 18:38:44', '2018-03-20 18:38:44', '40');
INSERT INTO `sys_icon_library` VALUES ('402880e96242faf4016242fd6137018c', '.czs-triangle-l', 'czs-triangle-l', 'caomei', '2018-03-20 18:38:44', '2018-03-20 18:38:44', '41');
INSERT INTO `sys_icon_library` VALUES ('402880e96242faf4016242fd613a018d', '.czs-camber-o', 'czs-camber-o', 'caomei', '2018-03-20 18:38:44', '2018-03-20 18:38:44', '42');
INSERT INTO `sys_icon_library` VALUES ('402880e96242faf4016242fd6147018e', '.czs-cup', 'czs-cup', 'caomei', '2018-03-20 18:38:44', '2018-03-20 18:38:44', '44');
INSERT INTO `sys_icon_library` VALUES ('402880e96242faf4016242fd6147018f', '.czs-camber-l', 'czs-camber-l', 'caomei', '2018-03-20 18:38:44', '2018-03-20 18:38:44', '43');
INSERT INTO `sys_icon_library` VALUES ('402880e96242faf4016242fd614b0190', '.czs-calendar', 'czs-calendar', 'caomei', '2018-03-20 18:38:44', '2018-03-20 18:38:44', '46');
INSERT INTO `sys_icon_library` VALUES ('402880e96242faf4016242fd614b0191', '.czs-cup-l', 'czs-cup-l', 'caomei', '2018-03-20 18:38:44', '2018-03-20 18:38:44', '45');
INSERT INTO `sys_icon_library` VALUES ('402880e96242faf4016242fd614d0192', '.czs-calendar-l', 'czs-calendar-l', 'caomei', '2018-03-20 18:38:44', '2018-03-20 18:38:44', '47');
INSERT INTO `sys_icon_library` VALUES ('402880e96242faf4016242fd614f0193', '.czs-home', 'czs-home', 'caomei', '2018-03-20 18:38:44', '2018-03-20 18:38:44', '48');
INSERT INTO `sys_icon_library` VALUES ('402880e96242faf4016242fd616a0194', '.czs-home-l', 'czs-home-l', 'caomei', '2018-03-20 18:38:44', '2018-03-20 18:38:44', '49');
INSERT INTO `sys_icon_library` VALUES ('402880e96242faf4016242fd616b0195', '.czs-image', 'czs-image', 'caomei', '2018-03-20 18:38:44', '2018-03-20 18:38:44', '50');
INSERT INTO `sys_icon_library` VALUES ('402880e96242faf4016242fd616e0196', '.czs-image-l', 'czs-image-l', 'caomei', '2018-03-20 18:38:44', '2018-03-20 18:38:44', '51');
INSERT INTO `sys_icon_library` VALUES ('402880e96242faf4016242fd61710197', '.czs-buy', 'czs-buy', 'caomei', '2018-03-20 18:38:44', '2018-03-20 18:38:44', '52');
INSERT INTO `sys_icon_library` VALUES ('402880e96242faf4016242fd61740198', '.czs-comment', 'czs-comment', 'caomei', '2018-03-20 18:38:44', '2018-03-20 18:38:44', '54');
INSERT INTO `sys_icon_library` VALUES ('402880e96242faf4016242fd61740199', '.czs-buy-l', 'czs-buy-l', 'caomei', '2018-03-20 18:38:44', '2018-03-20 18:38:44', '53');
INSERT INTO `sys_icon_library` VALUES ('402880e96242faf4016242fd6184019a', '.czs-comment-l', 'czs-comment-l', 'caomei', '2018-03-20 18:38:44', '2018-03-20 18:38:44', '55');
INSERT INTO `sys_icon_library` VALUES ('402880e96242faf4016242fd6186019b', '.czs-chemistry', 'czs-chemistry', 'caomei', '2018-03-20 18:38:44', '2018-03-20 18:38:44', '56');
INSERT INTO `sys_icon_library` VALUES ('402880e96242faf4016242fd6188019c', '.czs-chemistry-l', 'czs-chemistry-l', 'caomei', '2018-03-20 18:38:44', '2018-03-20 18:38:44', '57');
INSERT INTO `sys_icon_library` VALUES ('402880e96242faf4016242fd618a019d', '.czs-bookmark-l', 'czs-bookmark-l', 'caomei', '2018-03-20 18:38:44', '2018-03-20 18:38:44', '59');
INSERT INTO `sys_icon_library` VALUES ('402880e96242faf4016242fd618c019e', '.czs-bookmark', 'czs-bookmark', 'caomei', '2018-03-20 18:38:44', '2018-03-20 18:38:44', '58');
INSERT INTO `sys_icon_library` VALUES ('402880e96242faf4016242fd618d019f', '.czs-book', 'czs-book', 'caomei', '2018-03-20 18:38:44', '2018-03-20 18:38:44', '60');
INSERT INTO `sys_icon_library` VALUES ('402880e96242faf4016242fd61a001a0', '.czs-book-l', 'czs-book-l', 'caomei', '2018-03-20 18:38:44', '2018-03-20 18:38:44', '61');
INSERT INTO `sys_icon_library` VALUES ('402880e96242faf4016242fd61a101a1', '.czs-building', 'czs-building', 'caomei', '2018-03-20 18:38:44', '2018-03-20 18:38:44', '62');
INSERT INTO `sys_icon_library` VALUES ('402880e96242faf4016242fd61a201a2', '.czs-building-l', 'czs-building-l', 'caomei', '2018-03-20 18:38:44', '2018-03-20 18:38:44', '63');
INSERT INTO `sys_icon_library` VALUES ('402880e96242faf4016242fd61a301a3', '.czs-headset', 'czs-headset', 'caomei', '2018-03-20 18:38:44', '2018-03-20 18:38:44', '66');
INSERT INTO `sys_icon_library` VALUES ('402880e96242faf4016242fd61a401a4', '.czs-game-l', 'czs-game-l', 'caomei', '2018-03-20 18:38:44', '2018-03-20 18:38:44', '65');
INSERT INTO `sys_icon_library` VALUES ('402880e96242faf4016242fd61a701a5', '.czs-game', 'czs-game', 'caomei', '2018-03-20 18:38:44', '2018-03-20 18:38:44', '64');
INSERT INTO `sys_icon_library` VALUES ('402880e96242faf4016242fd61bb01a6', '.czs-gift', 'czs-gift', 'caomei', '2018-03-20 18:38:44', '2018-03-20 18:38:44', '68');
INSERT INTO `sys_icon_library` VALUES ('402880e96242faf4016242fd61bb01a7', '.czs-headset-l', 'czs-headset-l', 'caomei', '2018-03-20 18:38:44', '2018-03-20 18:38:44', '67');
INSERT INTO `sys_icon_library` VALUES ('402880e96242faf4016242fd61bb01a8', '.czs-gift-l', 'czs-gift-l', 'caomei', '2018-03-20 18:38:44', '2018-03-20 18:38:44', '69');
INSERT INTO `sys_icon_library` VALUES ('402880e96242faf4016242fd61bd01a9', '.czs-printer', 'czs-printer', 'caomei', '2018-03-20 18:38:44', '2018-03-20 18:38:44', '72');
INSERT INTO `sys_icon_library` VALUES ('402880e96242faf4016242fd61bf01aa', '.czs-heart-l', 'czs-heart-l', 'caomei', '2018-03-20 18:38:44', '2018-03-20 18:38:44', '71');
INSERT INTO `sys_icon_library` VALUES ('402880e96242faf4016242fd61c101ab', '.czs-heart', 'czs-heart', 'caomei', '2018-03-20 18:38:44', '2018-03-20 18:38:44', '70');
INSERT INTO `sys_icon_library` VALUES ('402880e96242faf4016242fd61d901ac', '.czs-printer-l', 'czs-printer-l', 'caomei', '2018-03-20 18:38:44', '2018-03-20 18:38:44', '73');
INSERT INTO `sys_icon_library` VALUES ('402880e96242faf4016242fd61da01ad', '.czs-list-clipboard', 'czs-list-clipboard', 'caomei', '2018-03-20 18:38:44', '2018-03-20 18:38:44', '78');
INSERT INTO `sys_icon_library` VALUES ('402880e96242faf4016242fd61da01ae', '.czs-inbox-l', 'czs-inbox-l', 'caomei', '2018-03-20 18:38:44', '2018-03-20 18:38:44', '75');
INSERT INTO `sys_icon_library` VALUES ('402880e96242faf4016242fd61db01af', '.czs-right-clipboard-l', 'czs-right-clipboard-l', 'caomei', '2018-03-20 18:38:44', '2018-03-20 18:38:44', '77');
INSERT INTO `sys_icon_library` VALUES ('402880e96242faf4016242fd61dc01b0', '.czs-right-clipboard', 'czs-right-clipboard', 'caomei', '2018-03-20 18:38:44', '2018-03-20 18:38:44', '76');
INSERT INTO `sys_icon_library` VALUES ('402880e96242faf4016242fd61dd01b1', '.czs-inbox', 'czs-inbox', 'caomei', '2018-03-20 18:38:44', '2018-03-20 18:38:44', '74');
INSERT INTO `sys_icon_library` VALUES ('402880e96242faf4016242fd61ee01b2', '.czs-list-clipboard-l', 'czs-list-clipboard-l', 'caomei', '2018-03-20 18:38:44', '2018-03-20 18:38:44', '79');
INSERT INTO `sys_icon_library` VALUES ('402880e96242faf4016242fd61f001b3', '.czs-talk', 'czs-talk', 'caomei', '2018-03-20 18:38:44', '2018-03-20 18:38:44', '80');
INSERT INTO `sys_icon_library` VALUES ('402880e96242faf4016242fd61fa01b4', '.czs-bar-chart', 'czs-bar-chart', 'caomei', '2018-03-20 18:38:44', '2018-03-20 18:38:44', '84');
INSERT INTO `sys_icon_library` VALUES ('402880e96242faf4016242fd61fa01b5', '.czs-talk-l', 'czs-talk-l', 'caomei', '2018-03-20 18:38:44', '2018-03-20 18:38:44', '81');
INSERT INTO `sys_icon_library` VALUES ('402880e96242faf4016242fd61fb01b6', '.czs-time-l', 'czs-time-l', 'caomei', '2018-03-20 18:38:44', '2018-03-20 18:38:44', '83');
INSERT INTO `sys_icon_library` VALUES ('402880e96242faf4016242fd61fd01b7', '.czs-time', 'czs-time', 'caomei', '2018-03-20 18:38:44', '2018-03-20 18:38:44', '82');
INSERT INTO `sys_icon_library` VALUES ('402880e96242faf4016242fd620401b8', '.czs-lock', 'czs-lock', 'caomei', '2018-03-20 18:38:44', '2018-03-20 18:38:44', '86');
INSERT INTO `sys_icon_library` VALUES ('402880e96242faf4016242fd620601b9', '.czs-bar-chart-l', 'czs-bar-chart-l', 'caomei', '2018-03-20 18:38:44', '2018-03-20 18:38:44', '85');
INSERT INTO `sys_icon_library` VALUES ('402880e96242faf4016242fd620f01ba', '.czs-music', 'czs-music', 'caomei', '2018-03-20 18:38:44', '2018-03-20 18:38:44', '88');
INSERT INTO `sys_icon_library` VALUES ('402880e96242faf4016242fd621001bb', '.czs-lock-l', 'czs-lock-l', 'caomei', '2018-03-20 18:38:44', '2018-03-20 18:38:44', '87');
INSERT INTO `sys_icon_library` VALUES ('402880e96242faf4016242fd621001bc', '.czs-music-l', 'czs-music-l', 'caomei', '2018-03-20 18:38:44', '2018-03-20 18:38:44', '89');
INSERT INTO `sys_icon_library` VALUES ('402880e96242faf4016242fd621301bd', '.czs-music-note', 'czs-music-note', 'caomei', '2018-03-20 18:38:44', '2018-03-20 18:38:44', '90');
INSERT INTO `sys_icon_library` VALUES ('402880e96242faf4016242fd621c01be', '.czs-music-note-l', 'czs-music-note-l', 'caomei', '2018-03-20 18:38:44', '2018-03-20 18:38:44', '91');
INSERT INTO `sys_icon_library` VALUES ('402880e96242faf4016242fd622201bf', '.czs-film', 'czs-film', 'caomei', '2018-03-20 18:38:44', '2018-03-20 18:38:44', '92');
INSERT INTO `sys_icon_library` VALUES ('402880e96242faf4016242fd622601c0', '.czs-light-l', 'czs-light-l', 'caomei', '2018-03-20 18:38:44', '2018-03-20 18:38:44', '95');
INSERT INTO `sys_icon_library` VALUES ('402880e96242faf4016242fd622a01c1', '.czs-film-l', 'czs-film-l', 'caomei', '2018-03-20 18:38:44', '2018-03-20 18:38:44', '93');
INSERT INTO `sys_icon_library` VALUES ('402880e96242faf4016242fd622c01c2', '.czs-medal', 'czs-medal', 'caomei', '2018-03-20 18:38:44', '2018-03-20 18:38:44', '96');
INSERT INTO `sys_icon_library` VALUES ('402880e96242faf4016242fd622e01c3', '.czs-light', 'czs-light', 'caomei', '2018-03-20 18:38:44', '2018-03-20 18:38:44', '94');
INSERT INTO `sys_icon_library` VALUES ('402880e96242faf4016242fd623601c4', '.czs-mouse', 'czs-mouse', 'caomei', '2018-03-20 18:38:44', '2018-03-20 18:38:44', '98');
INSERT INTO `sys_icon_library` VALUES ('402880e96242faf4016242fd623a01c5', '.czs-medal-l', 'czs-medal-l', 'caomei', '2018-03-20 18:38:44', '2018-03-20 18:38:44', '97');
INSERT INTO `sys_icon_library` VALUES ('402880e96242faf4016242fd624001c6', '.czs-microphone', 'czs-microphone', 'caomei', '2018-03-20 18:38:44', '2018-03-20 18:38:44', '100');
INSERT INTO `sys_icon_library` VALUES ('402880e96242faf4016242fd624801c7', '.czs-microphone-l', 'czs-microphone-l', 'caomei', '2018-03-20 18:38:44', '2018-03-20 18:38:44', '101');
INSERT INTO `sys_icon_library` VALUES ('402880e96242faf4016242fd624b01c8', '.czs-mouse-l', 'czs-mouse-l', 'caomei', '2018-03-20 18:38:44', '2018-03-20 18:38:44', '99');
INSERT INTO `sys_icon_library` VALUES ('402880e96242faf4016242fd624b01c9', '.czs-volume', 'czs-volume', 'caomei', '2018-03-20 18:38:44', '2018-03-20 18:38:44', '102');
INSERT INTO `sys_icon_library` VALUES ('402880e96242faf4016242fd624d01ca', '.czs-volume-l', 'czs-volume-l', 'caomei', '2018-03-20 18:38:44', '2018-03-20 18:38:44', '103');
INSERT INTO `sys_icon_library` VALUES ('402880e96242faf4016242fd625301cb', '.czs-watch', 'czs-watch', 'caomei', '2018-03-20 18:38:44', '2018-03-20 18:38:44', '104');
INSERT INTO `sys_icon_library` VALUES ('402880e96242faf4016242fd625801cc', '.czs-watch-l', 'czs-watch-l', 'caomei', '2018-03-20 18:38:44', '2018-03-20 18:38:44', '105');
INSERT INTO `sys_icon_library` VALUES ('402880e96242faf4016242fd626201cd', '.czs-tag', 'czs-tag', 'caomei', '2018-03-20 18:38:44', '2018-03-20 18:38:44', '106');
INSERT INTO `sys_icon_library` VALUES ('402880e96242faf4016242fd626401ce', '.czs-webcam', 'czs-webcam', 'caomei', '2018-03-20 18:38:44', '2018-03-20 18:38:44', '108');
INSERT INTO `sys_icon_library` VALUES ('402880e96242faf4016242fd626401cf', '.czs-tag-l', 'czs-tag-l', 'caomei', '2018-03-20 18:38:44', '2018-03-20 18:38:44', '107');
INSERT INTO `sys_icon_library` VALUES ('402880e96242faf4016242fd626601d0', '.czs-webcam-l', 'czs-webcam-l', 'caomei', '2018-03-20 18:38:44', '2018-03-20 18:38:44', '109');
INSERT INTO `sys_icon_library` VALUES ('402880e96242faf4016242fd626b01d1', '.czs-setting', 'czs-setting', 'caomei', '2018-03-20 18:38:44', '2018-03-20 18:38:44', '110');
INSERT INTO `sys_icon_library` VALUES ('402880e96242faf4016242fd626b01d2', '.czs-setting-l', 'czs-setting-l', 'caomei', '2018-03-20 18:38:44', '2018-03-20 18:38:44', '111');
INSERT INTO `sys_icon_library` VALUES ('402880e96242faf4016242fd627601d3', '.czs-star', 'czs-star', 'caomei', '2018-03-20 18:38:44', '2018-03-20 18:38:44', '112');
INSERT INTO `sys_icon_library` VALUES ('402880e96242faf4016242fd628001d4', '.czs-star-l', 'czs-star-l', 'caomei', '2018-03-20 18:38:44', '2018-03-20 18:38:44', '113');
INSERT INTO `sys_icon_library` VALUES ('402880e96242faf4016242fd628301d5', '.czs-cloud-l', 'czs-cloud-l', 'caomei', '2018-03-20 18:38:44', '2018-03-20 18:38:44', '117');
INSERT INTO `sys_icon_library` VALUES ('402880e96242faf4016242fd628501d6', '.czs-bell', 'czs-bell', 'caomei', '2018-03-20 18:38:44', '2018-03-20 18:38:44', '114');
INSERT INTO `sys_icon_library` VALUES ('402880e96242faf4016242fd628801d7', '.czs-cloud', 'czs-cloud', 'caomei', '2018-03-20 18:38:44', '2018-03-20 18:38:44', '116');
INSERT INTO `sys_icon_library` VALUES ('402880e96242faf4016242fd628801d8', '.czs-bell-l', 'czs-bell-l', 'caomei', '2018-03-20 18:38:44', '2018-03-20 18:38:44', '115');
INSERT INTO `sys_icon_library` VALUES ('402880e96242faf4016242fd628b01d9', '.czs-battery', 'czs-battery', 'caomei', '2018-03-20 18:38:44', '2018-03-20 18:38:44', '118');
INSERT INTO `sys_icon_library` VALUES ('402880e96242faf4016242fd629b01da', '.czs-airplane', 'czs-airplane', 'caomei', '2018-03-20 18:38:44', '2018-03-20 18:38:44', '120');
INSERT INTO `sys_icon_library` VALUES ('402880e96242faf4016242fd629c01db', '.czs-airplane-l', 'czs-airplane-l', 'caomei', '2018-03-20 18:38:44', '2018-03-20 18:38:44', '121');
INSERT INTO `sys_icon_library` VALUES ('402880e96242faf4016242fd629c01dc', '.czs-battery-l', 'czs-battery-l', 'caomei', '2018-03-20 18:38:44', '2018-03-20 18:38:44', '119');
INSERT INTO `sys_icon_library` VALUES ('402880e96242faf4016242fd629e01dd', '.czs-trash', 'czs-trash', 'caomei', '2018-03-20 18:38:44', '2018-03-20 18:38:44', '122');
INSERT INTO `sys_icon_library` VALUES ('402880e96242faf4016242fd629e01de', '.czs-trash-l', 'czs-trash-l', 'caomei', '2018-03-20 18:38:44', '2018-03-20 18:38:44', '123');
INSERT INTO `sys_icon_library` VALUES ('402880e96242faf4016242fd62a001df', '.czs-file', 'czs-file', 'caomei', '2018-03-20 18:38:44', '2018-03-20 18:38:44', '124');
INSERT INTO `sys_icon_library` VALUES ('402880e96242faf4016242fd62b401e0', '.czs-file-l', 'czs-file-l', 'caomei', '2018-03-20 18:38:44', '2018-03-20 18:38:44', '125');
INSERT INTO `sys_icon_library` VALUES ('402880e96242faf4016242fd62b601e1', '.czs-laptop', 'czs-laptop', 'caomei', '2018-03-20 18:38:44', '2018-03-20 18:38:44', '130');
INSERT INTO `sys_icon_library` VALUES ('402880e96242faf4016242fd62b701e2', '.czs-computer-l', 'czs-computer-l', 'caomei', '2018-03-20 18:38:44', '2018-03-20 18:38:44', '129');
INSERT INTO `sys_icon_library` VALUES ('402880e96242faf4016242fd62b701e3', '.czs-computer', 'czs-computer', 'caomei', '2018-03-20 18:38:44', '2018-03-20 18:38:44', '128');
INSERT INTO `sys_icon_library` VALUES ('402880e96242faf4016242fd62b701e4', '.czs-doc-file', 'czs-doc-file', 'caomei', '2018-03-20 18:38:44', '2018-03-20 18:38:44', '126');
INSERT INTO `sys_icon_library` VALUES ('402880e96242faf4016242fd62bb01e5', '.czs-doc-file-l', 'czs-doc-file-l', 'caomei', '2018-03-20 18:38:44', '2018-03-20 18:38:44', '127');
INSERT INTO `sys_icon_library` VALUES ('402880e96242faf4016242fd62c801e6', '.czs-laptop-l', 'czs-laptop-l', 'caomei', '2018-03-20 18:38:44', '2018-03-20 18:38:44', '131');
INSERT INTO `sys_icon_library` VALUES ('402880e96242faf4016242fd62cd01e7', '.czs-user-l', 'czs-user-l', 'caomei', '2018-03-20 18:38:44', '2018-03-20 18:38:44', '135');
INSERT INTO `sys_icon_library` VALUES ('402880e96242faf4016242fd62ce01e8', '.czs-mobile', 'czs-mobile', 'caomei', '2018-03-20 18:38:44', '2018-03-20 18:38:44', '132');
INSERT INTO `sys_icon_library` VALUES ('402880e96242faf4016242fd62d001e9', '.czs-user', 'czs-user', 'caomei', '2018-03-20 18:38:44', '2018-03-20 18:38:44', '134');
INSERT INTO `sys_icon_library` VALUES ('402880e96242faf4016242fd62d101ea', '.czs-message', 'czs-message', 'caomei', '2018-03-20 18:38:44', '2018-03-20 18:38:44', '136');
INSERT INTO `sys_icon_library` VALUES ('402880e96242faf4016242fd62d201eb', '.czs-mobile-l', 'czs-mobile-l', 'caomei', '2018-03-20 18:38:44', '2018-03-20 18:38:44', '133');
INSERT INTO `sys_icon_library` VALUES ('402880e96242faf4016242fd62de01ec', '.czs-message-l', 'czs-message-l', 'caomei', '2018-03-20 18:38:44', '2018-03-20 18:38:44', '137');
INSERT INTO `sys_icon_library` VALUES ('402880e96242faf4016242fd62e601ed', '.czs-camera-l', 'czs-camera-l', 'caomei', '2018-03-20 18:38:44', '2018-03-20 18:38:44', '139');
INSERT INTO `sys_icon_library` VALUES ('402880e96242faf4016242fd62ea01ee', '.czs-read', 'czs-read', 'caomei', '2018-03-20 18:38:44', '2018-03-20 18:38:44', '142');
INSERT INTO `sys_icon_library` VALUES ('402880e96242faf4016242fd62ed01ef', '.czs-location', 'czs-location', 'caomei', '2018-03-20 18:38:44', '2018-03-20 18:38:44', '140');
INSERT INTO `sys_icon_library` VALUES ('402880e96242faf4016242fd62f001f0', '.czs-location-l', 'czs-location-l', 'caomei', '2018-03-20 18:38:44', '2018-03-20 18:38:44', '141');
INSERT INTO `sys_icon_library` VALUES ('402880e96242faf4016242fd62f701f1', '.czs-camera', 'czs-camera', 'caomei', '2018-03-20 18:38:44', '2018-03-20 18:38:44', '138');
INSERT INTO `sys_icon_library` VALUES ('402880e96242faf4016242fd630301f2', '.czs-read-l', 'czs-read-l', 'caomei', '2018-03-20 18:38:44', '2018-03-20 18:38:44', '143');
INSERT INTO `sys_icon_library` VALUES ('402880e96242faf4016242fd630a01f3', '.czs-clock', 'czs-clock', 'caomei', '2018-03-20 18:38:44', '2018-03-20 18:38:44', '144');
INSERT INTO `sys_icon_library` VALUES ('402880e96242faf4016242fd630e01f4', '.czs-clock-l', 'czs-clock-l', 'caomei', '2018-03-20 18:38:44', '2018-03-20 18:38:44', '145');
INSERT INTO `sys_icon_library` VALUES ('402880e96242faf4016242fd631201f5', '.czs-bluetooth', 'czs-bluetooth', 'caomei', '2018-03-20 18:38:44', '2018-03-20 18:38:44', '146');
INSERT INTO `sys_icon_library` VALUES ('402880e96242faf4016242fd631201f6', '.czs-calculator', 'czs-calculator', 'caomei', '2018-03-20 18:38:44', '2018-03-20 18:38:44', '148');
INSERT INTO `sys_icon_library` VALUES ('402880e96242faf4016242fd631301f7', '.czs-bluetooth-l', 'czs-bluetooth-l', 'caomei', '2018-03-20 18:38:44', '2018-03-20 18:38:44', '147');
INSERT INTO `sys_icon_library` VALUES ('402880e96242faf4016242fd631d01f8', '.czs-calculator-l', 'czs-calculator-l', 'caomei', '2018-03-20 18:38:45', '2018-03-20 18:38:45', '149');
INSERT INTO `sys_icon_library` VALUES ('402880e96242faf4016242fd632301f9', '.czs-coin', 'czs-coin', 'caomei', '2018-03-20 18:38:45', '2018-03-20 18:38:45', '150');
INSERT INTO `sys_icon_library` VALUES ('402880e96242faf4016242fd632501fa', '.czs-coin-l', 'czs-coin-l', 'caomei', '2018-03-20 18:38:45', '2018-03-20 18:38:45', '151');
INSERT INTO `sys_icon_library` VALUES ('402880e96242faf4016242fd632801fb', '.czs-briefcase', 'czs-briefcase', 'caomei', '2018-03-20 18:38:45', '2018-03-20 18:38:45', '152');
INSERT INTO `sys_icon_library` VALUES ('402880e96242faf4016242fd632e01fc', '.czs-briefcase-l', 'czs-briefcase-l', 'caomei', '2018-03-20 18:38:45', '2018-03-20 18:38:45', '153');
INSERT INTO `sys_icon_library` VALUES ('402880e96242faf4016242fd632f01fd', '.czs-eye', 'czs-eye', 'caomei', '2018-03-20 18:38:45', '2018-03-20 18:38:45', '154');
INSERT INTO `sys_icon_library` VALUES ('402880e96242faf4016242fd633501fe', '.czs-eye-l', 'czs-eye-l', 'caomei', '2018-03-20 18:38:45', '2018-03-20 18:38:45', '155');
INSERT INTO `sys_icon_library` VALUES ('402880e96242faf4016242fd633d01ff', '.czs-ruler', 'czs-ruler', 'caomei', '2018-03-20 18:38:45', '2018-03-20 18:38:45', '156');
INSERT INTO `sys_icon_library` VALUES ('402880e96242faf4016242fd63420200', '.czs-ruler-l', 'czs-ruler-l', 'caomei', '2018-03-20 18:38:45', '2018-03-20 18:38:45', '157');
INSERT INTO `sys_icon_library` VALUES ('402880e96242faf4016242fd63450201', '.czs-brush', 'czs-brush', 'caomei', '2018-03-20 18:38:45', '2018-03-20 18:38:45', '160');
INSERT INTO `sys_icon_library` VALUES ('402880e96242faf4016242fd63480202', '.czs-clothes', 'czs-clothes', 'caomei', '2018-03-20 18:38:45', '2018-03-20 18:38:45', '158');
INSERT INTO `sys_icon_library` VALUES ('402880e96242faf4016242fd634c0203', '.czs-clothes-l', 'czs-clothes-l', 'caomei', '2018-03-20 18:38:45', '2018-03-20 18:38:45', '159');
INSERT INTO `sys_icon_library` VALUES ('402880e96242faf4016242fd63540204', '.czs-rollerbrush', 'czs-rollerbrush', 'caomei', '2018-03-20 18:38:45', '2018-03-20 18:38:45', '162');
INSERT INTO `sys_icon_library` VALUES ('402880e96242faf4016242fd63550205', '.czs-brush-l', 'czs-brush-l', 'caomei', '2018-03-20 18:38:45', '2018-03-20 18:38:45', '161');
INSERT INTO `sys_icon_library` VALUES ('402880e96242faf4016242fd63560206', '.czs-rollerbrush-l', 'czs-rollerbrush-l', 'caomei', '2018-03-20 18:38:45', '2018-03-20 18:38:45', '163');
INSERT INTO `sys_icon_library` VALUES ('402880e96242faf4016242fd635f0207', '.czs-crown', 'czs-crown', 'caomei', '2018-03-20 18:38:45', '2018-03-20 18:38:45', '164');
INSERT INTO `sys_icon_library` VALUES ('402880e96242faf4016242fd63690208', '.czs-board', 'czs-board', 'caomei', '2018-03-20 18:38:45', '2018-03-20 18:38:45', '166');
INSERT INTO `sys_icon_library` VALUES ('402880e96242faf4016242fd63690209', '.czs-crown-l', 'czs-crown-l', 'caomei', '2018-03-20 18:38:45', '2018-03-20 18:38:45', '165');
INSERT INTO `sys_icon_library` VALUES ('402880e96242faf4016242fd636f020a', '.czs-board-l', 'czs-board-l', 'caomei', '2018-03-20 18:38:45', '2018-03-20 18:38:45', '167');
INSERT INTO `sys_icon_library` VALUES ('402880e96242faf4016242fd6377020b', '.czs-map', 'czs-map', 'caomei', '2018-03-20 18:38:45', '2018-03-20 18:38:45', '168');
INSERT INTO `sys_icon_library` VALUES ('402880e96242faf4016242fd637b020c', '.czs-lightning', 'czs-lightning', 'caomei', '2018-03-20 18:38:45', '2018-03-20 18:38:45', '170');
INSERT INTO `sys_icon_library` VALUES ('402880e96242faf4016242fd637c020d', '.czs-map-l', 'czs-map-l', 'caomei', '2018-03-20 18:38:45', '2018-03-20 18:38:45', '169');
INSERT INTO `sys_icon_library` VALUES ('402880e96242faf4016242fd6382020e', '.czs-truck', 'czs-truck', 'caomei', '2018-03-20 18:38:45', '2018-03-20 18:38:45', '172');
INSERT INTO `sys_icon_library` VALUES ('402880e96242faf4016242fd638c020f', '.czs-lightning-l', 'czs-lightning-l', 'caomei', '2018-03-20 18:38:45', '2018-03-20 18:38:45', '171');
INSERT INTO `sys_icon_library` VALUES ('402880e96242faf4016242fd638d0210', '.czs-truck-l', 'czs-truck-l', 'caomei', '2018-03-20 18:38:45', '2018-03-20 18:38:45', '173');
INSERT INTO `sys_icon_library` VALUES ('402880e96242faf4016242fd63930211', '.czs-rocket', 'czs-rocket', 'caomei', '2018-03-20 18:38:45', '2018-03-20 18:38:45', '176');
INSERT INTO `sys_icon_library` VALUES ('402880e96242faf4016242fd63960212', '.czs-shopping-cart', 'czs-shopping-cart', 'caomei', '2018-03-20 18:38:45', '2018-03-20 18:38:45', '174');
INSERT INTO `sys_icon_library` VALUES ('402880e96242faf4016242fd63980213', '.czs-shopping-cart-l', 'czs-shopping-cart-l', 'caomei', '2018-03-20 18:38:45', '2018-03-20 18:38:45', '175');
INSERT INTO `sys_icon_library` VALUES ('402880e96242faf4016242fd639f0214', '.czs-rocket-l', 'czs-rocket-l', 'caomei', '2018-03-20 18:38:45', '2018-03-20 18:38:45', '177');
INSERT INTO `sys_icon_library` VALUES ('402880e96242faf4016242fd63a70215', '.czs-square', 'czs-square', 'caomei', '2018-03-20 18:38:45', '2018-03-20 18:38:45', '179');
INSERT INTO `sys_icon_library` VALUES ('402880e96242faf4016242fd63a80216', '.czs-triangle', 'czs-triangle', 'caomei', '2018-03-20 18:38:45', '2018-03-20 18:38:45', '178');
INSERT INTO `sys_icon_library` VALUES ('402880e96242faf4016242fd63b10217', '.czs-circle', 'czs-circle', 'caomei', '2018-03-20 18:38:45', '2018-03-20 18:38:45', '180');
INSERT INTO `sys_icon_library` VALUES ('402880e96242faf4016242fd63b50218', '.czs-paper-plane', 'czs-paper-plane', 'caomei', '2018-03-20 18:38:45', '2018-03-20 18:38:45', '183');
INSERT INTO `sys_icon_library` VALUES ('402880e96242faf4016242fd63b60219', '.czs-x-buy-l', 'czs-x-buy-l', 'caomei', '2018-03-20 18:38:45', '2018-03-20 18:38:45', '182');
INSERT INTO `sys_icon_library` VALUES ('402880e96242faf4016242fd63bd021a', '.czs-quote-right', 'czs-quote-right', 'caomei', '2018-03-20 18:38:45', '2018-03-20 18:38:45', '185');
INSERT INTO `sys_icon_library` VALUES ('402880e96242faf4016242fd63bf021b', '.czs-quote-left', 'czs-quote-left', 'caomei', '2018-03-20 18:38:45', '2018-03-20 18:38:45', '184');
INSERT INTO `sys_icon_library` VALUES ('402880e96242faf4016242fd63c0021c', '.czs-camber', 'czs-camber', 'caomei', '2018-03-20 18:38:45', '2018-03-20 18:38:45', '181');
INSERT INTO `sys_icon_library` VALUES ('402880e96242faf4016242fd63cb021d', '.czs-d-space', 'czs-d-space', 'caomei', '2018-03-20 18:38:45', '2018-03-20 18:38:45', '186');
INSERT INTO `sys_icon_library` VALUES ('402880e96242faf4016242fd63d0021e', '.czs-wifi', 'czs-wifi', 'caomei', '2018-03-20 18:38:45', '2018-03-20 18:38:45', '188');
INSERT INTO `sys_icon_library` VALUES ('402880e96242faf4016242fd63d3021f', '.czs-pixels', 'czs-pixels', 'caomei', '2018-03-20 18:38:45', '2018-03-20 18:38:45', '189');
INSERT INTO `sys_icon_library` VALUES ('402880e96242faf4016242fd63de0220', '.czs-prototype', 'czs-prototype', 'caomei', '2018-03-20 18:38:45', '2018-03-20 18:38:45', '190');
INSERT INTO `sys_icon_library` VALUES ('402880e96242faf4016242fd63de0221', '.czs-thumbs-up', 'czs-thumbs-up', 'caomei', '2018-03-20 18:38:45', '2018-03-20 18:38:45', '187');
INSERT INTO `sys_icon_library` VALUES ('402880e96242faf4016242fd63e30222', '.czs-vector-design', 'czs-vector-design', 'caomei', '2018-03-20 18:38:45', '2018-03-20 18:38:45', '191');
INSERT INTO `sys_icon_library` VALUES ('402880e96242faf4016242fd63e90223', '.czs-connection', 'czs-connection', 'caomei', '2018-03-20 18:38:45', '2018-03-20 18:38:45', '192');
INSERT INTO `sys_icon_library` VALUES ('402880e96242faf4016242fd63ec0224', '.czs-forum', 'czs-forum', 'caomei', '2018-03-20 18:38:45', '2018-03-20 18:38:45', '193');
INSERT INTO `sys_icon_library` VALUES ('402880e96242faf4016242fd63f10225', '.czs-user-framework', 'czs-user-framework', 'caomei', '2018-03-20 18:38:45', '2018-03-20 18:38:45', '194');
INSERT INTO `sys_icon_library` VALUES ('402880e96242faf4016242fd63fd0226', '.czs-analysis', 'czs-analysis', 'caomei', '2018-03-20 18:38:45', '2018-03-20 18:38:45', '195');
INSERT INTO `sys_icon_library` VALUES ('402880e96242faf4016242fd64000227', '.czs-data-test', 'czs-data-test', 'caomei', '2018-03-20 18:38:45', '2018-03-20 18:38:45', '197');
INSERT INTO `sys_icon_library` VALUES ('402880e96242faf4016242fd64000228', '.czs-collection', 'czs-collection', 'caomei', '2018-03-20 18:38:45', '2018-03-20 18:38:45', '196');
INSERT INTO `sys_icon_library` VALUES ('402880e96242faf4016242fd64020229', '.czs-web-edit', 'czs-web-edit', 'caomei', '2018-03-20 18:38:45', '2018-03-20 18:38:45', '198');
INSERT INTO `sys_icon_library` VALUES ('402880e96242faf4016242fd6404022a', '.czs-font', 'czs-font', 'caomei', '2018-03-20 18:38:45', '2018-03-20 18:38:45', '199');
INSERT INTO `sys_icon_library` VALUES ('402880e96242faf4016242fd6412022b', '.czs-pad', 'czs-pad', 'caomei', '2018-03-20 18:38:45', '2018-03-20 18:38:45', '201');
INSERT INTO `sys_icon_library` VALUES ('402880e96242faf4016242fd6414022c', '.czs-overlapping', 'czs-overlapping', 'caomei', '2018-03-20 18:38:45', '2018-03-20 18:38:45', '200');
INSERT INTO `sys_icon_library` VALUES ('402880e96242faf4016242fd641b022d', '.czs-layers', 'czs-layers', 'caomei', '2018-03-20 18:38:45', '2018-03-20 18:38:45', '202');
INSERT INTO `sys_icon_library` VALUES ('402880e96242faf4016242fd641e022e', '.czs-layout-list', 'czs-layout-list', 'caomei', '2018-03-20 18:38:45', '2018-03-20 18:38:45', '205');
INSERT INTO `sys_icon_library` VALUES ('402880e96242faf4016242fd6424022f', '.czs-layout-grid', 'czs-layout-grid', 'caomei', '2018-03-20 18:38:45', '2018-03-20 18:38:45', '203');
INSERT INTO `sys_icon_library` VALUES ('402880e96242faf4016242fd642a0230', '.czs-layout-grids', 'czs-layout-grids', 'caomei', '2018-03-20 18:38:45', '2018-03-20 18:38:45', '204');
INSERT INTO `sys_icon_library` VALUES ('402880e96242faf4016242fd642c0231', '.czs-paper', 'czs-paper', 'caomei', '2018-03-20 18:38:45', '2018-03-20 18:38:45', '206');
INSERT INTO `sys_icon_library` VALUES ('402880e96242faf4016242fd64300232', '.czs-pokemon-ball', 'czs-pokemon-ball', 'caomei', '2018-03-20 18:38:45', '2018-03-20 18:38:45', '208');
INSERT INTO `sys_icon_library` VALUES ('402880e96242faf4016242fd64330233', '.czs-people', 'czs-people', 'caomei', '2018-03-20 18:38:45', '2018-03-20 18:38:45', '207');
INSERT INTO `sys_icon_library` VALUES ('402880e96242faf4016242fd64350234', '.czs-red-envelope', 'czs-red-envelope', 'caomei', '2018-03-20 18:38:45', '2018-03-20 18:38:45', '209');
INSERT INTO `sys_icon_library` VALUES ('402880e96242faf4016242fd64400235', '.czs-d-glasses', 'czs-d-glasses', 'caomei', '2018-03-20 18:38:45', '2018-03-20 18:38:45', '211');
INSERT INTO `sys_icon_library` VALUES ('402880e96242faf4016242fd64400236', '.czs-add', 'czs-add', 'caomei', '2018-03-20 18:38:45', '2018-03-20 18:38:45', '212');
INSERT INTO `sys_icon_library` VALUES ('402880e96242faf4016242fd64420237', '.czs-money', 'czs-money', 'caomei', '2018-03-20 18:38:45', '2018-03-20 18:38:45', '210');
INSERT INTO `sys_icon_library` VALUES ('402880e96242faf4016242fd644a0238', '.czs-pen', 'czs-pen', 'caomei', '2018-03-20 18:38:45', '2018-03-20 18:38:45', '214');
INSERT INTO `sys_icon_library` VALUES ('402880e96242faf4016242fd644f0239', '.czs-share', 'czs-share', 'caomei', '2018-03-20 18:38:45', '2018-03-20 18:38:45', '213');
INSERT INTO `sys_icon_library` VALUES ('402880e96242faf4016242fd6451023a', '.czs-pen-write', 'czs-pen-write', 'caomei', '2018-03-20 18:38:45', '2018-03-20 18:38:45', '215');
INSERT INTO `sys_icon_library` VALUES ('402880e96242faf4016242fd645a023b', '.czs-come-l', 'czs-come-l', 'caomei', '2018-03-20 18:38:45', '2018-03-20 18:38:45', '216');
INSERT INTO `sys_icon_library` VALUES ('402880e96242faf4016242fd645c023c', '.czs-qrcode-l', 'czs-qrcode-l', 'caomei', '2018-03-20 18:38:45', '2018-03-20 18:38:45', '218');
INSERT INTO `sys_icon_library` VALUES ('402880e96242faf4016242fd645f023d', '.czs-out-l', 'czs-out-l', 'caomei', '2018-03-20 18:38:45', '2018-03-20 18:38:45', '217');
INSERT INTO `sys_icon_library` VALUES ('402880e96242faf4016242fd6461023e', '.czs-scan-l', 'czs-scan-l', 'caomei', '2018-03-20 18:38:45', '2018-03-20 18:38:45', '219');
INSERT INTO `sys_icon_library` VALUES ('402880e96242faf4016242fd6464023f', '.czs-volume-x-l', 'czs-volume-x-l', 'caomei', '2018-03-20 18:38:45', '2018-03-20 18:38:45', '220');
INSERT INTO `sys_icon_library` VALUES ('402880e96242faf4016242fd646c0240', '.czs-info-l', 'czs-info-l', 'caomei', '2018-03-20 18:38:45', '2018-03-20 18:38:45', '221');
INSERT INTO `sys_icon_library` VALUES ('402880e96242faf4016242fd64700241', '.czs-scissors', 'czs-scissors', 'caomei', '2018-03-20 18:38:45', '2018-03-20 18:38:45', '222');
INSERT INTO `sys_icon_library` VALUES ('402880e96242faf4016242fd64730242', '.czs-link-l', 'czs-link-l', 'caomei', '2018-03-20 18:38:45', '2018-03-20 18:38:45', '223');
INSERT INTO `sys_icon_library` VALUES ('402880e96242faf4016242fd647b0243', '.czs-choose-list-l', 'czs-choose-list-l', 'caomei', '2018-03-20 18:38:45', '2018-03-20 18:38:45', '225');
INSERT INTO `sys_icon_library` VALUES ('402880e96242faf4016242fd647b0244', '.czs-location-l', 'czs-location-l', 'caomei', '2018-03-20 18:38:45', '2018-03-20 18:38:45', '224');
INSERT INTO `sys_icon_library` VALUES ('402880e96242faf4016242fd647d0245', '.czs-write-l', 'czs-write-l', 'caomei', '2018-03-20 18:38:45', '2018-03-20 18:38:45', '226');
INSERT INTO `sys_icon_library` VALUES ('402880e96242faf4016242fd64810246', '.czs-message-l', 'czs-message-l', 'caomei', '2018-03-20 18:38:45', '2018-03-20 18:38:45', '227');
INSERT INTO `sys_icon_library` VALUES ('402880e96242faf4016242fd64840247', '.czs-blackboard-l', 'czs-blackboard-l', 'caomei', '2018-03-20 18:38:45', '2018-03-20 18:38:45', '228');
INSERT INTO `sys_icon_library` VALUES ('402880e96242faf4016242fd64870248', '.czs-thumbs-up-l', 'czs-thumbs-up-l', 'caomei', '2018-03-20 18:38:45', '2018-03-20 18:38:45', '229');
INSERT INTO `sys_icon_library` VALUES ('402880e96242faf4016242fd64920249', '.czs-wrench-l', 'czs-wrench-l', 'caomei', '2018-03-20 18:38:45', '2018-03-20 18:38:45', '231');
INSERT INTO `sys_icon_library` VALUES ('402880e96242faf4016242fd6493024a', '.czs-time-plugin-l', 'czs-time-plugin-l', 'caomei', '2018-03-20 18:38:45', '2018-03-20 18:38:45', '232');
INSERT INTO `sys_icon_library` VALUES ('402880e96242faf4016242fd6495024b', '.czs-transmission-l', 'czs-transmission-l', 'caomei', '2018-03-20 18:38:45', '2018-03-20 18:38:45', '230');
INSERT INTO `sys_icon_library` VALUES ('402880e96242faf4016242fd649a024c', '.czs-product-l', 'czs-product-l', 'caomei', '2018-03-20 18:38:45', '2018-03-20 18:38:45', '235');
INSERT INTO `sys_icon_library` VALUES ('402880e96242faf4016242fd649a024d', '.czs-label-info-l', 'czs-label-info-l', 'caomei', '2018-03-20 18:38:45', '2018-03-20 18:38:45', '233');
INSERT INTO `sys_icon_library` VALUES ('402880e96242faf4016242fd649b024e', '.czs-sword-l', 'czs-sword-l', 'caomei', '2018-03-20 18:38:45', '2018-03-20 18:38:45', '234');
INSERT INTO `sys_icon_library` VALUES ('402880e96242faf4016242fd64b6024f', '.czs-doc-edit', 'czs-doc-edit', 'caomei', '2018-03-20 18:38:45', '2018-03-20 18:38:45', '236');
INSERT INTO `sys_icon_library` VALUES ('402880e96242faf4016242fd64b70250', '.czs-new-l', 'czs-new-l', 'caomei', '2018-03-20 18:38:45', '2018-03-20 18:38:45', '237');
INSERT INTO `sys_icon_library` VALUES ('402880e96242faf4016242fd64bb0251', '.czs-newspaper-l', 'czs-newspaper-l', 'caomei', '2018-03-20 18:38:45', '2018-03-20 18:38:45', '238');
INSERT INTO `sys_icon_library` VALUES ('402880e96242faf4016242fd64c40252', '.czs-construct-l', 'czs-construct-l', 'caomei', '2018-03-20 18:38:45', '2018-03-20 18:38:45', '240');
INSERT INTO `sys_icon_library` VALUES ('402880e96242faf4016242fd64c50253', '.czs-container-l', 'czs-container-l', 'caomei', '2018-03-20 18:38:45', '2018-03-20 18:38:45', '241');
INSERT INTO `sys_icon_library` VALUES ('402880e96242faf4016242fd64c50254', '.czs-prototype-select-l', 'czs-prototype-select-l', 'caomei', '2018-03-20 18:38:45', '2018-03-20 18:38:45', '239');
INSERT INTO `sys_icon_library` VALUES ('402880e96242faf4016242fd64ce0255', '.czs-detect-l', 'czs-detect-l', 'caomei', '2018-03-20 18:38:45', '2018-03-20 18:38:45', '242');
INSERT INTO `sys_icon_library` VALUES ('402880e96242faf4016242fd64d50256', '.czs-git-l', 'czs-git-l', 'caomei', '2018-03-20 18:38:45', '2018-03-20 18:38:45', '243');
INSERT INTO `sys_icon_library` VALUES ('402880e96242faf4016242fd64da0257', '.czs-program-framework-l', 'czs-program-framework-l', 'caomei', '2018-03-20 18:38:45', '2018-03-20 18:38:45', '244');
INSERT INTO `sys_icon_library` VALUES ('402880e96242faf4016242fd64dc0258', '.czs-aso-l', 'czs-aso-l', 'caomei', '2018-03-20 18:38:45', '2018-03-20 18:38:45', '245');
INSERT INTO `sys_icon_library` VALUES ('402880e96242faf4016242fd64dc0259', '.czs-network-l', 'czs-network-l', 'caomei', '2018-03-20 18:38:45', '2018-03-20 18:38:45', '246');
INSERT INTO `sys_icon_library` VALUES ('402880e96242faf4016242fd64dd025a', '.czs-site-folder-l', 'czs-site-folder-l', 'caomei', '2018-03-20 18:38:45', '2018-03-20 18:38:45', '247');
INSERT INTO `sys_icon_library` VALUES ('402880e96242faf4016242fd64e6025b', '.czs-association-l', 'czs-association-l', 'caomei', '2018-03-20 18:38:45', '2018-03-20 18:38:45', '248');
INSERT INTO `sys_icon_library` VALUES ('402880e96242faf4016242fd64ee025c', '.czs-certificate', 'czs-certificate', 'caomei', '2018-03-20 18:38:45', '2018-03-20 18:38:45', '249');
INSERT INTO `sys_icon_library` VALUES ('402880e96242faf4016242fd64f3025d', '.czs-fire-l', 'czs-fire-l', 'caomei', '2018-03-20 18:38:45', '2018-03-20 18:38:45', '252');
INSERT INTO `sys_icon_library` VALUES ('402880e96242faf4016242fd64f3025e', '.czs-design-edit-l', 'czs-design-edit-l', 'caomei', '2018-03-20 18:38:45', '2018-03-20 18:38:45', '250');
INSERT INTO `sys_icon_library` VALUES ('402880e96242faf4016242fd64f6025f', '.czs-design-shape-l', 'czs-design-shape-l', 'caomei', '2018-03-20 18:38:45', '2018-03-20 18:38:45', '251');
INSERT INTO `sys_icon_library` VALUES ('402880e96242faf4016242fd64f90260', '.czs-folder-l', 'czs-folder-l', 'caomei', '2018-03-20 18:38:45', '2018-03-20 18:38:45', '253');
INSERT INTO `sys_icon_library` VALUES ('402880e96242faf4016242fd64fc0261', '.czs-geometry-shape-l', 'czs-geometry-shape-l', 'caomei', '2018-03-20 18:38:45', '2018-03-20 18:38:45', '254');
INSERT INTO `sys_icon_library` VALUES ('402880e96242faf4016242fd650a0262', '.czs-bookmark-l', 'czs-bookmark-l', 'caomei', '2018-03-20 18:38:45', '2018-03-20 18:38:45', '257');
INSERT INTO `sys_icon_library` VALUES ('402880e96242faf4016242fd650a0263', '.czs-light-flash-l', 'czs-light-flash-l', 'caomei', '2018-03-20 18:38:45', '2018-03-20 18:38:45', '255');
INSERT INTO `sys_icon_library` VALUES ('402880e96242faf4016242fd650a0264', '.czs-book-l', 'czs-book-l', 'caomei', '2018-03-20 18:38:45', '2018-03-20 18:38:45', '256');
INSERT INTO `sys_icon_library` VALUES ('402880e96242faf4016242fd65100265', '.czs-close-l', 'czs-close-l', 'caomei', '2018-03-20 18:38:45', '2018-03-20 18:38:45', '259');
INSERT INTO `sys_icon_library` VALUES ('402880e96242faf4016242fd65130266', '.czs-clip-l', 'czs-clip-l', 'caomei', '2018-03-20 18:38:45', '2018-03-20 18:38:45', '258');
INSERT INTO `sys_icon_library` VALUES ('402880e96242faf4016242fd65150267', '.czs-cloud-l', 'czs-cloud-l', 'caomei', '2018-03-20 18:38:45', '2018-03-20 18:38:45', '260');
INSERT INTO `sys_icon_library` VALUES ('402880e96242faf4016242fd65220268', '.czs-comment-l', 'czs-comment-l', 'caomei', '2018-03-20 18:38:45', '2018-03-20 18:38:45', '261');
INSERT INTO `sys_icon_library` VALUES ('402880e96242faf4016242fd65230269', '.czs-download-l', 'czs-download-l', 'caomei', '2018-03-20 18:38:45', '2018-03-20 18:38:45', '263');
INSERT INTO `sys_icon_library` VALUES ('402880e96242faf4016242fd6525026a', '.czs-diamond-l', 'czs-diamond-l', 'caomei', '2018-03-20 18:38:45', '2018-03-20 18:38:45', '262');
INSERT INTO `sys_icon_library` VALUES ('402880e96242faf4016242fd6529026b', '.czs-eye-l', 'czs-eye-l', 'caomei', '2018-03-20 18:38:45', '2018-03-20 18:38:45', '264');
INSERT INTO `sys_icon_library` VALUES ('402880e96242faf4016242fd652c026c', '.czs-menu-l', 'czs-menu-l', 'caomei', '2018-03-20 18:38:45', '2018-03-20 18:38:45', '266');
INSERT INTO `sys_icon_library` VALUES ('402880e96242faf4016242fd6532026d', '.czs-heart-l', 'czs-heart-l', 'caomei', '2018-03-20 18:38:45', '2018-03-20 18:38:45', '265');
INSERT INTO `sys_icon_library` VALUES ('402880e96242faf4016242fd6537026e', '.czs-category-l', 'czs-category-l', 'caomei', '2018-03-20 18:38:45', '2018-03-20 18:38:45', '267');
INSERT INTO `sys_icon_library` VALUES ('402880e96242faf4016242fd653b026f', '.czs-mouse-l', 'czs-mouse-l', 'caomei', '2018-03-20 18:38:45', '2018-03-20 18:38:45', '269');
INSERT INTO `sys_icon_library` VALUES ('402880e96242faf4016242fd653c0270', '.czs-message-l', 'czs-message-l', 'caomei', '2018-03-20 18:38:45', '2018-03-20 18:38:45', '268');
INSERT INTO `sys_icon_library` VALUES ('402880e96242faf4016242fd65450271', '.czs-search-l', 'czs-search-l', 'caomei', '2018-03-20 18:38:45', '2018-03-20 18:38:45', '270');
INSERT INTO `sys_icon_library` VALUES ('402880e96242faf4016242fd65450272', '.czs-setting-l', 'czs-setting-l', 'caomei', '2018-03-20 18:38:45', '2018-03-20 18:38:45', '271');
INSERT INTO `sys_icon_library` VALUES ('402880e96242faf4016242fd65490273', '.czs-shield-l', 'czs-shield-l', 'caomei', '2018-03-20 18:38:45', '2018-03-20 18:38:45', '272');
INSERT INTO `sys_icon_library` VALUES ('402880e96242faf4016242fd654d0274', '.czs-tag-l', 'czs-tag-l', 'caomei', '2018-03-20 18:38:45', '2018-03-20 18:38:45', '273');
INSERT INTO `sys_icon_library` VALUES ('402880e96242faf4016242fd655b0275', '.czs-world-l', 'czs-world-l', 'caomei', '2018-03-20 18:38:45', '2018-03-20 18:38:45', '276');
INSERT INTO `sys_icon_library` VALUES ('402880e96242faf4016242fd655b0276', '.czs-upload-l', 'czs-upload-l', 'caomei', '2018-03-20 18:38:45', '2018-03-20 18:38:45', '275');
INSERT INTO `sys_icon_library` VALUES ('402880e96242faf4016242fd655b0277', '.czs-trash-l', 'czs-trash-l', 'caomei', '2018-03-20 18:38:45', '2018-03-20 18:38:45', '274');
INSERT INTO `sys_icon_library` VALUES ('402880e96242faf4016242fd655e0278', '.czs-write-l', 'czs-write-l', 'caomei', '2018-03-20 18:38:45', '2018-03-20 18:38:45', '277');
INSERT INTO `sys_icon_library` VALUES ('402880e96242faf4016242fd65650279', '.czs-headset', 'czs-headset', 'caomei', '2018-03-20 18:38:45', '2018-03-20 18:38:45', '278');
INSERT INTO `sys_icon_library` VALUES ('402880e96242faf4016242fd656b027a', '.czs-headset-l', 'czs-headset-l', 'caomei', '2018-03-20 18:38:45', '2018-03-20 18:38:45', '279');
INSERT INTO `sys_icon_library` VALUES ('402880e96242faf4016242fd6573027b', '.czs-image', 'czs-image', 'caomei', '2018-03-20 18:38:45', '2018-03-20 18:38:45', '280');
INSERT INTO `sys_icon_library` VALUES ('402880e96242faf4016242fd6574027c', '.czs-camera', 'czs-camera', 'caomei', '2018-03-20 18:38:45', '2018-03-20 18:38:45', '282');
INSERT INTO `sys_icon_library` VALUES ('402880e96242faf4016242fd6577027d', '.czs-camera-l', 'czs-camera-l', 'caomei', '2018-03-20 18:38:45', '2018-03-20 18:38:45', '283');
INSERT INTO `sys_icon_library` VALUES ('402880e96242faf4016242fd6578027e', '.czs-image-l', 'czs-image-l', 'caomei', '2018-03-20 18:38:45', '2018-03-20 18:38:45', '281');
INSERT INTO `sys_icon_library` VALUES ('402880e96242faf4016242fd6579027f', '.czs-microphone', 'czs-microphone', 'caomei', '2018-03-20 18:38:45', '2018-03-20 18:38:45', '284');
INSERT INTO `sys_icon_library` VALUES ('402880e96242faf4016242fd65860280', '.czs-microphone-l', 'czs-microphone-l', 'caomei', '2018-03-20 18:38:45', '2018-03-20 18:38:45', '285');
INSERT INTO `sys_icon_library` VALUES ('402880e96242faf4016242fd658a0281', '.czs-music', 'czs-music', 'caomei', '2018-03-20 18:38:45', '2018-03-20 18:38:45', '286');
INSERT INTO `sys_icon_library` VALUES ('402880e96242faf4016242fd658c0282', '.czs-music-note', 'czs-music-note', 'caomei', '2018-03-20 18:38:45', '2018-03-20 18:38:45', '288');
INSERT INTO `sys_icon_library` VALUES ('402880e96242faf4016242fd658f0283', '.czs-music-note-l', 'czs-music-note-l', 'caomei', '2018-03-20 18:38:45', '2018-03-20 18:38:45', '289');
INSERT INTO `sys_icon_library` VALUES ('402880e96242faf4016242fd65940284', '.czs-music-l', 'czs-music-l', 'caomei', '2018-03-20 18:38:45', '2018-03-20 18:38:45', '287');
INSERT INTO `sys_icon_library` VALUES ('402880e96242faf4016242fd65970285', '.czs-volume', 'czs-volume', 'caomei', '2018-03-20 18:38:45', '2018-03-20 18:38:45', '290');
INSERT INTO `sys_icon_library` VALUES ('402880e96242faf4016242fd659d0286', '.czs-volume-l', 'czs-volume-l', 'caomei', '2018-03-20 18:38:45', '2018-03-20 18:38:45', '291');
INSERT INTO `sys_icon_library` VALUES ('402880e96242faf4016242fd65a10287', '.czs-video-file-l', 'czs-video-file-l', 'caomei', '2018-03-20 18:38:45', '2018-03-20 18:38:45', '293');
INSERT INTO `sys_icon_library` VALUES ('402880e96242faf4016242fd65a50288', '.czs-video-file', 'czs-video-file', 'caomei', '2018-03-20 18:38:45', '2018-03-20 18:38:45', '292');
INSERT INTO `sys_icon_library` VALUES ('402880e96242faf4016242fd65a80289', '.czs-music-file', 'czs-music-file', 'caomei', '2018-03-20 18:38:45', '2018-03-20 18:38:45', '294');
INSERT INTO `sys_icon_library` VALUES ('402880e96242faf4016242fd65b2028a', '.czs-music-file-l', 'czs-music-file-l', 'caomei', '2018-03-20 18:38:45', '2018-03-20 18:38:45', '295');
INSERT INTO `sys_icon_library` VALUES ('402880e96242faf4016242fd65b3028b', '.czs-slider-l', 'czs-slider-l', 'caomei', '2018-03-20 18:38:45', '2018-03-20 18:38:45', '296');
INSERT INTO `sys_icon_library` VALUES ('402880e96242faf4016242fd65b4028c', '.czs-play-l', 'czs-play-l', 'caomei', '2018-03-20 18:38:45', '2018-03-20 18:38:45', '297');
INSERT INTO `sys_icon_library` VALUES ('402880e96242faf4016242fd65c1028d', '.czs-pause-l', 'czs-pause-l', 'caomei', '2018-03-20 18:38:45', '2018-03-20 18:38:45', '298');
INSERT INTO `sys_icon_library` VALUES ('402880e96242faf4016242fd65c2028e', '.czs-video-camera-l', 'czs-video-camera-l', 'caomei', '2018-03-20 18:38:45', '2018-03-20 18:38:45', '299');
INSERT INTO `sys_icon_library` VALUES ('402880e96242faf4016242fd65c5028f', '.czs-angle-down-l', 'czs-angle-down-l', 'caomei', '2018-03-20 18:38:45', '2018-03-20 18:38:45', '300');
INSERT INTO `sys_icon_library` VALUES ('402880e96242faf4016242fd65c70290', '.czs-angle-right-l', 'czs-angle-right-l', 'caomei', '2018-03-20 18:38:45', '2018-03-20 18:38:45', '302');
INSERT INTO `sys_icon_library` VALUES ('402880e96242faf4016242fd65cf0291', '.czs-angle-up-l', 'czs-angle-up-l', 'caomei', '2018-03-20 18:38:45', '2018-03-20 18:38:45', '303');
INSERT INTO `sys_icon_library` VALUES ('402880e96242faf4016242fd65d40292', '.czs-angle-left-l', 'czs-angle-left-l', 'caomei', '2018-03-20 18:38:45', '2018-03-20 18:38:45', '301');
INSERT INTO `sys_icon_library` VALUES ('402880e96242faf4016242fd65de0293', '.czs-arrow-up-l', 'czs-arrow-up-l', 'caomei', '2018-03-20 18:38:45', '2018-03-20 18:38:45', '305');
INSERT INTO `sys_icon_library` VALUES ('402880e96242faf4016242fd65e30294', '.czs-arrow-down-l', 'czs-arrow-down-l', 'caomei', '2018-03-20 18:38:45', '2018-03-20 18:38:45', '304');
INSERT INTO `sys_icon_library` VALUES ('402880e96242faf4016242fd65e50295', '.czs-hand-bevel', 'czs-hand-bevel', 'caomei', '2018-03-20 18:38:45', '2018-03-20 18:38:45', '306');
INSERT INTO `sys_icon_library` VALUES ('402880e96242faf4016242fd65e90296', '.czs-hand-gather', 'czs-hand-gather', 'caomei', '2018-03-20 18:38:45', '2018-03-20 18:38:45', '308');
INSERT INTO `sys_icon_library` VALUES ('402880e96242faf4016242fd65eb0297', '.czs-hande-vertical', 'czs-hande-vertical', 'caomei', '2018-03-20 18:38:45', '2018-03-20 18:38:45', '309');
INSERT INTO `sys_icon_library` VALUES ('402880e96242faf4016242fd65ed0298', '.czs-hand-slide', 'czs-hand-slide', 'caomei', '2018-03-20 18:38:45', '2018-03-20 18:38:45', '307');
INSERT INTO `sys_icon_library` VALUES ('402880e96242faf4016242fd65f70299', '.czs-hand-horizontal', 'czs-hand-horizontal', 'caomei', '2018-03-20 18:38:45', '2018-03-20 18:38:45', '310');
INSERT INTO `sys_icon_library` VALUES ('402880e96242faf4016242fd65fa029a', '.czs-hand-button', 'czs-hand-button', 'caomei', '2018-03-20 18:38:45', '2018-03-20 18:38:45', '311');
INSERT INTO `sys_icon_library` VALUES ('402880e96242faf4016242fd65fd029b', '.czs-hand-touch', 'czs-hand-touch', 'caomei', '2018-03-20 18:38:45', '2018-03-20 18:38:45', '312');
INSERT INTO `sys_icon_library` VALUES ('402880e96242faf4016242fd6604029c', '.czs-hand-pointer', 'czs-hand-pointer', 'caomei', '2018-03-20 18:38:45', '2018-03-20 18:38:45', '313');
INSERT INTO `sys_icon_library` VALUES ('402880e96242faf4016242fd6606029d', '.czs-hand-stop', 'czs-hand-stop', 'caomei', '2018-03-20 18:38:45', '2018-03-20 18:38:45', '315');
INSERT INTO `sys_icon_library` VALUES ('402880e96242faf4016242fd6609029e', '.czs-hand-grasp', 'czs-hand-grasp', 'caomei', '2018-03-20 18:38:45', '2018-03-20 18:38:45', '314');
INSERT INTO `sys_icon_library` VALUES ('402880e96242faf4016242fd6611029f', '.czs-android', 'czs-android', 'caomei', '2018-03-20 18:38:45', '2018-03-20 18:38:45', '316');
INSERT INTO `sys_icon_library` VALUES ('402880e96242faf4016242fd661302a0', '.czs-apple', 'czs-apple', 'caomei', '2018-03-20 18:38:45', '2018-03-20 18:38:45', '317');
INSERT INTO `sys_icon_library` VALUES ('402880e96242faf4016242fd661602a1', '.czs-chrome', 'czs-chrome', 'caomei', '2018-03-20 18:38:45', '2018-03-20 18:38:45', '318');
INSERT INTO `sys_icon_library` VALUES ('402880e96242faf4016242fd661902a2', '.czs-css3', 'czs-css3', 'caomei', '2018-03-20 18:38:45', '2018-03-20 18:38:45', '319');
INSERT INTO `sys_icon_library` VALUES ('402880e96242faf4016242fd661b02a3', '.czs-dribbble', 'czs-dribbble', 'caomei', '2018-03-20 18:38:45', '2018-03-20 18:38:45', '320');
INSERT INTO `sys_icon_library` VALUES ('402880e96242faf4016242fd662202a4', '.czs-dropbox', 'czs-dropbox', 'caomei', '2018-03-20 18:38:45', '2018-03-20 18:38:45', '321');
INSERT INTO `sys_icon_library` VALUES ('402880e96242faf4016242fd662b02a5', '.czs-facebook', 'czs-facebook', 'caomei', '2018-03-20 18:38:45', '2018-03-20 18:38:45', '322');
INSERT INTO `sys_icon_library` VALUES ('402880e96242faf4016242fd662d02a6', '.czs-linux', 'czs-linux', 'caomei', '2018-03-20 18:38:45', '2018-03-20 18:38:45', '324');
INSERT INTO `sys_icon_library` VALUES ('402880e96242faf4016242fd662e02a7', '.czs-microsoft', 'czs-microsoft', 'caomei', '2018-03-20 18:38:45', '2018-03-20 18:38:45', '325');
INSERT INTO `sys_icon_library` VALUES ('402880e96242faf4016242fd662f02a8', '.czs-html5', 'czs-html5', 'caomei', '2018-03-20 18:38:45', '2018-03-20 18:38:45', '323');
INSERT INTO `sys_icon_library` VALUES ('402880e96242faf4016242fd663002a9', '.czs-rss', 'czs-rss', 'caomei', '2018-03-20 18:38:45', '2018-03-20 18:38:45', '326');
INSERT INTO `sys_icon_library` VALUES ('402880e96242faf4016242fd663602aa', '.czs-steam', 'czs-steam', 'caomei', '2018-03-20 18:38:45', '2018-03-20 18:38:45', '327');
INSERT INTO `sys_icon_library` VALUES ('402880e96242faf4016242fd664002ab', '.czs-twitter', 'czs-twitter', 'caomei', '2018-03-20 18:38:45', '2018-03-20 18:38:45', '328');
INSERT INTO `sys_icon_library` VALUES ('402880e96242faf4016242fd664202ac', '.czs-vimeo', 'czs-vimeo', 'caomei', '2018-03-20 18:38:45', '2018-03-20 18:38:45', '329');
INSERT INTO `sys_icon_library` VALUES ('402880e96242faf4016242fd665702ad', '.czs-wordpress', 'czs-wordpress', 'caomei', '2018-03-20 18:38:45', '2018-03-20 18:38:45', '330');
INSERT INTO `sys_icon_library` VALUES ('402880e96242faf4016242fd665b02ae', '.czs-youtube', 'czs-youtube', 'caomei', '2018-03-20 18:38:45', '2018-03-20 18:38:45', '331');
INSERT INTO `sys_icon_library` VALUES ('402880e96242faf4016242fd665f02af', '.czs-github', 'czs-github', 'caomei', '2018-03-20 18:38:45', '2018-03-20 18:38:45', '332');
INSERT INTO `sys_icon_library` VALUES ('402880e96242faf4016242fd666002b0', '.czs-github-logo', 'czs-github-logo', 'caomei', '2018-03-20 18:38:45', '2018-03-20 18:38:45', '333');
INSERT INTO `sys_icon_library` VALUES ('402880e96242faf4016242fd666a02b1', '.czs-paypal', 'czs-paypal', 'caomei', '2018-03-20 18:38:45', '2018-03-20 18:38:45', '335');
INSERT INTO `sys_icon_library` VALUES ('402880e96242faf4016242fd666b02b2', '.czs-Instagram', 'czs-Instagram', 'caomei', '2018-03-20 18:38:45', '2018-03-20 18:38:45', '334');
INSERT INTO `sys_icon_library` VALUES ('402880e96242faf4016242fd667602b3', '.czs-weixin', 'czs-weixin', 'caomei', '2018-03-20 18:38:45', '2018-03-20 18:38:45', '339');
INSERT INTO `sys_icon_library` VALUES ('402880e96242faf4016242fd667602b4', '.czs-telegram', 'czs-telegram', 'caomei', '2018-03-20 18:38:45', '2018-03-20 18:38:45', '337');
INSERT INTO `sys_icon_library` VALUES ('402880e96242faf4016242fd667702b5', '.czs-pinterest', 'czs-pinterest', 'caomei', '2018-03-20 18:38:45', '2018-03-20 18:38:45', '336');
INSERT INTO `sys_icon_library` VALUES ('402880e96242faf4016242fd667802b6', '.czs-raspberry', 'czs-raspberry', 'caomei', '2018-03-20 18:38:45', '2018-03-20 18:38:45', '338');
INSERT INTO `sys_icon_library` VALUES ('402880e96242faf4016242fd667f02b7', '.czs-moments', 'czs-moments', 'caomei', '2018-03-20 18:38:45', '2018-03-20 18:38:45', '341');
INSERT INTO `sys_icon_library` VALUES ('402880e96242faf4016242fd668102b8', '.czs-qq', 'czs-qq', 'caomei', '2018-03-20 18:38:45', '2018-03-20 18:38:45', '340');
INSERT INTO `sys_icon_library` VALUES ('402880e96242faf4016242fd668f02b9', '.czs-taobao', 'czs-taobao', 'caomei', '2018-03-20 18:38:45', '2018-03-20 18:38:45', '342');
INSERT INTO `sys_icon_library` VALUES ('402880e96242faf4016242fd669002ba', '.czs-weibo', 'czs-weibo', 'caomei', '2018-03-20 18:38:45', '2018-03-20 18:38:45', '344');
INSERT INTO `sys_icon_library` VALUES ('402880e96242faf4016242fd669402bb', '.czs-alipay', 'czs-alipay', 'caomei', '2018-03-20 18:38:45', '2018-03-20 18:38:45', '346');
INSERT INTO `sys_icon_library` VALUES ('402880e96242faf4016242fd669602bc', '.czs-bitcoin', 'czs-bitcoin', 'caomei', '2018-03-20 18:38:45', '2018-03-20 18:38:45', '347');
INSERT INTO `sys_icon_library` VALUES ('402880e96242faf4016242fd669c02bd', '.czs-weixinzhifu', 'czs-weixinzhifu', 'caomei', '2018-03-20 18:38:45', '2018-03-20 18:38:45', '345');
INSERT INTO `sys_icon_library` VALUES ('402880e96242faf4016242fd669e02be', '.czs-tmall', 'czs-tmall', 'caomei', '2018-03-20 18:38:45', '2018-03-20 18:38:45', '343');
INSERT INTO `sys_icon_library` VALUES ('402880e96242faf4016242fd66a402bf', '.czs-caomei', 'czs-caomei', 'caomei', '2018-03-20 18:38:45', '2018-03-20 18:38:45', '349');
INSERT INTO `sys_icon_library` VALUES ('402880e96242faf4016242fd66a502c0', '.czs-baiduwangpan', 'czs-baiduwangpan', 'caomei', '2018-03-20 18:38:45', '2018-03-20 18:38:45', '348');
INSERT INTO `sys_icon_library` VALUES ('402880e96242faf4016242fd66ad02c1', '.czs-bilibili', 'czs-bilibili', 'caomei', '2018-03-20 18:38:45', '2018-03-20 18:38:45', '351');
INSERT INTO `sys_icon_library` VALUES ('402880e96242faf4016242fd66b302c2', '.czs-qzone', 'czs-qzone', 'caomei', '2018-03-20 18:38:45', '2018-03-20 18:38:45', '352');
INSERT INTO `sys_icon_library` VALUES ('402880e96242faf4016242fd66b302c3', '.czs-v2ex', 'czs-v2ex', 'caomei', '2018-03-20 18:38:45', '2018-03-20 18:38:45', '350');
INSERT INTO `sys_icon_library` VALUES ('402880e96242faf4016242fd66b902c4', '.czs-zhihu', 'czs-zhihu', 'caomei', '2018-03-20 18:38:45', '2018-03-20 18:38:45', '353');
INSERT INTO `sys_icon_library` VALUES ('402880e96242faf4016242fd66bb02c5', '.czs-chuangzaoshi', 'czs-chuangzaoshi', 'caomei', '2018-03-20 18:38:45', '2018-03-20 18:38:45', '354');
INSERT INTO `sys_icon_library` VALUES ('402880e96242faf4016243cca7e6031a', '.icon-theme', 'icon-theme', 'iconfont', '2018-03-20 22:25:08', '2018-03-20 22:25:08', '0');
INSERT INTO `sys_icon_library` VALUES ('402880e96242faf4016243cca7e6031b', '.icon-cachu', 'icon-cachu', 'iconfont', '2018-03-20 22:25:08', '2018-03-20 22:25:08', '1');
INSERT INTO `sys_icon_library` VALUES ('402880e96242faf4016243cca7ea031c', '.icon-ditu', 'icon-ditu', 'iconfont', '2018-03-20 22:25:08', '2018-03-20 22:25:08', '2');
INSERT INTO `sys_icon_library` VALUES ('402880e96242faf4016243cca7eb031d', '.icon-tuichu1', 'icon-tuichu1', 'iconfont', '2018-03-20 22:25:08', '2018-03-20 22:25:08', '3');
INSERT INTO `sys_icon_library` VALUES ('402880e96242faf4016243cca7ff031e', '.icon-6saoyisao', 'icon-6saoyisao', 'iconfont', '2018-03-20 22:25:08', '2018-03-20 22:25:08', '4');
INSERT INTO `sys_icon_library` VALUES ('402880e96242faf4016243cca804031f', '.icon-resetpwd', 'icon-resetpwd', 'iconfont', '2018-03-20 22:25:08', '2018-03-20 22:25:08', '5');
INSERT INTO `sys_icon_library` VALUES ('402880e96242faf4016243cca8090320', '.icon-tongjifenxi', 'icon-tongjifenxi', 'iconfont', '2018-03-20 22:25:08', '2018-03-20 22:25:08', '7');
INSERT INTO `sys_icon_library` VALUES ('402880e96242faf4016243cca8090321', '.icon-unauthorize', 'icon-unauthorize', 'iconfont', '2018-03-20 22:25:08', '2018-03-20 22:25:08', '6');
INSERT INTO `sys_icon_library` VALUES ('402880e96242faf4016243cca8160322', '.icon-wxbbiaowang', 'icon-wxbbiaowang', 'iconfont', '2018-03-20 22:25:08', '2018-03-20 22:25:08', '8');
INSERT INTO `sys_icon_library` VALUES ('402880e96242faf4016243cca81a0323', '.icon-wxbgongju', 'icon-wxbgongju', 'iconfont', '2018-03-20 22:25:08', '2018-03-20 22:25:08', '9');
INSERT INTO `sys_icon_library` VALUES ('402880e96242faf4016243cca8210324', '.icon-quanxian1', 'icon-quanxian1', 'iconfont', '2018-03-20 22:25:08', '2018-03-20 22:25:08', '10');
INSERT INTO `sys_icon_library` VALUES ('402880e96242faf4016243cca8210325', '.icon-falvfagui', 'icon-falvfagui', 'iconfont', '2018-03-20 22:25:08', '2018-03-20 22:25:08', '11');
INSERT INTO `sys_icon_library` VALUES ('402880e96242faf4016243cca82e0326', '.icon-tongjifenxi1', 'icon-tongjifenxi1', 'iconfont', '2018-03-20 22:25:08', '2018-03-20 22:25:08', '12');
INSERT INTO `sys_icon_library` VALUES ('402880e96242faf4016243cca8310327', '.icon-qrcode', 'icon-qrcode', 'iconfont', '2018-03-20 22:25:08', '2018-03-20 22:25:08', '13');
INSERT INTO `sys_icon_library` VALUES ('402880e96242faf4016243cca8370328', '.icon-streak-xiangpian', 'icon-streak-xiangpian', 'iconfont', '2018-03-20 22:25:08', '2018-03-20 22:25:08', '14');
INSERT INTO `sys_icon_library` VALUES ('402880e96242faf4016243cca83a0329', '.icon-daohanggengduo', 'icon-daohanggengduo', 'iconfont', '2018-03-20 22:25:08', '2018-03-20 22:25:08', '15');
INSERT INTO `sys_icon_library` VALUES ('402880e96242faf4016243cca846032a', '.icon-jingying', 'icon-jingying', 'iconfont', '2018-03-20 22:25:08', '2018-03-20 22:25:08', '16');
INSERT INTO `sys_icon_library` VALUES ('402880e96242faf4016243cca84b032b', '.icon-chenggong', 'icon-chenggong', 'iconfont', '2018-03-20 22:25:08', '2018-03-20 22:25:08', '17');
INSERT INTO `sys_icon_library` VALUES ('402880e96242faf4016243cca84e032c', '.icon-shibai', 'icon-shibai', 'iconfont', '2018-03-20 22:25:08', '2018-03-20 22:25:08', '18');
INSERT INTO `sys_icon_library` VALUES ('402880e96242faf4016243cca851032d', '.icon-daohangzixun', 'icon-daohangzixun', 'iconfont', '2018-03-20 22:25:08', '2018-03-20 22:25:08', '19');
INSERT INTO `sys_icon_library` VALUES ('402880e96242faf4016243cca85b032e', '.icon-tuichu', 'icon-tuichu', 'iconfont', '2018-03-20 22:25:08', '2018-03-20 22:25:08', '20');
INSERT INTO `sys_icon_library` VALUES ('402880e96242faf4016243cca85f032f', '.icon-printqrcode', 'icon-printqrcode', 'iconfont', '2018-03-20 22:25:08', '2018-03-20 22:25:08', '21');
INSERT INTO `sys_icon_library` VALUES ('402880e96242faf4016243cca8620330', '.icon-dingwei', 'icon-dingwei', 'iconfont', '2018-03-20 22:25:08', '2018-03-20 22:25:08', '22');
INSERT INTO `sys_icon_library` VALUES ('402880e96242faf4016243cca8650331', '.icon-renyuandingwei', 'icon-renyuandingwei', 'iconfont', '2018-03-20 22:25:08', '2018-03-20 22:25:08', '23');
INSERT INTO `sys_icon_library` VALUES ('402880e96242faf4016243cca8700332', '.icon-caidan2', 'icon-caidan2', 'iconfont', '2018-03-20 22:25:08', '2018-03-20 22:25:08', '24');
INSERT INTO `sys_icon_library` VALUES ('402880e96242faf4016243cca8740333', '.icon-account', 'icon-account', 'iconfont', '2018-03-20 22:25:08', '2018-03-20 22:25:08', '25');
INSERT INTO `sys_icon_library` VALUES ('402880e96242faf4016243cca8780334', '.icon-error', 'icon-error', 'iconfont', '2018-03-20 22:25:08', '2018-03-20 22:25:08', '26');
INSERT INTO `sys_icon_library` VALUES ('402880e96242faf4016243cca8790335', '.icon-prompt', 'icon-prompt', 'iconfont', '2018-03-20 22:25:08', '2018-03-20 22:25:08', '27');
INSERT INTO `sys_icon_library` VALUES ('402880e96242faf4016243cca8830336', '.icon-warning', 'icon-warning', 'iconfont', '2018-03-20 22:25:08', '2018-03-20 22:25:08', '28');
INSERT INTO `sys_icon_library` VALUES ('402880e96242faf4016243cca8870337', '.icon-erweima1688', 'icon-erweima1688', 'iconfont', '2018-03-20 22:25:08', '2018-03-20 22:25:08', '29');
INSERT INTO `sys_icon_library` VALUES ('402880e96242faf4016243cca88a0338', '.icon-shaixuan', 'icon-shaixuan', 'iconfont', '2018-03-20 22:25:08', '2018-03-20 22:25:08', '30');
INSERT INTO `sys_icon_library` VALUES ('402880e96242faf4016243cca88b0339', '.icon-shanchu', 'icon-shanchu', 'iconfont', '2018-03-20 22:25:08', '2018-03-20 22:25:08', '31');
INSERT INTO `sys_icon_library` VALUES ('402880e96242faf4016243cca899033a', '.icon-caidan', 'icon-caidan', 'iconfont', '2018-03-20 22:25:08', '2018-03-20 22:25:08', '32');
INSERT INTO `sys_icon_library` VALUES ('402880e96242faf4016243cca89d033b', '.icon-xitongyunzhuanqingkuang', 'icon-xitongyunzhuanqingkuang', 'iconfont', '2018-03-20 22:25:08', '2018-03-20 22:25:08', '33');
INSERT INTO `sys_icon_library` VALUES ('402880e96242faf4016243cca89d033c', '.icon-mokuai', 'icon-mokuai', 'iconfont', '2018-03-20 22:25:08', '2018-03-20 22:25:08', '34');
INSERT INTO `sys_icon_library` VALUES ('402880e96242faf4016243cca89e033d', '.icon-quanxian', 'icon-quanxian', 'iconfont', '2018-03-20 22:25:08', '2018-03-20 22:25:08', '35');
INSERT INTO `sys_icon_library` VALUES ('402880e96242faf4016243cca8ac033e', '.icon-wangluopinpaishu', 'icon-wangluopinpaishu', 'iconfont', '2018-03-20 22:25:08', '2018-03-20 22:25:08', '36');
INSERT INTO `sys_icon_library` VALUES ('402880e96242faf4016243cca8b1033f', '.icon-zuzhijiagou', 'icon-zuzhijiagou', 'iconfont', '2018-03-20 22:25:08', '2018-03-20 22:25:08', '37');
INSERT INTO `sys_icon_library` VALUES ('402880e96242faf4016243cca8b10340', '.icon-zhishizhongxin', 'icon-zhishizhongxin', 'iconfont', '2018-03-20 22:25:08', '2018-03-20 22:25:08', '38');
INSERT INTO `sys_icon_library` VALUES ('402880e96242faf4016243cca8b10341', '.icon-xiuli', 'icon-xiuli', 'iconfont', '2018-03-20 22:25:08', '2018-03-20 22:25:08', '39');
INSERT INTO `sys_icon_library` VALUES ('402880e96242faf4016243cca8be0342', '.icon-changyongziliao', 'icon-changyongziliao', 'iconfont', '2018-03-20 22:25:08', '2018-03-20 22:25:08', '40');
INSERT INTO `sys_icon_library` VALUES ('402880e96242faf4016243cca8c30343', '.icon-fenxi', 'icon-fenxi', 'iconfont', '2018-03-20 22:25:08', '2018-03-20 22:25:08', '41');
INSERT INTO `sys_icon_library` VALUES ('402880e96242faf4016243cca8c50344', '.icon-yuangongruzhi', 'icon-yuangongruzhi', 'iconfont', '2018-03-20 22:25:08', '2018-03-20 22:25:08', '43');
INSERT INTO `sys_icon_library` VALUES ('402880e96242faf4016243cca8c60345', '.icon-rencaizhongxin', 'icon-rencaizhongxin', 'iconfont', '2018-03-20 22:25:08', '2018-03-20 22:25:08', '42');
INSERT INTO `sys_icon_library` VALUES ('402880e96242faf4016243cca8e60346', '.icon-xinjiantiezi', 'icon-xinjiantiezi', 'iconfont', '2018-03-20 22:25:08', '2018-03-20 22:25:08', '44');
INSERT INTO `sys_icon_library` VALUES ('402880e96242faf4016243cca8eb0347', '.icon-yuangonglizhi', 'icon-yuangonglizhi', 'iconfont', '2018-03-20 22:25:08', '2018-03-20 22:25:08', '45');
INSERT INTO `sys_icon_library` VALUES ('402880e96242faf4016243cca8ec0348', '.icon-zhishiwenda', 'icon-zhishiwenda', 'iconfont', '2018-03-20 22:25:08', '2018-03-20 22:25:08', '46');
INSERT INTO `sys_icon_library` VALUES ('402880e96242faf4016243cca8ed0349', '.icon-zhishiku', 'icon-zhishiku', 'iconfont', '2018-03-20 22:25:08', '2018-03-20 22:25:08', '47');
INSERT INTO `sys_icon_library` VALUES ('402880e96242faf4016243cca8fa034a', '.icon-quanxianguanli', 'icon-quanxianguanli', 'iconfont', '2018-03-20 22:25:08', '2018-03-20 22:25:08', '48');
INSERT INTO `sys_icon_library` VALUES ('402880e96242faf4016243cca8ff034b', '.icon-biaoshilei_saoma', 'icon-biaoshilei_saoma', 'iconfont', '2018-03-20 22:25:08', '2018-03-20 22:25:08', '49');
INSERT INTO `sys_icon_library` VALUES ('402880e96242faf4016243cca8ff034c', '.icon-icon-test', 'icon-icon-test', 'iconfont', '2018-03-20 22:25:08', '2018-03-20 22:25:08', '50');
INSERT INTO `sys_icon_library` VALUES ('402880e96242faf4016243cca901034d', '.icon-shibai2', 'icon-shibai2', 'iconfont', '2018-03-20 22:25:08', '2018-03-20 22:25:08', '51');
INSERT INTO `sys_icon_library` VALUES ('402880e96242faf4016243cca915034e', '.icon-shujuku', 'icon-shujuku', 'iconfont', '2018-03-20 22:25:08', '2018-03-20 22:25:08', '52');
INSERT INTO `sys_icon_library` VALUES ('402880e96242faf4016243cca917034f', '.icon-suoding', 'icon-suoding', 'iconfont', '2018-03-20 22:25:08', '2018-03-20 22:25:08', '57');
INSERT INTO `sys_icon_library` VALUES ('402880e96242faf4016243cca91a0350', '.icon-wujiaoxingkong', 'icon-wujiaoxingkong', 'iconfont', '2018-03-20 22:25:08', '2018-03-20 22:25:08', '54');
INSERT INTO `sys_icon_library` VALUES ('402880e96242faf4016243cca91a0351', '.icon-quanxianyuechi-xianxing', 'icon-quanxianyuechi-xianxing', 'iconfont', '2018-03-20 22:25:08', '2018-03-20 22:25:08', '55');
INSERT INTO `sys_icon_library` VALUES ('402880e96242faf4016243cca91c0352', '.icon-wujiaoxingman', 'icon-wujiaoxingman', 'iconfont', '2018-03-20 22:25:08', '2018-03-20 22:25:08', '53');
INSERT INTO `sys_icon_library` VALUES ('402880e96242faf4016243cca91c0353', '.icon-saomiao', 'icon-saomiao', 'iconfont', '2018-03-20 22:25:08', '2018-03-20 22:25:08', '56');
INSERT INTO `sys_icon_library` VALUES ('402880e96242faf4016243cca92b0354', '.icon-liebiaodaohang_yule', 'icon-liebiaodaohang_yule', 'iconfont', '2018-03-20 22:25:08', '2018-03-20 22:25:08', '58');
INSERT INTO `sys_icon_library` VALUES ('402880e96242faf4016243cca92e0355', '.icon-jichuxinxi', 'icon-jichuxinxi', 'iconfont', '2018-03-20 22:25:08', '2018-03-20 22:25:08', '59');
INSERT INTO `sys_icon_library` VALUES ('402880e96242faf4016243cca9380356', '.icon-authorize', 'icon-authorize', 'iconfont', '2018-03-20 22:25:08', '2018-03-20 22:25:08', '60');
INSERT INTO `sys_icon_library` VALUES ('402880e96242faf4016243cca93a0357', '.icon-jichuxinxi1', 'icon-jichuxinxi1', 'iconfont', '2018-03-20 22:25:08', '2018-03-20 22:25:08', '63');
INSERT INTO `sys_icon_library` VALUES ('402880e96242faf4016243cca93d0358', '.icon-dingwei1', 'icon-dingwei1', 'iconfont', '2018-03-20 22:25:08', '2018-03-20 22:25:08', '62');
INSERT INTO `sys_icon_library` VALUES ('402880e96242faf4016243cca93f0359', '.icon-yonghuziliao', 'icon-yonghuziliao', 'iconfont', '2018-03-20 22:25:08', '2018-03-20 22:25:08', '61');
INSERT INTO `sys_icon_library` VALUES ('402880e96242faf4016243cca94e035a', '.icon-quanxian2', 'icon-quanxian2', 'iconfont', '2018-03-20 22:25:08', '2018-03-20 22:25:08', '64');
INSERT INTO `sys_icon_library` VALUES ('402880e96242faf4016243cca954035b', '.icon-saoma', 'icon-saoma', 'iconfont', '2018-03-20 22:25:08', '2018-03-20 22:25:08', '65');
INSERT INTO `sys_icon_library` VALUES ('402880e96242faf4016243cca95b035c', '.icon-daohang-mobanxiaoxi', 'icon-daohang-mobanxiaoxi', 'iconfont', '2018-03-20 22:25:08', '2018-03-20 22:25:08', '68');
INSERT INTO `sys_icon_library` VALUES ('402880e96242faf4016243cca95c035d', '.icon-quanxian3', 'icon-quanxian3', 'iconfont', '2018-03-20 22:25:08', '2018-03-20 22:25:08', '66');
INSERT INTO `sys_icon_library` VALUES ('402880e96242faf4016243cca95d035e', '.icon-hangye', 'icon-hangye', 'iconfont', '2018-03-20 22:25:08', '2018-03-20 22:25:08', '67');
INSERT INTO `sys_icon_library` VALUES ('402880e96242faf4016243cca960035f', '.icon-quanxian4', 'icon-quanxian4', 'iconfont', '2018-03-20 22:25:08', '2018-03-20 22:25:08', '69');
INSERT INTO `sys_icon_library` VALUES ('402880e96242faf4016243cca9670360', '.icon-pingtaijicaidan', 'icon-pingtaijicaidan', 'iconfont', '2018-03-20 22:25:08', '2018-03-20 22:25:08', '70');
INSERT INTO `sys_icon_library` VALUES ('402880e96242faf4016243cca96f0361', '.icon-tongjifenxi2', 'icon-tongjifenxi2', 'iconfont', '2018-03-20 22:25:08', '2018-03-20 22:25:08', '71');
INSERT INTO `sys_icon_library` VALUES ('402880e96242faf4016243cca9730362', '.icon-close', 'icon-close', 'iconfont', '2018-03-20 22:25:08', '2018-03-20 22:25:08', '74');
INSERT INTO `sys_icon_library` VALUES ('402880e96242faf4016243cca9760363', '.icon-cangneishicao', 'icon-cangneishicao', 'iconfont', '2018-03-20 22:25:08', '2018-03-20 22:25:08', '73');
INSERT INTO `sys_icon_library` VALUES ('402880e96242faf4016243cca9770364', '.icon-complete', 'icon-complete', 'iconfont', '2018-03-20 22:25:08', '2018-03-20 22:25:08', '75');
INSERT INTO `sys_icon_library` VALUES ('402880e96242faf4016243cca9790365', '.icon-tishi1', 'icon-tishi1', 'iconfont', '2018-03-20 22:25:08', '2018-03-20 22:25:08', '72');
INSERT INTO `sys_icon_library` VALUES ('402880e96242faf4016243cca9840366', '.icon-dialog', 'icon-dialog', 'iconfont', '2018-03-20 22:25:08', '2018-03-20 22:25:08', '77');
INSERT INTO `sys_icon_library` VALUES ('402880e96242faf4016243cca9860367', '.icon-courier', 'icon-courier', 'iconfont', '2018-03-20 22:25:08', '2018-03-20 22:25:08', '76');
INSERT INTO `sys_icon_library` VALUES ('402880e96242faf4016243cca98d0368', '.icon-info-r-o', 'icon-info-r-o', 'iconfont', '2018-03-20 22:25:08', '2018-03-20 22:25:08', '78');
INSERT INTO `sys_icon_library` VALUES ('402880e96242faf4016243cca98f0369', '.icon-view-matrix-o', 'icon-view-matrix-o', 'iconfont', '2018-03-20 22:25:08', '2018-03-20 22:25:08', '79');
INSERT INTO `sys_icon_library` VALUES ('402880e96242faf4016243cca993036a', '.icon-caidan1', 'icon-caidan1', 'iconfont', '2018-03-20 22:25:08', '2018-03-20 22:25:08', '81');
INSERT INTO `sys_icon_library` VALUES ('402880e96242faf4016243cca993036b', '.icon-gongshangdengji', 'icon-gongshangdengji', 'iconfont', '2018-03-20 22:25:09', '2018-03-20 22:25:09', '80');

-- ----------------------------
-- Table structure for sys_menu
-- ----------------------------
DROP TABLE IF EXISTS `sys_menu`;
CREATE TABLE `sys_menu` (
  `ID` varchar(32) COLLATE utf8_bin NOT NULL,
  `FATHER_ID` varchar(32) COLLATE utf8_bin DEFAULT NULL,
  `NAME` varchar(50) COLLATE utf8_bin DEFAULT NULL,
  `ACTION` varchar(100) COLLATE utf8_bin DEFAULT NULL,
  `TYPE` varchar(10) COLLATE utf8_bin DEFAULT NULL,
  `ICON` varchar(50) COLLATE utf8_bin DEFAULT NULL,
  `IS_LEAF` int(11) DEFAULT NULL,
  `IS_INIT` int(11) DEFAULT NULL,
  `CREATE_DATE` datetime DEFAULT NULL,
  `UPDATE_DATE` datetime DEFAULT NULL,
  `SORT` int(11) DEFAULT NULL,
  `STATUS` int(11) DEFAULT NULL,
  `REMARK` longtext COLLATE utf8_bin,
  PRIMARY KEY (`ID`) USING BTREE
) ENGINE=InnoDB DEFAULT CHARSET=utf8 COLLATE=utf8_bin ROW_FORMAT=COMPACT;

-- ----------------------------
-- Records of sys_menu
-- ----------------------------
INSERT INTO `sys_menu` VALUES ('402880e9624c96be01624c9b4b760000', 'NAV', '内容管理', '', 'navigate', 'czs-site-folder-l', '0', '0', '2018-03-22 15:27:48', '2018-03-22 15:27:48', '2', '1', 0x636D73E58685E5AEB9E7AEA1E79086E6A8A1E59D97);
INSERT INTO `sys_menu` VALUES ('402880e9624c96be01624c9fae230002', '402880e9624c96be01624c9b4b760000', '栏目管理', './columnAction!index', 'operate', 'czs-tag-l', '1', '0', '2018-03-22 15:32:35', '2018-03-22 15:32:35', '20', '1', '');
INSERT INTO `sys_menu` VALUES ('402880e9624c96be01624ca448ed0004', '402880e9624c96be01624c9b4b760000', '文章管理', './articleAction!index', 'operate', 'czs-certificate', '1', '0', '2018-03-22 15:37:37', '2018-03-22 15:37:37', '21', '1', '');
INSERT INTO `sys_menu` VALUES ('402880e9624d3fb201624e1e747b0000', '402880fe61a9142e0161a91fa3850006', '消费知识', './articleAction!index?columnId=402880e9624c96be01624ca655820007', 'operate', 'icon-zhishiku', '1', '0', '2018-03-22 22:30:41', '2018-03-22 22:30:41', '53', '1', '');
INSERT INTO `sys_menu` VALUES ('402880e9624e3bd3016250b2bd4d0002', 'M-01', '附件管理', './attachAction!index', 'operate', 'czs-clip-l', '1', '0', '2018-03-23 10:31:53', '2018-03-23 10:31:53', '18', '1', '');
INSERT INTO `sys_menu` VALUES ('402880fe61a9142e0161a9159cfb0000', 'M-01', '组织机构', './orgAction!index', 'operate', 'czs-control-rank', '1', '1', '2018-02-18 21:23:41', '2018-02-18 21:23:41', '10', '1', '');
INSERT INTO `sys_menu` VALUES ('402880fe61a9142e0161a91e6ecd0002', 'NAV', '基础信息', '', 'navigate', 'czs-telegram', '0', '0', '2018-02-18 21:33:19', '2018-02-18 21:33:19', '3', '1', '');
INSERT INTO `sys_menu` VALUES ('402880fe61a9142e0161a91f36f40004', 'NAV', '失信行为', '', 'navigate', 'icon-xinjiantiezi', '0', '0', '2018-02-18 21:34:10', '2018-02-18 21:34:10', '4', '1', 0xE5A4B1E4BFA1E8A18CE4B8BAE7AEA1E79086);
INSERT INTO `sys_menu` VALUES ('402880fe61a9142e0161a91fa3850006', 'NAV', '消费预警', '', 'navigate', 'icon-warning', '0', '0', '2018-02-18 21:34:38', '2018-02-18 21:34:38', '5', '1', 0xE8A18CE4B89AE6B688E8B4B9E9A284E8ADA6E7AEA1E79086);
INSERT INTO `sys_menu` VALUES ('402880fe61a9142e0161a9200b350008', 'NAV', '统计分析', '', 'navigate', 'icon-tongjifenxi2', '0', '0', '2018-02-18 21:35:05', '2018-02-18 21:35:05', '6', '1', '');
INSERT INTO `sys_menu` VALUES ('402880fe61a9142e0161a922fbcb000a', '402880fe61a9142e0161a91e6ecd0002', '类型管理', './dealerTypeAction!index', 'operate', 'czs-tag', '1', '0', '2018-02-18 21:38:17', '2018-02-18 21:38:17', '30', '0', '');
INSERT INTO `sys_menu` VALUES ('402880fe61a9142e0161a9238543000c', '402880fe61a9142e0161a91e6ecd0002', '行业管理', './industryAction!index', 'operate', 'icon-hangye', '1', '0', '2018-02-18 21:38:52', '2018-02-18 21:38:52', '31', '1', '');
INSERT INTO `sys_menu` VALUES ('402880fe61a9142e0161a923cb4f000e', '402880fe61a9142e0161a91e6ecd0002', '经营者信息管理', './dealerAction!index', 'operate', 'icon-jingying', '1', '0', '2018-02-18 21:39:10', '2018-02-18 21:39:10', '32', '1', '');
INSERT INTO `sys_menu` VALUES ('402880fe61a9142e0161a9246eb00010', '402880fe61a9142e0161a91e6ecd0002', '经营者信息查询', './consoleAction!developing', 'navigate', 'czs-search-l', '1', '0', '2018-02-18 21:39:52', '2018-02-18 21:39:52', '33', '1', '');
INSERT INTO `sys_menu` VALUES ('402880fe61a9142e0161a925934f0012', '402880fe61a9142e0161a91f36f40004', '失信行为录入', './complaintSheetAction!index', 'operate', 'icon-caidan2', '1', '0', '2018-02-18 21:41:07', '2018-02-18 21:41:07', '40', '1', '');
INSERT INTO `sys_menu` VALUES ('402880fe61a9142e0161a925c4560014', '402880fe61a9142e0161a91f36f40004', '失信行为审核', './complaintSheetAction!verify', 'operate', 'icon-caidan2', '1', '0', '2018-02-18 21:41:20', '2018-02-18 21:41:20', '41', '1', '');
INSERT INTO `sys_menu` VALUES ('402880fe61a9142e0161a9265b080016', '402880fe61a9142e0161a91f36f40004', '失信行为处理', './complaintSheetAction!handle', 'operate', 'icon-caidan2', '1', '0', '2018-02-18 21:41:58', '2018-02-18 21:41:58', '42', '1', '');
INSERT INTO `sys_menu` VALUES ('402880fe61a9142e0161a9270e950018', '402880fe61a9142e0161a91f36f40004', '历史失信行为', './complaintSheetAction!history', 'operate', 'icon-caidan2', '1', '0', '2018-02-18 21:42:44', '2018-02-18 21:42:44', '43', '1', '');
INSERT INTO `sys_menu` VALUES ('402880fe61a9142e0161a927b492001a', '402880fe61a9142e0161a91fa3850006', '消费预警', './consumerWarningAction!index', 'operate', 'icon-warning', '1', '0', '2018-02-18 21:43:27', '2018-02-18 21:43:27', '50', '1', '');
INSERT INTO `sys_menu` VALUES ('402880fe61a9142e0161a92843f0001e', '402880fe61a9142e0161a91fa3850006', '12315消费提示', './consumerTipsAction!index?columnId=402880e9624c96be01624cacc8a40009', 'operate', 'icon-tishi1', '1', '0', '2018-02-18 21:44:03', '2018-02-18 21:44:03', '51', '1', '');
INSERT INTO `sys_menu` VALUES ('402880fe61a9142e0161a92880fe0020', '402880fe61a9142e0161a91fa3850006', '消费法规', '	 ./articleAction!index?columnId=402880e9624c96be01624ca627820006', 'operate', 'icon-falvfagui', '1', '0', '2018-02-18 21:44:19', '2018-02-18 21:44:19', '52', '1', '');
INSERT INTO `sys_menu` VALUES ('402880fe61a9142e0161a929317b0022', '402880fe61a9142e0161a9200b350008', '举报信息', './consoleAction!developing', 'operate', 'icon-caidan2', '1', '0', '2018-02-18 21:45:04', '2018-02-18 21:45:04', '60', '1', '');
INSERT INTO `sys_menu` VALUES ('402880fe61a9142e0161a9297d860024', '402880fe61a9142e0161a9200b350008', '处罚信息', './consoleAction!developing', 'operate', 'icon-caidan2', '1', '0', '2018-02-18 21:45:24', '2018-02-18 21:45:24', '61', '1', '');
INSERT INTO `sys_menu` VALUES ('402880fe61a9142e0161a929d3670026', '402880fe61a9142e0161a9200b350008', '失信类型', './consoleAction!developing', 'operate', 'icon-caidan2', '1', '0', '2018-02-18 21:45:46', '2018-02-18 21:45:46', '62', '1', '');
INSERT INTO `sys_menu` VALUES ('402880fe61a9142e0161a92a103e0028', '402880fe61a9142e0161a9200b350008', '失信行业', './consoleAction!developing', 'operate', 'icon-caidan2', '1', '0', '2018-02-18 21:46:01', '2018-02-18 21:46:01', '63', '1', '');
INSERT INTO `sys_menu` VALUES ('402880fe61a9142e0161a94498d4002c', 'M-01', '数据备份', './backupAction!index', 'operate', 'czs-usb-l', '1', '1', '2018-02-18 22:15:00', '2018-02-18 22:15:00', '16', '1', '');
INSERT INTO `sys_menu` VALUES ('402880fe61a9142e0161a944e9de002e', 'M-01', '工作流程', './workFlowAction!index', 'operate', 'icon-wangluopinpaishu', '1', '0', '2018-02-18 22:15:21', '2018-02-18 22:15:21', '17', '1', 0xE7AE80E69893E5B7A5E4BD9CE6B581);
INSERT INTO `sys_menu` VALUES ('M-01', 'NAV', '系统管理', '', 'navigate', 'czs-setting-l', '0', '1', '2017-09-22 00:34:29', '2017-09-22 00:34:26', '1', '1', '');
INSERT INTO `sys_menu` VALUES ('M-02', 'M-01', '菜单管理', './menuAction!index', 'operate', 'czs-menu-l', '1', '1', '2017-09-22 00:35:31', '2017-09-22 00:35:34', '12', '1', '');
INSERT INTO `sys_menu` VALUES ('M-03', 'M-01', '角色管理', './roleAction!index', 'operate', 'czs-book-l', '1', '1', '2017-09-22 00:35:56', '2017-09-22 00:35:59', '13', '1', null);
INSERT INTO `sys_menu` VALUES ('M-04', 'M-01', '用户管理', './userAction!index', 'operate', 'czs-people', '1', '1', '2017-09-22 00:36:19', '2017-09-22 00:36:23', '11', '1', null);
INSERT INTO `sys_menu` VALUES ('M-05', 'M-01', '图标管理', './iconlibraryAction!index', 'operate', 'czs-apple', '1', '1', '2017-09-27 01:25:30', '2017-09-27 01:25:34', '14', '1', null);
INSERT INTO `sys_menu` VALUES ('M-06', 'M-01', '性能监控', './druid/index.html', 'operate', 'czs-operation', '1', '1', '2017-09-30 01:43:51', '2017-09-30 01:43:54', '15', '1', 0xE998BFE9878CE5B7B4E5B7B4E68F90E4BE9BE79A84E695B0E68DAEE8BF9EE68EA5E6B1A0E79B91E68EA7);

-- ----------------------------
-- Table structure for sys_org
-- ----------------------------
DROP TABLE IF EXISTS `sys_org`;
CREATE TABLE `sys_org` (
  `ID` varchar(32) COLLATE utf8_bin NOT NULL,
  `FATHER_ID` varchar(32) COLLATE utf8_bin DEFAULT NULL,
  `NAME` varchar(50) COLLATE utf8_bin DEFAULT NULL,
  `CODE` varchar(30) COLLATE utf8_bin DEFAULT NULL,
  `INDEX_NUM` varchar(100) COLLATE utf8_bin DEFAULT NULL COMMENT '索引号',
  `ICON` varchar(20) COLLATE utf8_bin DEFAULT NULL,
  `IS_LEAF` int(11) DEFAULT NULL,
  `IS_INIT` int(11) DEFAULT NULL,
  `CREATE_DATE` datetime DEFAULT NULL,
  `UPDATE_DATE` datetime DEFAULT NULL,
  `SORT` int(11) DEFAULT NULL,
  `STATUS` int(11) DEFAULT NULL,
  `REMARK` longtext COLLATE utf8_bin,
  PRIMARY KEY (`ID`) USING BTREE
) ENGINE=InnoDB DEFAULT CHARSET=utf8 COLLATE=utf8_bin ROW_FORMAT=COMPACT COMMENT='索引号';

-- ----------------------------
-- Records of sys_org
-- ----------------------------
INSERT INTO `sys_org` VALUES ('402880e96219bb64016219c0ee8a0002', null, '杨凌工商管理局', 'YLGS', 'YLGS', 'czs-home', '0', '0', '2018-03-12 18:28:11', '2018-03-12 18:28:11', '1', '1', 0xE69DA8E5878CE7A4BAE88C83E58CBAE5B7A5E59586E8A18CE694BFE7AEA1E79086E4B8ADE5BF83);
INSERT INTO `sys_org` VALUES ('402880e96219bb64016219c563050003', '402880e96219bb64016219c0ee8a0002', '市场科', 'SCK', 'YLGS-SCK', 'czs-truck', '0', '0', '2018-03-12 18:32:52', '2018-03-12 18:32:52', '12', '1', '');
INSERT INTO `sys_org` VALUES ('402880e96219bb64016219c9aa120004', '402880e96219bb64016219c0ee8a0002', '法制科', 'FZK', 'YLGS-FZK', 'czs-control-rank', '1', '0', '2018-03-12 18:37:48', '2018-03-12 18:37:48', '13', '1', '');
INSERT INTO `sys_org` VALUES ('402880e96219bb64016219ca3fdf0005', '402880e96219bb64016219c0ee8a0002', '办公室', 'BGS', 'YLGS-BGS', 'icon-cangneishicao', '0', '0', '2018-03-12 18:38:26', '2018-03-12 18:38:26', '11', '1', '');
INSERT INTO `sys_org` VALUES ('402880e96219bb64016219cb16940006', '402880e96219bb64016219c0ee8a0002', '消保科', 'XBK', 'YLGS-XBK', 'czs-control-rank', '1', '0', '2018-03-12 18:39:22', '2018-03-12 18:39:22', '14', '1', '');
INSERT INTO `sys_org` VALUES ('402880e96219bb64016219cb5f160007', '402880e96219bb64016219c0ee8a0002', '信息中心', 'XXZX', 'YLGS-XXZX', 'czs-laptop', '1', '0', '2018-03-12 18:39:41', '2018-03-12 18:39:41', '15', '1', '');
INSERT INTO `sys_org` VALUES ('402880e96219bb64016219ccc7730009', '402880e96219bb64016219c563050003', '杨凌区局', 'YLQJ', 'YLGS-SCK-YLQJ', 'czs-control-rank', '1', '0', '2018-03-12 18:41:13', '2018-03-12 18:41:13', '121', '1', '');
INSERT INTO `sys_org` VALUES ('402880e96219bb64016219cd1dc2000a', '402880e96219bb64016219c563050003', '工业园局', 'GYYJ', 'YLGS-SCK-GYYJ', 'czs-control-rank', '1', '0', '2018-03-12 18:41:35', '2018-03-12 18:41:35', '122', '1', '');

-- ----------------------------
-- Table structure for sys_role
-- ----------------------------
DROP TABLE IF EXISTS `sys_role`;
CREATE TABLE `sys_role` (
  `ID` varchar(32) COLLATE utf8_bin NOT NULL,
  `NAME` varchar(50) COLLATE utf8_bin DEFAULT NULL,
  `CODE` varchar(20) COLLATE utf8_bin DEFAULT NULL,
  `IS_INIT` int(11) DEFAULT NULL,
  `CREATE_DATE` datetime DEFAULT NULL,
  `UPDATE_DATE` datetime DEFAULT NULL,
  `SORT` int(11) DEFAULT NULL,
  `STATUS` int(11) DEFAULT NULL,
  `REMARK` longtext COLLATE utf8_bin,
  PRIMARY KEY (`ID`) USING BTREE
) ENGINE=InnoDB DEFAULT CHARSET=utf8 COLLATE=utf8_bin ROW_FORMAT=COMPACT;

-- ----------------------------
-- Records of sys_role
-- ----------------------------
INSERT INTO `sys_role` VALUES ('402880e9622ceebb01622cfee0f50000', '【角色】系统录入员', 'RC-IN', '0', '2018-03-16 12:08:36', '2018-04-02 23:55:16', '2', '1', 0xE5BD95E585A5E59FBAE7A180E4BFA1E681AF);
INSERT INTO `sys_role` VALUES ('402880e9622ceebb01622d0b84a40001', '【角色】系统管理员', 'RC-MGR', '0', '2018-03-16 12:22:32', '2018-04-02 23:55:25', '1', '1', '');
INSERT INTO `sys_role` VALUES ('402880e9622ceebb01622d0c571c0002', '测试角色', 'RC-TEST', '0', '2018-03-16 12:23:26', '2018-03-16 12:23:26', '3', '0', 0xE6B58BE8AF95E695B0E68DAE);
INSERT INTO `sys_role` VALUES ('402880e96286fbf501628711ac1c0000', '【角色】举报受理', 'RC-JBSL', '0', '2018-04-02 23:55:05', '2018-04-02 23:55:05', '3', '1', 0xE5A484E79086E4B8BEE68AA5E58D95E79A84E58F97E79086EFBC8CE585B3E88194E7BB8FE890A5E88085EFBC8CE8A1A5E58585E79BB8E585B3E4BFA1E681AF);
INSERT INTO `sys_role` VALUES ('402880e96286fbf5016287156cd10001', '【角色】科长', 'RC-COS', '0', '2018-04-02 23:59:11', '2018-04-02 23:59:11', '4', '1', 0xE5B882E59CBAE7A791E7A791E995BFEFBC8C434F53E4B8BAE88BB1E696874368696566206F662053656374696F6EE7BCA9E58699EFBC8C0D0AE4B8BBE8A681E8818CE8B4A3E5AEA1E6A0B8E4B8BEE68AA5E58D9526E69C80E7BB88E7A1AEE8AEA4);
INSERT INTO `sys_role` VALUES ('402880e96286fbf501628717e5060002', '【角色】分流专员', 'RC-FLZY', '0', '2018-04-03 00:01:52', '2018-04-03 00:01:52', '5', '1', 0xE8B49FE8B4A3E5B086E4B8BEE68AA5E58D95E58886E9858DE588B0E5AFB9E5BA94E79A84E7A791E5AEA4);
INSERT INTO `sys_role` VALUES ('402880e96286fbf50162871907410003', '【角色】业务办理', 'RC-YWBL', '0', '2018-04-03 00:03:07', '2018-04-03 00:03:07', '6', '1', 0xE5AE9EE696BDE8B083E7A094E38081E8B083E8A7A3E4B8BEE68AA5);
INSERT INTO `sys_role` VALUES ('R-01', '【角色】超级管理员', 'SUPER-ADMIN', '1', '2017-09-22 00:37:46', '2018-03-16 12:21:32', '0', '1', 0x537570657241646D696EEFBC8CE7BBB4E68AA4E7B3BBE7BB9FE5AE89E585A80D0AE4B88DE5BE97E588A0E999A4);

-- ----------------------------
-- Table structure for sys_role_menu
-- ----------------------------
DROP TABLE IF EXISTS `sys_role_menu`;
CREATE TABLE `sys_role_menu` (
  `ID` varchar(32) COLLATE utf8_bin NOT NULL,
  `ROLE_ID` varchar(32) COLLATE utf8_bin DEFAULT NULL,
  `MENU_ID` varchar(32) COLLATE utf8_bin DEFAULT NULL,
  `IS_INIT` int(11) DEFAULT NULL,
  PRIMARY KEY (`ID`) USING BTREE
) ENGINE=InnoDB DEFAULT CHARSET=utf8 COLLATE=utf8_bin ROW_FORMAT=COMPACT;

-- ----------------------------
-- Records of sys_role_menu
-- ----------------------------
INSERT INTO `sys_role_menu` VALUES ('402880e9623db18401623db6eeca0005', '402880e9622ceebb01622d0b84a40001', 'M-01', '0');
INSERT INTO `sys_role_menu` VALUES ('402880e9623db18401623db6f30a0006', '402880e9622ceebb01622d0b84a40001', '402880fe61a9142e0161a9159cfb0000', '0');
INSERT INTO `sys_role_menu` VALUES ('402880e9623db18401623db6f6ba0007', '402880e9622ceebb01622d0b84a40001', 'M-04', '0');
INSERT INTO `sys_role_menu` VALUES ('402880e9623db18401623db6f9ea0008', '402880e9622ceebb01622d0b84a40001', 'M-03', '0');
INSERT INTO `sys_role_menu` VALUES ('402880e9623db18401623db6fec90009', '402880e9622ceebb01622d0b84a40001', '402880fe61a9142e0161a94498d4002c', '0');
INSERT INTO `sys_role_menu` VALUES ('402880e9623db18401623db703c1000a', '402880e9622ceebb01622d0b84a40001', '402880fe61a9142e0161a944e9de002e', '0');
INSERT INTO `sys_role_menu` VALUES ('402880e9624c96be01624c9b4b850001', 'R-01', '402880e9624c96be01624c9b4b760000', '0');
INSERT INTO `sys_role_menu` VALUES ('402880e9624c96be01624c9fae230003', 'R-01', '402880e9624c96be01624c9fae230002', '0');
INSERT INTO `sys_role_menu` VALUES ('402880e9624c96be01624ca448ed0005', 'R-01', '402880e9624c96be01624ca448ed0004', '0');
INSERT INTO `sys_role_menu` VALUES ('402880e9624d3fb201624e1e74920001', 'R-01', '402880e9624d3fb201624e1e747b0000', '0');
INSERT INTO `sys_role_menu` VALUES ('402880e9624e3bd3016250b2bd520003', 'R-01', '402880e9624e3bd3016250b2bd4d0002', '0');
INSERT INTO `sys_role_menu` VALUES ('402880e9626f91f601626f9457700001', 'R-01', '402880e9626f91f601626f9437e50000', '0');
INSERT INTO `sys_role_menu` VALUES ('402880e9628ac60e01628ac805470002', '402880e9622ceebb01622cfee0f50000', '402880fe61a9142e0161a91e6ecd0002', '0');
INSERT INTO `sys_role_menu` VALUES ('402880e9628ac60e01628ac805470003', '402880e9622ceebb01622cfee0f50000', '402880fe61a9142e0161a922fbcb000a', '0');
INSERT INTO `sys_role_menu` VALUES ('402880e9628ac60e01628ac805480004', '402880e9622ceebb01622cfee0f50000', '402880fe61a9142e0161a9238543000c', '0');
INSERT INTO `sys_role_menu` VALUES ('402880e9628ac60e01628ac805480005', '402880e9622ceebb01622cfee0f50000', '402880fe61a9142e0161a923cb4f000e', '0');
INSERT INTO `sys_role_menu` VALUES ('402880e9628ac60e01628ac805480006', '402880e9622ceebb01622cfee0f50000', '402880fe61a9142e0161a9246eb00010', '0');
INSERT INTO `sys_role_menu` VALUES ('402880e9628ac60e01628ac805480007', '402880e9622ceebb01622cfee0f50000', '402880fe61a9142e0161a91f36f40004', '0');
INSERT INTO `sys_role_menu` VALUES ('402880e9628ac60e01628ac805480008', '402880e9622ceebb01622cfee0f50000', '402880fe61a9142e0161a925934f0012', '0');
INSERT INTO `sys_role_menu` VALUES ('402880e9628ac60e01628ac805480009', '402880e9622ceebb01622cfee0f50000', '402880fe61a9142e0161a9270e950018', '0');
INSERT INTO `sys_role_menu` VALUES ('402880e9628ac60e01628ac80548000a', '402880e9622ceebb01622cfee0f50000', '402880fe61a9142e0161a91fa3850006', '0');
INSERT INTO `sys_role_menu` VALUES ('402880e9628ac60e01628ac80548000b', '402880e9622ceebb01622cfee0f50000', '402880fe61a9142e0161a927b492001a', '0');
INSERT INTO `sys_role_menu` VALUES ('402880e9628ac60e01628ac80548000c', '402880e9622ceebb01622cfee0f50000', '402880fe61a9142e0161a92843f0001e', '0');
INSERT INTO `sys_role_menu` VALUES ('402880e9628ac60e01628ac80548000d', '402880e9622ceebb01622cfee0f50000', '402880fe61a9142e0161a92880fe0020', '0');
INSERT INTO `sys_role_menu` VALUES ('402880e9628ac60e01628ac80548000e', '402880e9622ceebb01622cfee0f50000', '402880e9624d3fb201624e1e747b0000', '0');
INSERT INTO `sys_role_menu` VALUES ('402880e9628bc18401628bc9b8690000', '402880e96286fbf501628711ac1c0000', '402880fe61a9142e0161a91f36f40004', '0');
INSERT INTO `sys_role_menu` VALUES ('402880e9628bc18401628bc9b8730001', '402880e96286fbf501628711ac1c0000', '402880fe61a9142e0161a925c4560014', '0');
INSERT INTO `sys_role_menu` VALUES ('402880e9628bc18401628bcba8d80009', '402880e96286fbf5016287156cd10001', '402880fe61a9142e0161a91f36f40004', '0');
INSERT INTO `sys_role_menu` VALUES ('402880e9628bc18401628bcba8d8000a', '402880e96286fbf5016287156cd10001', '402880fe61a9142e0161a925c4560014', '0');
INSERT INTO `sys_role_menu` VALUES ('402880e9628bc18401628bcba8d8000b', '402880e96286fbf5016287156cd10001', '402880fe61a9142e0161a9270e950018', '0');
INSERT INTO `sys_role_menu` VALUES ('402880e9628bc18401628bcba8d8000c', '402880e96286fbf5016287156cd10001', '402880fe61a9142e0161a9200b350008', '0');
INSERT INTO `sys_role_menu` VALUES ('402880e9628bc18401628bcba8d8000d', '402880e96286fbf5016287156cd10001', '402880fe61a9142e0161a929317b0022', '0');
INSERT INTO `sys_role_menu` VALUES ('402880e9628bc18401628bcba8d8000e', '402880e96286fbf5016287156cd10001', '402880fe61a9142e0161a9297d860024', '0');
INSERT INTO `sys_role_menu` VALUES ('402880e9628bc18401628bcba8d8000f', '402880e96286fbf5016287156cd10001', '402880fe61a9142e0161a929d3670026', '0');
INSERT INTO `sys_role_menu` VALUES ('402880e9628bc18401628bcba8d80010', '402880e96286fbf5016287156cd10001', '402880fe61a9142e0161a92a103e0028', '0');
INSERT INTO `sys_role_menu` VALUES ('402880e9629104760162910cc1300002', '402880e96286fbf501628717e5060002', '402880fe61a9142e0161a91f36f40004', '0');
INSERT INTO `sys_role_menu` VALUES ('402880e9629104760162910cc1310003', '402880e96286fbf501628717e5060002', '402880fe61a9142e0161a925c4560014', '0');
INSERT INTO `sys_role_menu` VALUES ('402880f062969971016296adf6bf0006', '402880e96286fbf50162871907410003', '402880fe61a9142e0161a91f36f40004', '0');
INSERT INTO `sys_role_menu` VALUES ('402880f062969971016296adf6bf0007', '402880e96286fbf50162871907410003', '402880fe61a9142e0161a925c4560014', '0');
INSERT INTO `sys_role_menu` VALUES ('402880f062969971016296adf6bf0008', '402880e96286fbf50162871907410003', '402880fe61a9142e0161a9265b080016', '0');
INSERT INTO `sys_role_menu` VALUES ('402880fe61a9142e0161a9159d0a0001', 'R-01', '402880fe61a9142e0161a9159cfb0000', '0');
INSERT INTO `sys_role_menu` VALUES ('402880fe61a9142e0161a91e6ecd0003', 'R-01', '402880fe61a9142e0161a91e6ecd0002', '0');
INSERT INTO `sys_role_menu` VALUES ('402880fe61a9142e0161a91f36f40005', 'R-01', '402880fe61a9142e0161a91f36f40004', '0');
INSERT INTO `sys_role_menu` VALUES ('402880fe61a9142e0161a91fa3850007', 'R-01', '402880fe61a9142e0161a91fa3850006', '0');
INSERT INTO `sys_role_menu` VALUES ('402880fe61a9142e0161a9200b350009', 'R-01', '402880fe61a9142e0161a9200b350008', '0');
INSERT INTO `sys_role_menu` VALUES ('402880fe61a9142e0161a922fbcb000b', 'R-01', '402880fe61a9142e0161a922fbcb000a', '0');
INSERT INTO `sys_role_menu` VALUES ('402880fe61a9142e0161a9238544000d', 'R-01', '402880fe61a9142e0161a9238543000c', '0');
INSERT INTO `sys_role_menu` VALUES ('402880fe61a9142e0161a923cb4f000f', 'R-01', '402880fe61a9142e0161a923cb4f000e', '0');
INSERT INTO `sys_role_menu` VALUES ('402880fe61a9142e0161a9246eb00011', 'R-01', '402880fe61a9142e0161a9246eb00010', '0');
INSERT INTO `sys_role_menu` VALUES ('402880fe61a9142e0161a925934f0013', 'R-01', '402880fe61a9142e0161a925934f0012', '0');
INSERT INTO `sys_role_menu` VALUES ('402880fe61a9142e0161a925c4560015', 'R-01', '402880fe61a9142e0161a925c4560014', '0');
INSERT INTO `sys_role_menu` VALUES ('402880fe61a9142e0161a9265b080017', 'R-01', '402880fe61a9142e0161a9265b080016', '0');
INSERT INTO `sys_role_menu` VALUES ('402880fe61a9142e0161a9270e960019', 'R-01', '402880fe61a9142e0161a9270e950018', '0');
INSERT INTO `sys_role_menu` VALUES ('402880fe61a9142e0161a927b493001b', 'R-01', '402880fe61a9142e0161a927b492001a', '0');
INSERT INTO `sys_role_menu` VALUES ('402880fe61a9142e0161a927f7ad001d', 'R-01', '402880fe61a9142e0161a927f7ad001c', '0');
INSERT INTO `sys_role_menu` VALUES ('402880fe61a9142e0161a92843f0001f', 'R-01', '402880fe61a9142e0161a92843f0001e', '0');
INSERT INTO `sys_role_menu` VALUES ('402880fe61a9142e0161a92880fe0021', 'R-01', '402880fe61a9142e0161a92880fe0020', '0');
INSERT INTO `sys_role_menu` VALUES ('402880fe61a9142e0161a929317c0023', 'R-01', '402880fe61a9142e0161a929317b0022', '0');
INSERT INTO `sys_role_menu` VALUES ('402880fe61a9142e0161a9297d860025', 'R-01', '402880fe61a9142e0161a9297d860024', '0');
INSERT INTO `sys_role_menu` VALUES ('402880fe61a9142e0161a929d3670027', 'R-01', '402880fe61a9142e0161a929d3670026', '0');
INSERT INTO `sys_role_menu` VALUES ('402880fe61a9142e0161a92a103e0029', 'R-01', '402880fe61a9142e0161a92a103e0028', '0');
INSERT INTO `sys_role_menu` VALUES ('402880fe61a9142e0161a94450cc002b', 'R-01', '402880fe61a9142e0161a94450cc002a', '0');
INSERT INTO `sys_role_menu` VALUES ('402880fe61a9142e0161a94498d4002d', 'R-01', '402880fe61a9142e0161a94498d4002c', '0');
INSERT INTO `sys_role_menu` VALUES ('402880fe61a9142e0161a944e9de002f', 'R-01', '402880fe61a9142e0161a944e9de002e', '0');
INSERT INTO `sys_role_menu` VALUES ('RM-01', 'R-01', 'M-01', '1');
INSERT INTO `sys_role_menu` VALUES ('RM-02', 'R-01', 'M-02', '1');
INSERT INTO `sys_role_menu` VALUES ('RM-03', 'R-01', 'M-03', '1');
INSERT INTO `sys_role_menu` VALUES ('RM-04', 'R-01', 'M-04', '1');
INSERT INTO `sys_role_menu` VALUES ('RM-05', 'R-01', 'M-05', '1');
INSERT INTO `sys_role_menu` VALUES ('RM-06', 'R-01', 'M-06', '1');
INSERT INTO `sys_role_menu` VALUES ('RM-07', 'R-01', '402880e95ecea712015ecea9e5770000', '0');

-- ----------------------------
-- Table structure for sys_user
-- ----------------------------
DROP TABLE IF EXISTS `sys_user`;
CREATE TABLE `sys_user` (
  `ID` varchar(32) COLLATE utf8_bin NOT NULL,
  `NAME` varchar(50) COLLATE utf8_bin DEFAULT NULL,
  `USERNAME` varchar(32) COLLATE utf8_bin DEFAULT NULL,
  `PASSWORD` varchar(32) COLLATE utf8_bin DEFAULT NULL,
  `GENDER` int(11) DEFAULT NULL,
  `BIRTHDAY` datetime DEFAULT NULL,
  `ORG_ID` varchar(32) COLLATE utf8_bin DEFAULT NULL,
  `IPHONE` varchar(20) COLLATE utf8_bin DEFAULT NULL,
  `MOBILE` varchar(11) COLLATE utf8_bin DEFAULT NULL,
  `ADDRESS` varchar(255) COLLATE utf8_bin DEFAULT NULL,
  `IS_INIT` int(11) DEFAULT NULL,
  `CREATE_DATE` datetime DEFAULT NULL,
  `UPDATE_DATE` datetime DEFAULT NULL,
  `SORT` int(11) DEFAULT NULL,
  `STATUS` int(11) DEFAULT NULL,
  `REMARK` longtext COLLATE utf8_bin,
  `WECHAT_OPENID` varchar(50) COLLATE utf8_bin DEFAULT NULL,
  PRIMARY KEY (`ID`) USING BTREE
) ENGINE=InnoDB DEFAULT CHARSET=utf8 COLLATE=utf8_bin ROW_FORMAT=COMPACT;

-- ----------------------------
-- Records of sys_user
-- ----------------------------
INSERT INTO `sys_user` VALUES ('402880e9622d8f1501622dd6fcc20000', '系统管理员', 'admin', 'df3d1c81a5ca4cfed892f31a73217c9e', '1', '2018-03-28 00:00:00', '402880e96219bb64016219c0ee8a0002', '', '', '陕西省西安市杨凌区', '0', '2018-03-16 16:04:46', '2018-04-03 00:11:54', '0', '1', '', null);
INSERT INTO `sys_user` VALUES ('402880e962335ed50162336460c20000', '张小杨', 'xiaoyang', '3de92c79ac437984ad92622a28eb0e5c', '2', '2018-03-17 00:00:00', '402880e96219bb64016219ccc7730009', '', '', '陕西省西安市杨凌区xxx家属区', '0', '2018-03-17 17:57:19', '2018-04-10 21:12:43', '2', '1', 0xE69DA8E5878CE58CBAE5B180E4B89AE58AA1E883BDE6898B, 'o36-E1IGlYvvG3x863X1nnQSKc4E');
INSERT INTO `sys_user` VALUES ('402880e96286a863016286b8f65f0000', '刘金花', 'liujinhua', 'f60099a55861e28f8d7f2a05211a6ff3', '1', null, '402880e96219bb64016219cd1dc2000a', '', '', '', '0', '2018-04-02 22:18:11', '2018-04-10 21:12:50', '3', '1', 0xE5B7A5E4B89AE59BADE5B180E4B89AE58AA1E883BDE6898B, 'o36-E1IGlYvvG3x863X1nnQSKc4E');
INSERT INTO `sys_user` VALUES ('402880e96286fbf50162871f51ea0006', '市场科科长', 'sckcos', '54023265e475abbe348278fe9d0b65f2', '1', null, '402880e96219bb64016219c563050003', '', '', '', '0', '2018-04-03 00:09:59', '2018-04-10 22:18:56', '1', '1', 0xE5B882E59CBAE7A791E88081E5A4A7, 'o36-E1NnlTjdgZOL5r7fC9wBs8qM');
INSERT INTO `sys_user` VALUES ('402880e96286fbf5016287207d540008', '王五', 'wangwu', 'b107139995a5b19bc98b4da291907615', '1', null, '402880e96219bb64016219cb5f160007', '', '', '', '0', '2018-04-03 00:11:16', '2018-04-10 21:12:25', '1', '1', 0xE4B893E4B89AE5A484E79086E4B8BEE68AA5E59FBAE69CACE4BFA1E681AF, 'o36-E1IGlYvvG3x863X1nnQSKc4E');
INSERT INTO `sys_user` VALUES ('402880e96286fbf5016287253dbf000a', '赵大伟', 'zhaodawei', 'bf29ad4507ce02ff2a5b551d233d1733', '1', null, '402880e96219bb64016219cb5f160007', '', '', '', '0', '2018-04-03 00:16:27', '2018-04-10 19:50:43', '2', '1', 0xE5B086E4B8BEE68AA5E58D95E58886E58F91, 'o36-E1IGlYvvG3x863X1nnQSKc4E');
INSERT INTO `sys_user` VALUES ('402880e9628ac60e01628ac79cf40000', '马老六', 'malaoliu', '51bcde06c6cfee6290d48f1de541ae62', '1', null, '402880e96219bb64016219cb5f160007', '', '', '', '0', '2018-04-03 17:12:40', '2018-04-03 17:12:40', '3', '1', '', null);
INSERT INTO `sys_user` VALUES ('U01', '超级管理员', 'administrator', '5aaaabde29eb440d40f84ab5db1a31e1', '1', '2017-09-22 00:00:00', '402880e96219bb64016219c0ee8a0002', '029-88888888', '18220683046', '陕西省西安市雁塔区天谷六路软件公寓2-1512', '1', '2017-09-22 00:32:41', '2018-04-10 19:53:32', '1', '1', 0xE68891E698AFE8B685E7BAA7E7AEA1E79086E59198, 'o36-E1IGlYvvG3x863X1nnQSKc4E');

-- ----------------------------
-- Table structure for sys_user_role
-- ----------------------------
DROP TABLE IF EXISTS `sys_user_role`;
CREATE TABLE `sys_user_role` (
  `ID` varchar(32) COLLATE utf8_bin NOT NULL,
  `USER_ID` varchar(32) COLLATE utf8_bin DEFAULT NULL,
  `ROLE_ID` varchar(32) COLLATE utf8_bin DEFAULT NULL,
  `IS_INIT` int(11) DEFAULT NULL,
  PRIMARY KEY (`ID`) USING BTREE
) ENGINE=InnoDB DEFAULT CHARSET=utf8 COLLATE=utf8_bin ROW_FORMAT=COMPACT;

-- ----------------------------
-- Records of sys_user_role
-- ----------------------------
INSERT INTO `sys_user_role` VALUES ('402880e9623f0c3d01623f1e5169000a', '402880e9622d8f1501622dd6fcc20000', '402880e9622ceebb01622d0b84a40001', '0');
INSERT INTO `sys_user_role` VALUES ('402880e96286fbf50162871db5590004', '402880e962335ed50162336460c20000', '402880e96286fbf50162871907410003', '0');
INSERT INTO `sys_user_role` VALUES ('402880e96286fbf50162871dcabf0005', '402880e96286a863016286b8f65f0000', '402880e96286fbf50162871907410003', '0');
INSERT INTO `sys_user_role` VALUES ('402880e96286fbf50162871fc2900007', '402880e96286fbf50162871f51ea0006', '402880e96286fbf5016287156cd10001', '0');
INSERT INTO `sys_user_role` VALUES ('402880e96286fbf50162872099410009', '402880e96286fbf5016287207d540008', '402880e96286fbf501628711ac1c0000', '0');
INSERT INTO `sys_user_role` VALUES ('402880e96286fbf5016287255b79000b', '402880e96286fbf5016287253dbf000a', '402880e96286fbf501628717e5060002', '0');
INSERT INTO `sys_user_role` VALUES ('402880e9628ac60e01628ac7b0670001', '402880e9628ac60e01628ac79cf40000', '402880e9622ceebb01622cfee0f50000', '0');
INSERT INTO `sys_user_role` VALUES ('UR-01', 'U01', 'R-01', '1');

-- ----------------------------
-- Table structure for wechat_view_cfg
-- ----------------------------
DROP TABLE IF EXISTS `wechat_view_cfg`;
CREATE TABLE `wechat_view_cfg` (
  `ID` varchar(32) COLLATE utf8_bin NOT NULL,
  `NAME` varchar(100) COLLATE utf8_bin DEFAULT NULL,
  `REDIRECT_PATH` longtext COLLATE utf8_bin,
  `CREATE_DATE` datetime DEFAULT NULL,
  `UPDATE_DATE` datetime DEFAULT NULL,
  `SORT` int(11) DEFAULT NULL,
  `STATUS` int(11) DEFAULT NULL,
  `REMARK` longtext COLLATE utf8_bin,
  PRIMARY KEY (`ID`) USING BTREE
) ENGINE=InnoDB DEFAULT CHARSET=utf8 COLLATE=utf8_bin ROW_FORMAT=COMPACT;

-- ----------------------------
-- Records of wechat_view_cfg
-- ----------------------------
INSERT INTO `wechat_view_cfg` VALUES ('002fcb32d4a04b60926ca94f0e437370', '失信行为举报', 0x2E2F776563686174416374696F6E21646973686F6E65737479456E746572566965772E616374696F6E, '2018-03-02 23:14:29', '2018-03-02 23:14:32', '1', '1', 0xE5BEAEE4BFA1E585ACE4BC97E58FB7E38090E6B688E8B4B9E7BBB4E69D83E380912D2D3EE38090E5A4B1E4BFA1E8A18CE4B8BAE4B8BEE68AA5E38091EFBC8CE59CA8E7BABFE4B8BEE68AA5E4B88DE889AFE7BB8FE890A5E88085);
INSERT INTO `wechat_view_cfg` VALUES ('397674dc0eec45799670de91393b27d8', '消费助手', 0x2E2F776563686174416374696F6E2168656C706572566965772E616374696F6E, '2018-03-05 23:04:34', '2018-03-05 23:04:36', '3', '1', 0xE5BEAEE4BFA1E585ACE4BC97E58FB7E38090E6B688E8B4B9E7BBB4E69D83E380912D2D3EE38090E6B688E8B4B9E58AA9E6898BE38091EFBC8CE69FA5E8AFA2E6B688E8B4B9E79BB8E585B3E4BFA1E681AF);
INSERT INTO `wechat_view_cfg` VALUES ('7bb2f6667fd94c5f8a9ab57fa48f2396', '失信行为查询', 0x2E2F776563686174416374696F6E21646973686F6E657374795175657279566965772E616374696F6E, '2018-03-03 00:20:43', '2018-03-03 00:20:45', '2', '1', 0xE5BEAEE4BFA1E585ACE4BC97E58FB7E38090E6B688E8B4B9E7BBB4E69D83E380912D2D3EE38090E5A4B1E4BFA1E8A18CE4B8BAE69FA5E8AFA2E38091EFBC8CE69FA5E8AFA2E7BB8FE890A5E88085E5A4B1E4BFA1E8A18CE4B8BA);
SET FOREIGN_KEY_CHECKS=1;
